INSERT INTO O_OBJ VALUES ( "00000000-0000-0000-0000-0000000000dd",'Order of Device',4,'OOD','',"00000000-0000-0000-0000-000000000000" );
INSERT INTO O_OBJ VALUES ( "00000000-0000-0000-0000-0000000000eb",'TestSuper',5,'TS','',"00000000-0000-0000-0000-000000000000" );
INSERT INTO O_OBJ VALUES ( "00000000-0000-0000-0000-0000000000ed",'Top Entity',1,'TE','',"00000000-0000-0000-0000-000000000000" );
INSERT INTO O_OBJ VALUES ( "00000000-0000-0000-0000-000000000112",'Worker',9,'W','',"00000000-0000-0000-0000-000000000000" );
INSERT INTO O_OBJ VALUES ( "00000000-0000-0000-0000-000000000152",'SubClass2',7,'SC2','',"00000000-0000-0000-0000-000000000000" );
INSERT INTO O_OBJ VALUES ( "00000000-0000-0000-0000-000000000158",'SubClass1',6,'SC1','',"00000000-0000-0000-0000-000000000000" );
INSERT INTO O_OBJ VALUES ( "00000000-0000-0000-0000-0000000000fa",'Middle Entity',2,'ME','',"00000000-0000-0000-0000-000000000000" );
INSERT INTO O_OBJ VALUES ( "00000000-0000-0000-0000-000000000168",'Mapping Middel To Lief',8,'MML','',"00000000-0000-0000-0000-000000000000" );
INSERT INTO O_OBJ VALUES ( "00000000-0000-0000-0000-0000000000e0",'Lief Device',3,'LD','@iotpnp',"00000000-0000-0000-0000-000000000000" );
INSERT INTO O_ATTR VALUES ( "00000000-0000-0000-0000-0000000000de","00000000-0000-0000-0000-0000000000dd","00000000-0000-0000-0000-000000000000",'OodId','','','OodId',0,"00000000-0000-0000-0000-0000000000df",'','' );
INSERT INTO O_ATTR VALUES ( "00000000-0000-0000-0000-0000000000e5","00000000-0000-0000-0000-0000000000dd","00000000-0000-0000-0000-0000000000de",'left_LiefDeviceId','','left_','LiefDeviceId',1,"00000000-0000-0000-0000-0000000000e7",'','' );
INSERT INTO O_ATTR VALUES ( "00000000-0000-0000-0000-0000000000e9","00000000-0000-0000-0000-0000000000dd","00000000-0000-0000-0000-0000000000e5",'right_LiefDeviceId','','right_','LiefDeviceId',1,"00000000-0000-0000-0000-0000000000e7",'','' );
INSERT INTO O_ATTR VALUES ( "00000000-0000-0000-0000-0000000000ec","00000000-0000-0000-0000-0000000000eb","00000000-0000-0000-0000-000000000000",'TSId','','','TSId',0,"00000000-0000-0000-0000-0000000000df",'','' );
INSERT INTO O_ATTR VALUES ( "00000000-0000-0000-0000-00000000010e","00000000-0000-0000-0000-0000000000ed","00000000-0000-0000-0000-000000000000",'TopEntityId','','','TopEntityId',0,"00000000-0000-0000-0000-0000000000df",'','' );
INSERT INTO O_ATTR VALUES ( "00000000-0000-0000-0000-00000000010f","00000000-0000-0000-0000-0000000000ed","00000000-0000-0000-0000-00000000010e",'X','','','X',0,"00000000-0000-0000-0000-00000000000c",'','' );
INSERT INTO O_ATTR VALUES ( "00000000-0000-0000-0000-000000000110","00000000-0000-0000-0000-0000000000ed","00000000-0000-0000-0000-00000000010f",'S','','','S',0,"00000000-0000-0000-0000-00000000006c",'','' );
INSERT INTO O_ATTR VALUES ( "00000000-0000-0000-0000-000000000111","00000000-0000-0000-0000-0000000000ed","00000000-0000-0000-0000-000000000110",'TestInterval','','','TestInterval',0,"00000000-0000-0000-0000-00000000000c",'','' );
INSERT INTO O_ATTR VALUES ( "00000000-0000-0000-0000-000000000113","00000000-0000-0000-0000-000000000112","00000000-0000-0000-0000-000000000000",'WId','','','WId',0,"00000000-0000-0000-0000-0000000000df",'','' );
INSERT INTO O_ATTR VALUES ( "00000000-0000-0000-0000-000000000114","00000000-0000-0000-0000-000000000112","00000000-0000-0000-0000-000000000113",'current_state','','','current_state',0,"00000000-0000-0000-0000-000000000115",'','' );
INSERT INTO O_ATTR VALUES ( "00000000-0000-0000-0000-000000000119","00000000-0000-0000-0000-000000000112","00000000-0000-0000-0000-000000000114",'LiefDeviceId','','','LiefDeviceId',0,"00000000-0000-0000-0000-0000000000e7",'','' );
INSERT INTO O_ATTR VALUES ( "00000000-0000-0000-0000-000000000156","00000000-0000-0000-0000-000000000152","00000000-0000-0000-0000-000000000000",'TSId','','','TSId',0,"00000000-0000-0000-0000-0000000000e7",'','' );
INSERT INTO O_ATTR VALUES ( "00000000-0000-0000-0000-00000000015a","00000000-0000-0000-0000-000000000158","00000000-0000-0000-0000-000000000000",'TSId','','','TSId',0,"00000000-0000-0000-0000-0000000000e7",'','' );
INSERT INTO O_ATTR VALUES ( "00000000-0000-0000-0000-000000000160","00000000-0000-0000-0000-0000000000fa","00000000-0000-0000-0000-000000000000",'MiddleEntityId','','','MiddleEntityId',0,"00000000-0000-0000-0000-0000000000df",'','' );
INSERT INTO O_ATTR VALUES ( "00000000-0000-0000-0000-000000000163","00000000-0000-0000-0000-0000000000fa","00000000-0000-0000-0000-000000000160",'TopEntityId','','','TopEntityId',0,"00000000-0000-0000-0000-0000000000e7",'','' );
INSERT INTO O_ATTR VALUES ( "00000000-0000-0000-0000-000000000165","00000000-0000-0000-0000-0000000000fa","00000000-0000-0000-0000-000000000163",'Comfortable','','','Comfortable',0,"00000000-0000-0000-0000-000000000041",'','' );
INSERT INTO O_ATTR VALUES ( "00000000-0000-0000-0000-000000000166","00000000-0000-0000-0000-0000000000fa","00000000-0000-0000-0000-000000000165",'PreferredTemperature','','','PreferredTemperature',0,"00000000-0000-0000-0000-00000000000c",'','' );
INSERT INTO O_ATTR VALUES ( "00000000-0000-0000-0000-000000000167","00000000-0000-0000-0000-0000000000fa","00000000-0000-0000-0000-000000000166",'PreferredHumidity','','','PreferredHumidity',0,"00000000-0000-0000-0000-00000000000c",'','' );
INSERT INTO O_ATTR VALUES ( "00000000-0000-0000-0000-000000000169","00000000-0000-0000-0000-000000000168","00000000-0000-0000-0000-000000000000",'MMLId','','','MMLId',0,"00000000-0000-0000-0000-0000000000df",'','' );
INSERT INTO O_ATTR VALUES ( "00000000-0000-0000-0000-00000000016d","00000000-0000-0000-0000-000000000168","00000000-0000-0000-0000-000000000169",'MiddleEntityId','','','MiddleEntityId',0,"00000000-0000-0000-0000-0000000000e7",'','' );
INSERT INTO O_ATTR VALUES ( "00000000-0000-0000-0000-000000000170","00000000-0000-0000-0000-000000000168","00000000-0000-0000-0000-00000000016d",'LiefDeviceId','','','LiefDeviceId',0,"00000000-0000-0000-0000-0000000000e7",'','' );
INSERT INTO O_ATTR VALUES ( "00000000-0000-0000-0000-0000000000e1","00000000-0000-0000-0000-0000000000e0","00000000-0000-0000-0000-000000000000",'LiefDeviceId','@iotpnp(deviceid,exclude)','','LiefDeviceId',0,"00000000-0000-0000-0000-0000000000df",'','' );
INSERT INTO O_ATTR VALUES ( "00000000-0000-0000-0000-000000000184","00000000-0000-0000-0000-0000000000e0","00000000-0000-0000-0000-0000000000e1",'Environment','@iotpnp(telemetry)','','Environment',0,"00000000-0000-0000-0000-0000000000d6",'','' );
INSERT INTO O_ATTR VALUES ( "00000000-0000-0000-0000-000000000185","00000000-0000-0000-0000-0000000000e0","00000000-0000-0000-0000-000000000184",'Number','','','Number',0,"00000000-0000-0000-0000-00000000000c",'','' );
INSERT INTO O_ATTR VALUES ( "00000000-0000-0000-0000-000000000188","00000000-0000-0000-0000-0000000000e0","00000000-0000-0000-0000-000000000185",'MiddleEntityId','@iotpnp(exclude)','','MiddleEntityId',0,"00000000-0000-0000-0000-0000000000e7",'','' );
INSERT INTO O_ATTR VALUES ( "00000000-0000-0000-0000-00000000018a","00000000-0000-0000-0000-0000000000e0","00000000-0000-0000-0000-000000000188",'RequestInterval','','','RequestInterval',0,"00000000-0000-0000-0000-00000000000c",'','' );
INSERT INTO O_ATTR VALUES ( "00000000-0000-0000-0000-00000000018b","00000000-0000-0000-0000-0000000000e0","00000000-0000-0000-0000-00000000018a",'CurrentInterval','@iotpnp(readonly)','','CurrentInterval',0,"00000000-0000-0000-0000-00000000000c",'','' );
INSERT INTO O_ATTR VALUES ( "00000000-0000-0000-0000-00000000018c","00000000-0000-0000-0000-0000000000e0","00000000-0000-0000-0000-00000000018b",'DeviceStatus','@iotpnp(readonly)','','DeviceStatus',0,"00000000-0000-0000-0000-00000000006c",'','' );
INSERT INTO O_ATTR VALUES ( "00000000-0000-0000-0000-00000000018d","00000000-0000-0000-0000-0000000000e0","00000000-0000-0000-0000-00000000018c",'current_state','@iotpnp(exclude)','','current_state',0,"00000000-0000-0000-0000-000000000115",'','' );
INSERT INTO O_ID VALUES ( 0,"00000000-0000-0000-0000-0000000000dd" );
INSERT INTO O_ID VALUES ( 1,"00000000-0000-0000-0000-0000000000dd" );
INSERT INTO O_ID VALUES ( 2,"00000000-0000-0000-0000-0000000000dd" );
INSERT INTO O_ID VALUES ( 0,"00000000-0000-0000-0000-0000000000eb" );
INSERT INTO O_ID VALUES ( 1,"00000000-0000-0000-0000-0000000000eb" );
INSERT INTO O_ID VALUES ( 2,"00000000-0000-0000-0000-0000000000eb" );
INSERT INTO O_ID VALUES ( 0,"00000000-0000-0000-0000-0000000000ed" );
INSERT INTO O_ID VALUES ( 1,"00000000-0000-0000-0000-0000000000ed" );
INSERT INTO O_ID VALUES ( 2,"00000000-0000-0000-0000-0000000000ed" );
INSERT INTO O_ID VALUES ( 0,"00000000-0000-0000-0000-000000000112" );
INSERT INTO O_ID VALUES ( 1,"00000000-0000-0000-0000-000000000112" );
INSERT INTO O_ID VALUES ( 2,"00000000-0000-0000-0000-000000000112" );
INSERT INTO O_ID VALUES ( 0,"00000000-0000-0000-0000-000000000152" );
INSERT INTO O_ID VALUES ( 1,"00000000-0000-0000-0000-000000000152" );
INSERT INTO O_ID VALUES ( 2,"00000000-0000-0000-0000-000000000152" );
INSERT INTO O_ID VALUES ( 0,"00000000-0000-0000-0000-000000000158" );
INSERT INTO O_ID VALUES ( 1,"00000000-0000-0000-0000-000000000158" );
INSERT INTO O_ID VALUES ( 2,"00000000-0000-0000-0000-000000000158" );
INSERT INTO O_ID VALUES ( 0,"00000000-0000-0000-0000-0000000000fa" );
INSERT INTO O_ID VALUES ( 1,"00000000-0000-0000-0000-0000000000fa" );
INSERT INTO O_ID VALUES ( 2,"00000000-0000-0000-0000-0000000000fa" );
INSERT INTO O_ID VALUES ( 0,"00000000-0000-0000-0000-000000000168" );
INSERT INTO O_ID VALUES ( 1,"00000000-0000-0000-0000-000000000168" );
INSERT INTO O_ID VALUES ( 2,"00000000-0000-0000-0000-000000000168" );
INSERT INTO O_ID VALUES ( 0,"00000000-0000-0000-0000-0000000000e0" );
INSERT INTO O_ID VALUES ( 1,"00000000-0000-0000-0000-0000000000e0" );
INSERT INTO O_ID VALUES ( 2,"00000000-0000-0000-0000-0000000000e0" );
INSERT INTO O_OIDA VALUES ( "00000000-0000-0000-0000-0000000000de","00000000-0000-0000-0000-0000000000dd",0,'OodId' );
INSERT INTO O_OIDA VALUES ( "00000000-0000-0000-0000-0000000000e5","00000000-0000-0000-0000-0000000000dd",1,'left_LiefDeviceId' );
INSERT INTO O_OIDA VALUES ( "00000000-0000-0000-0000-0000000000e9","00000000-0000-0000-0000-0000000000dd",1,'right_LiefDeviceId' );
INSERT INTO O_OIDA VALUES ( "00000000-0000-0000-0000-0000000000ec","00000000-0000-0000-0000-0000000000eb",0,'TSId' );
INSERT INTO O_OIDA VALUES ( "00000000-0000-0000-0000-00000000010e","00000000-0000-0000-0000-0000000000ed",0,'TopEntityId' );
INSERT INTO O_OIDA VALUES ( "00000000-0000-0000-0000-000000000113","00000000-0000-0000-0000-000000000112",0,'WId' );
INSERT INTO O_OIDA VALUES ( "00000000-0000-0000-0000-000000000156","00000000-0000-0000-0000-000000000152",0,'TSId' );
INSERT INTO O_OIDA VALUES ( "00000000-0000-0000-0000-00000000015a","00000000-0000-0000-0000-000000000158",0,'TSId' );
INSERT INTO O_OIDA VALUES ( "00000000-0000-0000-0000-000000000160","00000000-0000-0000-0000-0000000000fa",0,'MiddleEntityId' );
INSERT INTO O_OIDA VALUES ( "00000000-0000-0000-0000-000000000169","00000000-0000-0000-0000-000000000168",0,'MMLId' );
INSERT INTO O_OIDA VALUES ( "00000000-0000-0000-0000-00000000016d","00000000-0000-0000-0000-000000000168",1,'MiddleEntityId' );
INSERT INTO O_OIDA VALUES ( "00000000-0000-0000-0000-000000000170","00000000-0000-0000-0000-000000000168",1,'LiefDeviceId' );
INSERT INTO O_OIDA VALUES ( "00000000-0000-0000-0000-0000000000e1","00000000-0000-0000-0000-0000000000e0",0,'LiefDeviceId' );
INSERT INTO O_OIDA VALUES ( "00000000-0000-0000-0000-000000000185","00000000-0000-0000-0000-0000000000e0",1,'Number' );
INSERT INTO O_OIDA VALUES ( "00000000-0000-0000-0000-000000000188","00000000-0000-0000-0000-0000000000e0",1,'MiddleEntityId' );
INSERT INTO O_BATTR VALUES ( "00000000-0000-0000-0000-0000000000de","00000000-0000-0000-0000-0000000000dd" );
INSERT INTO O_BATTR VALUES ( "00000000-0000-0000-0000-0000000000ec","00000000-0000-0000-0000-0000000000eb" );
INSERT INTO O_BATTR VALUES ( "00000000-0000-0000-0000-00000000010e","00000000-0000-0000-0000-0000000000ed" );
INSERT INTO O_BATTR VALUES ( "00000000-0000-0000-0000-00000000010f","00000000-0000-0000-0000-0000000000ed" );
INSERT INTO O_BATTR VALUES ( "00000000-0000-0000-0000-000000000110","00000000-0000-0000-0000-0000000000ed" );
INSERT INTO O_BATTR VALUES ( "00000000-0000-0000-0000-000000000111","00000000-0000-0000-0000-0000000000ed" );
INSERT INTO O_BATTR VALUES ( "00000000-0000-0000-0000-000000000113","00000000-0000-0000-0000-000000000112" );
INSERT INTO O_BATTR VALUES ( "00000000-0000-0000-0000-000000000114","00000000-0000-0000-0000-000000000112" );
INSERT INTO O_BATTR VALUES ( "00000000-0000-0000-0000-000000000160","00000000-0000-0000-0000-0000000000fa" );
INSERT INTO O_BATTR VALUES ( "00000000-0000-0000-0000-000000000165","00000000-0000-0000-0000-0000000000fa" );
INSERT INTO O_BATTR VALUES ( "00000000-0000-0000-0000-000000000166","00000000-0000-0000-0000-0000000000fa" );
INSERT INTO O_BATTR VALUES ( "00000000-0000-0000-0000-000000000167","00000000-0000-0000-0000-0000000000fa" );
INSERT INTO O_BATTR VALUES ( "00000000-0000-0000-0000-000000000169","00000000-0000-0000-0000-000000000168" );
INSERT INTO O_BATTR VALUES ( "00000000-0000-0000-0000-0000000000e1","00000000-0000-0000-0000-0000000000e0" );
INSERT INTO O_BATTR VALUES ( "00000000-0000-0000-0000-000000000184","00000000-0000-0000-0000-0000000000e0" );
INSERT INTO O_BATTR VALUES ( "00000000-0000-0000-0000-000000000185","00000000-0000-0000-0000-0000000000e0" );
INSERT INTO O_BATTR VALUES ( "00000000-0000-0000-0000-00000000018a","00000000-0000-0000-0000-0000000000e0" );
INSERT INTO O_BATTR VALUES ( "00000000-0000-0000-0000-00000000018b","00000000-0000-0000-0000-0000000000e0" );
INSERT INTO O_BATTR VALUES ( "00000000-0000-0000-0000-00000000018c","00000000-0000-0000-0000-0000000000e0" );
INSERT INTO O_BATTR VALUES ( "00000000-0000-0000-0000-00000000018d","00000000-0000-0000-0000-0000000000e0" );
INSERT INTO O_NBATTR VALUES ( "00000000-0000-0000-0000-0000000000de","00000000-0000-0000-0000-0000000000dd" );
INSERT INTO O_NBATTR VALUES ( "00000000-0000-0000-0000-0000000000ec","00000000-0000-0000-0000-0000000000eb" );
INSERT INTO O_NBATTR VALUES ( "00000000-0000-0000-0000-00000000010e","00000000-0000-0000-0000-0000000000ed" );
INSERT INTO O_NBATTR VALUES ( "00000000-0000-0000-0000-00000000010f","00000000-0000-0000-0000-0000000000ed" );
INSERT INTO O_NBATTR VALUES ( "00000000-0000-0000-0000-000000000110","00000000-0000-0000-0000-0000000000ed" );
INSERT INTO O_NBATTR VALUES ( "00000000-0000-0000-0000-000000000111","00000000-0000-0000-0000-0000000000ed" );
INSERT INTO O_NBATTR VALUES ( "00000000-0000-0000-0000-000000000113","00000000-0000-0000-0000-000000000112" );
INSERT INTO O_NBATTR VALUES ( "00000000-0000-0000-0000-000000000114","00000000-0000-0000-0000-000000000112" );
INSERT INTO O_NBATTR VALUES ( "00000000-0000-0000-0000-000000000160","00000000-0000-0000-0000-0000000000fa" );
INSERT INTO O_NBATTR VALUES ( "00000000-0000-0000-0000-000000000165","00000000-0000-0000-0000-0000000000fa" );
INSERT INTO O_NBATTR VALUES ( "00000000-0000-0000-0000-000000000166","00000000-0000-0000-0000-0000000000fa" );
INSERT INTO O_NBATTR VALUES ( "00000000-0000-0000-0000-000000000167","00000000-0000-0000-0000-0000000000fa" );
INSERT INTO O_NBATTR VALUES ( "00000000-0000-0000-0000-000000000169","00000000-0000-0000-0000-000000000168" );
INSERT INTO O_NBATTR VALUES ( "00000000-0000-0000-0000-0000000000e1","00000000-0000-0000-0000-0000000000e0" );
INSERT INTO O_NBATTR VALUES ( "00000000-0000-0000-0000-000000000184","00000000-0000-0000-0000-0000000000e0" );
INSERT INTO O_NBATTR VALUES ( "00000000-0000-0000-0000-000000000185","00000000-0000-0000-0000-0000000000e0" );
INSERT INTO O_NBATTR VALUES ( "00000000-0000-0000-0000-00000000018a","00000000-0000-0000-0000-0000000000e0" );
INSERT INTO O_NBATTR VALUES ( "00000000-0000-0000-0000-00000000018b","00000000-0000-0000-0000-0000000000e0" );
INSERT INTO O_NBATTR VALUES ( "00000000-0000-0000-0000-00000000018c","00000000-0000-0000-0000-0000000000e0" );
INSERT INTO O_NBATTR VALUES ( "00000000-0000-0000-0000-00000000018d","00000000-0000-0000-0000-0000000000e0" );
INSERT INTO O_RATTR VALUES ( "00000000-0000-0000-0000-0000000000e5","00000000-0000-0000-0000-0000000000dd","00000000-0000-0000-0000-0000000000e1","00000000-0000-0000-0000-0000000000e0",1,'LiefDeviceId' );
INSERT INTO O_RATTR VALUES ( "00000000-0000-0000-0000-0000000000e9","00000000-0000-0000-0000-0000000000dd","00000000-0000-0000-0000-0000000000e1","00000000-0000-0000-0000-0000000000e0",1,'LiefDeviceId' );
INSERT INTO O_RATTR VALUES ( "00000000-0000-0000-0000-000000000119","00000000-0000-0000-0000-000000000112","00000000-0000-0000-0000-0000000000e1","00000000-0000-0000-0000-0000000000e0",1,'LiefDeviceId' );
INSERT INTO O_RATTR VALUES ( "00000000-0000-0000-0000-000000000156","00000000-0000-0000-0000-000000000152","00000000-0000-0000-0000-0000000000ec","00000000-0000-0000-0000-0000000000eb",1,'TSId' );
INSERT INTO O_RATTR VALUES ( "00000000-0000-0000-0000-00000000015a","00000000-0000-0000-0000-000000000158","00000000-0000-0000-0000-0000000000ec","00000000-0000-0000-0000-0000000000eb",1,'TSId' );
INSERT INTO O_RATTR VALUES ( "00000000-0000-0000-0000-000000000163","00000000-0000-0000-0000-0000000000fa","00000000-0000-0000-0000-00000000010e","00000000-0000-0000-0000-0000000000ed",1,'TopEntityId' );
INSERT INTO O_RATTR VALUES ( "00000000-0000-0000-0000-00000000016d","00000000-0000-0000-0000-000000000168","00000000-0000-0000-0000-000000000160","00000000-0000-0000-0000-0000000000fa",1,'MiddleEntityId' );
INSERT INTO O_RATTR VALUES ( "00000000-0000-0000-0000-000000000170","00000000-0000-0000-0000-000000000168","00000000-0000-0000-0000-0000000000e1","00000000-0000-0000-0000-0000000000e0",1,'LiefDeviceId' );
INSERT INTO O_RATTR VALUES ( "00000000-0000-0000-0000-000000000188","00000000-0000-0000-0000-0000000000e0","00000000-0000-0000-0000-000000000160","00000000-0000-0000-0000-0000000000fa",1,'MiddleEntityId' );
INSERT INTO S_CDT VALUES ( "00000000-0000-0000-0000-00000000005e",0 );
INSERT INTO S_CDT VALUES ( "00000000-0000-0000-0000-000000000041",1 );
INSERT INTO S_CDT VALUES ( "00000000-0000-0000-0000-00000000000c",2 );
INSERT INTO S_CDT VALUES ( "00000000-0000-0000-0000-000000000066",3 );
INSERT INTO S_CDT VALUES ( "00000000-0000-0000-0000-00000000006c",4 );
INSERT INTO S_CDT VALUES ( "00000000-0000-0000-0000-0000000000df",5 );
INSERT INTO S_CDT VALUES ( "00000000-0000-0000-0000-000000000115",6 );
INSERT INTO S_CDT VALUES ( "00000000-0000-0000-0000-0000000000e7",7 );
INSERT INTO S_CDT VALUES ( "00000000-0000-0000-0000-000000000100",8 );
INSERT INTO S_CDT VALUES ( "00000000-0000-0000-0000-000000000102",9 );
INSERT INTO S_CDT VALUES ( "00000000-0000-0000-0000-000000000034",10 );
INSERT INTO S_CDT VALUES ( "00000000-0000-0000-0000-00000000025b",11 );
INSERT INTO S_CDT VALUES ( "00000000-0000-0000-0000-00000000025c",12 );
INSERT INTO S_CDT VALUES ( "00000000-0000-0000-0000-00000000025d",13 );
INSERT INTO O_REF VALUES ( "00000000-0000-0000-0000-0000000000dd","00000000-0000-0000-0000-0000000000e0",0,"00000000-0000-0000-0000-0000000000e1","00000000-0000-0000-0000-0000000000e2","00000000-0000-0000-0000-0000000000e3","00000000-0000-0000-0000-0000000000e4","00000000-0000-0000-0000-0000000000e5","00000000-0000-0000-0000-0000000000e6","00000000-0000-0000-0000-000000000000",0,'','Lief Device','LiefDeviceId','R3.''right''' );
INSERT INTO O_REF VALUES ( "00000000-0000-0000-0000-0000000000dd","00000000-0000-0000-0000-0000000000e0",0,"00000000-0000-0000-0000-0000000000e1","00000000-0000-0000-0000-0000000000e2","00000000-0000-0000-0000-0000000000e3","00000000-0000-0000-0000-0000000000e8","00000000-0000-0000-0000-0000000000e9","00000000-0000-0000-0000-0000000000ea","00000000-0000-0000-0000-000000000000",0,'','Lief Device','LiefDeviceId','R3.''left''' );
INSERT INTO O_REF VALUES ( "00000000-0000-0000-0000-000000000112","00000000-0000-0000-0000-0000000000e0",0,"00000000-0000-0000-0000-0000000000e1","00000000-0000-0000-0000-000000000116","00000000-0000-0000-0000-000000000117","00000000-0000-0000-0000-000000000118","00000000-0000-0000-0000-000000000119","00000000-0000-0000-0000-00000000011a","00000000-0000-0000-0000-000000000000",0,'','Lief Device','LiefDeviceId','R6.''target''' );
INSERT INTO O_REF VALUES ( "00000000-0000-0000-0000-000000000152","00000000-0000-0000-0000-0000000000eb",0,"00000000-0000-0000-0000-0000000000ec","00000000-0000-0000-0000-000000000153","00000000-0000-0000-0000-000000000154","00000000-0000-0000-0000-000000000155","00000000-0000-0000-0000-000000000156","00000000-0000-0000-0000-000000000157","00000000-0000-0000-0000-000000000000",0,'','TestSuper','TSId','R4' );
INSERT INTO O_REF VALUES ( "00000000-0000-0000-0000-000000000158","00000000-0000-0000-0000-0000000000eb",0,"00000000-0000-0000-0000-0000000000ec","00000000-0000-0000-0000-000000000153","00000000-0000-0000-0000-000000000159","00000000-0000-0000-0000-000000000155","00000000-0000-0000-0000-00000000015a","00000000-0000-0000-0000-00000000015b","00000000-0000-0000-0000-000000000000",0,'','TestSuper','TSId','R4' );
INSERT INTO O_REF VALUES ( "00000000-0000-0000-0000-0000000000fa","00000000-0000-0000-0000-0000000000ed",0,"00000000-0000-0000-0000-00000000010e","00000000-0000-0000-0000-0000000000f9","00000000-0000-0000-0000-000000000161","00000000-0000-0000-0000-000000000162","00000000-0000-0000-0000-000000000163","00000000-0000-0000-0000-000000000164","00000000-0000-0000-0000-000000000000",0,'','Top Entity','TopEntityId','R1' );
INSERT INTO O_REF VALUES ( "00000000-0000-0000-0000-000000000168","00000000-0000-0000-0000-0000000000fa",0,"00000000-0000-0000-0000-000000000160","00000000-0000-0000-0000-00000000016a","00000000-0000-0000-0000-00000000016b","00000000-0000-0000-0000-00000000016c","00000000-0000-0000-0000-00000000016d","00000000-0000-0000-0000-00000000016e","00000000-0000-0000-0000-000000000000",0,'','Middle Entity','MiddleEntityId','R5.''middle''' );
INSERT INTO O_REF VALUES ( "00000000-0000-0000-0000-000000000168","00000000-0000-0000-0000-0000000000e0",0,"00000000-0000-0000-0000-0000000000e1","00000000-0000-0000-0000-00000000016a","00000000-0000-0000-0000-00000000016b","00000000-0000-0000-0000-00000000016f","00000000-0000-0000-0000-000000000170","00000000-0000-0000-0000-000000000171","00000000-0000-0000-0000-000000000000",0,'','Lief Device','LiefDeviceId','R5.''lief''' );
INSERT INTO O_REF VALUES ( "00000000-0000-0000-0000-0000000000e0","00000000-0000-0000-0000-0000000000fa",0,"00000000-0000-0000-0000-000000000160","00000000-0000-0000-0000-000000000108","00000000-0000-0000-0000-000000000186","00000000-0000-0000-0000-000000000187","00000000-0000-0000-0000-000000000188","00000000-0000-0000-0000-000000000189","00000000-0000-0000-0000-000000000000",0,'','Middle Entity','MiddleEntityId','R2' );
INSERT INTO O_RTIDA VALUES ( "00000000-0000-0000-0000-00000000010e","00000000-0000-0000-0000-0000000000ed",0,"00000000-0000-0000-0000-0000000000f9","00000000-0000-0000-0000-000000000162" );
INSERT INTO O_RTIDA VALUES ( "00000000-0000-0000-0000-000000000160","00000000-0000-0000-0000-0000000000fa",0,"00000000-0000-0000-0000-000000000108","00000000-0000-0000-0000-000000000187" );
INSERT INTO O_RTIDA VALUES ( "00000000-0000-0000-0000-0000000000e1","00000000-0000-0000-0000-0000000000e0",0,"00000000-0000-0000-0000-0000000000e2","00000000-0000-0000-0000-0000000000e4" );
INSERT INTO O_RTIDA VALUES ( "00000000-0000-0000-0000-0000000000e1","00000000-0000-0000-0000-0000000000e0",0,"00000000-0000-0000-0000-0000000000e2","00000000-0000-0000-0000-0000000000e8" );
INSERT INTO O_RTIDA VALUES ( "00000000-0000-0000-0000-0000000000ec","00000000-0000-0000-0000-0000000000eb",0,"00000000-0000-0000-0000-000000000153","00000000-0000-0000-0000-000000000155" );
INSERT INTO O_RTIDA VALUES ( "00000000-0000-0000-0000-000000000160","00000000-0000-0000-0000-0000000000fa",0,"00000000-0000-0000-0000-00000000016a","00000000-0000-0000-0000-00000000016c" );
INSERT INTO O_RTIDA VALUES ( "00000000-0000-0000-0000-0000000000e1","00000000-0000-0000-0000-0000000000e0",0,"00000000-0000-0000-0000-00000000016a","00000000-0000-0000-0000-00000000016f" );
INSERT INTO O_RTIDA VALUES ( "00000000-0000-0000-0000-0000000000e1","00000000-0000-0000-0000-0000000000e0",0,"00000000-0000-0000-0000-000000000116","00000000-0000-0000-0000-000000000118" );
INSERT INTO O_TFR VALUES ( "00000000-0000-0000-0000-0000000000ee","00000000-0000-0000-0000-0000000000ed",'GetNumberOfLiefDevices','',"00000000-0000-0000-0000-00000000000c",1,'numOfLD = 0;
SELECT MANY mdSet RELATED BY SELF->ME[R1.''child''];
FOR EACH md IN mdSet
	SELECT MANY ldSet RELATED BY md->LD[R2.''measurement''];
	numOfLD = numOfLD + CARDINALITY ldSet;
END FOR;
RETURN numOfLD;',1,'',"00000000-0000-0000-0000-000000000000",0,1 );
INSERT INTO O_TFR VALUES ( "00000000-0000-0000-0000-00000000015c","00000000-0000-0000-0000-0000000000fa",'Command','',"00000000-0000-0000-0000-00000000005e",1,'',1,'',"00000000-0000-0000-0000-000000000000",0,1 );
INSERT INTO O_TFR VALUES ( "00000000-0000-0000-0000-000000000172","00000000-0000-0000-0000-0000000000e0",'Command','',"00000000-0000-0000-0000-00000000005e",1,'',1,'',"00000000-0000-0000-0000-000000000000",0,1 );
INSERT INTO O_TFR VALUES ( "00000000-0000-0000-0000-000000000176","00000000-0000-0000-0000-0000000000e0",'MeasureEnvironment','',"00000000-0000-0000-0000-00000000005e",1,'',1,'',"00000000-0000-0000-0000-000000000172",0,2 );
INSERT INTO O_TFR VALUES ( "00000000-0000-0000-0000-000000000179","00000000-0000-0000-0000-0000000000e0",'CommandWithResult','',"00000000-0000-0000-0000-00000000006c",1,'result = "";

return result;',1,'',"00000000-0000-0000-0000-000000000176",0,3 );
INSERT INTO O_TPARM VALUES ( "00000000-0000-0000-0000-00000000015d","00000000-0000-0000-0000-00000000015c",'order',"00000000-0000-0000-0000-00000000006c",0,'',"00000000-0000-0000-0000-000000000000",'' );
INSERT INTO O_TPARM VALUES ( "00000000-0000-0000-0000-000000000173","00000000-0000-0000-0000-000000000172",'order',"00000000-0000-0000-0000-00000000006c",0,'',"00000000-0000-0000-0000-000000000000",'' );
INSERT INTO O_TPARM VALUES ( "00000000-0000-0000-0000-00000000017a","00000000-0000-0000-0000-000000000179",'mode',"00000000-0000-0000-0000-00000000000c",0,'',"00000000-0000-0000-0000-000000000000",'' );
INSERT INTO O_TPARM VALUES ( "00000000-0000-0000-0000-00000000017b","00000000-0000-0000-0000-000000000179",'operation',"00000000-0000-0000-0000-00000000006c",0,'',"00000000-0000-0000-0000-00000000017a",'' );
INSERT INTO S_UDT VALUES ( "00000000-0000-0000-0000-000000000007","00000000-0000-0000-0000-00000000025b",1,'' );
INSERT INTO S_UDT VALUES ( "00000000-0000-0000-0000-000000000031","00000000-0000-0000-0000-00000000025c",3,'' );
INSERT INTO S_UDT VALUES ( "00000000-0000-0000-0000-00000000002d","00000000-0000-0000-0000-00000000000c",2,'' );
INSERT INTO S_BRG VALUES ( "00000000-0000-0000-0000-000000000006","00000000-0000-0000-0000-000000000005",'current_date','',1,"00000000-0000-0000-0000-000000000007",'',1,'',0 );
INSERT INTO S_BRG VALUES ( "00000000-0000-0000-0000-00000000000a","00000000-0000-0000-0000-000000000005",'create_date','',1,"00000000-0000-0000-0000-000000000007",'',1,'',0 );
INSERT INTO S_BRG VALUES ( "00000000-0000-0000-0000-000000000014","00000000-0000-0000-0000-000000000005",'get_second','',1,"00000000-0000-0000-0000-00000000000c",'',1,'',0 );
INSERT INTO S_BRG VALUES ( "00000000-0000-0000-0000-000000000018","00000000-0000-0000-0000-000000000005",'get_minute','',1,"00000000-0000-0000-0000-00000000000c",'',1,'',0 );
INSERT INTO S_BRG VALUES ( "00000000-0000-0000-0000-00000000001c","00000000-0000-0000-0000-000000000005",'get_hour','',1,"00000000-0000-0000-0000-00000000000c",'',1,'',0 );
INSERT INTO S_BRG VALUES ( "00000000-0000-0000-0000-000000000020","00000000-0000-0000-0000-000000000005",'get_day','',1,"00000000-0000-0000-0000-00000000000c",'',1,'',0 );
INSERT INTO S_BRG VALUES ( "00000000-0000-0000-0000-000000000024","00000000-0000-0000-0000-000000000005",'get_month','',1,"00000000-0000-0000-0000-00000000000c",'',1,'',0 );
INSERT INTO S_BRG VALUES ( "00000000-0000-0000-0000-000000000028","00000000-0000-0000-0000-000000000005",'get_year','',1,"00000000-0000-0000-0000-00000000000c",'',1,'',0 );
INSERT INTO S_BRG VALUES ( "00000000-0000-0000-0000-00000000002c","00000000-0000-0000-0000-000000000005",'current_clock','',1,"00000000-0000-0000-0000-00000000002d",'',1,'',0 );
INSERT INTO S_BRG VALUES ( "00000000-0000-0000-0000-000000000030","00000000-0000-0000-0000-000000000005",'timer_start','',1,"00000000-0000-0000-0000-000000000031",'',1,'',0 );
INSERT INTO S_BRG VALUES ( "00000000-0000-0000-0000-000000000037","00000000-0000-0000-0000-000000000005",'timer_start_recurring','',1,"00000000-0000-0000-0000-000000000031",'',1,'',0 );
INSERT INTO S_BRG VALUES ( "00000000-0000-0000-0000-00000000003c","00000000-0000-0000-0000-000000000005",'timer_remaining_time','',1,"00000000-0000-0000-0000-00000000000c",'',1,'',0 );
INSERT INTO S_BRG VALUES ( "00000000-0000-0000-0000-000000000040","00000000-0000-0000-0000-000000000005",'timer_reset_time','',1,"00000000-0000-0000-0000-000000000041",'',1,'',0 );
INSERT INTO S_BRG VALUES ( "00000000-0000-0000-0000-000000000046","00000000-0000-0000-0000-000000000005",'timer_add_time','',1,"00000000-0000-0000-0000-000000000041",'',1,'',0 );
INSERT INTO S_BRG VALUES ( "00000000-0000-0000-0000-00000000004b","00000000-0000-0000-0000-000000000005",'timer_cancel','',1,"00000000-0000-0000-0000-000000000041",'',1,'',0 );
INSERT INTO S_BRG VALUES ( "00000000-0000-0000-0000-00000000004f","00000000-0000-0000-0000-000000000005",'time_add','',0,"00000000-0000-0000-0000-00000000002d",'',1,'',0 );
INSERT INTO S_BRG VALUES ( "00000000-0000-0000-0000-000000000057","00000000-0000-0000-0000-000000000005",'time_duration','',0,"00000000-0000-0000-0000-00000000000c",'',1,'',0 );
INSERT INTO S_BRG VALUES ( "00000000-0000-0000-0000-00000000005d","00000000-0000-0000-0000-00000000005c",'seed','',0,"00000000-0000-0000-0000-00000000005e",'',1,'',0 );
INSERT INTO S_BRG VALUES ( "00000000-0000-0000-0000-000000000062","00000000-0000-0000-0000-00000000005c",'nextinteger','',0,"00000000-0000-0000-0000-00000000000c",'',1,'',0 );
INSERT INTO S_BRG VALUES ( "00000000-0000-0000-0000-000000000065","00000000-0000-0000-0000-00000000005c",'nextreal','',0,"00000000-0000-0000-0000-000000000066",'',1,'',0 );
INSERT INTO S_BRG VALUES ( "00000000-0000-0000-0000-00000000006a","00000000-0000-0000-0000-000000000069",'charindex','',0,"00000000-0000-0000-0000-00000000000c",'',1,'',0 );
INSERT INTO S_BRG VALUES ( "00000000-0000-0000-0000-000000000071","00000000-0000-0000-0000-000000000069",'concat','',0,"00000000-0000-0000-0000-00000000006c",'',1,'',0 );
INSERT INTO S_BRG VALUES ( "00000000-0000-0000-0000-000000000076","00000000-0000-0000-0000-000000000069",'left','',0,"00000000-0000-0000-0000-00000000006c",'',1,'',0 );
INSERT INTO S_BRG VALUES ( "00000000-0000-0000-0000-00000000007b","00000000-0000-0000-0000-000000000069",'len','',0,"00000000-0000-0000-0000-00000000000c",'',1,'',0 );
INSERT INTO S_BRG VALUES ( "00000000-0000-0000-0000-00000000007f","00000000-0000-0000-0000-000000000069",'lower','',0,"00000000-0000-0000-0000-00000000006c",'',1,'',0 );
INSERT INTO S_BRG VALUES ( "00000000-0000-0000-0000-000000000083","00000000-0000-0000-0000-000000000069",'ltrim','',0,"00000000-0000-0000-0000-00000000006c",'',1,'',0 );
INSERT INTO S_BRG VALUES ( "00000000-0000-0000-0000-000000000087","00000000-0000-0000-0000-000000000069",'match','',0,"00000000-0000-0000-0000-00000000006c",'',1,'',0 );
INSERT INTO S_BRG VALUES ( "00000000-0000-0000-0000-00000000008c","00000000-0000-0000-0000-000000000069",'replace','',0,"00000000-0000-0000-0000-00000000006c",'',1,'',0 );
INSERT INTO S_BRG VALUES ( "00000000-0000-0000-0000-000000000092","00000000-0000-0000-0000-000000000069",'replicate','',0,"00000000-0000-0000-0000-00000000006c",'',1,'',0 );
INSERT INTO S_BRG VALUES ( "00000000-0000-0000-0000-000000000097","00000000-0000-0000-0000-000000000069",'reverse','',0,"00000000-0000-0000-0000-00000000006c",'',1,'',0 );
INSERT INTO S_BRG VALUES ( "00000000-0000-0000-0000-00000000009b","00000000-0000-0000-0000-000000000069",'right','',0,"00000000-0000-0000-0000-00000000006c",'',1,'',0 );
INSERT INTO S_BRG VALUES ( "00000000-0000-0000-0000-0000000000a0","00000000-0000-0000-0000-000000000069",'rtrim','',0,"00000000-0000-0000-0000-00000000006c",'',1,'',0 );
INSERT INTO S_BRG VALUES ( "00000000-0000-0000-0000-0000000000a4","00000000-0000-0000-0000-000000000069",'substring','',0,"00000000-0000-0000-0000-00000000006c",'',1,'',0 );
INSERT INTO S_BRG VALUES ( "00000000-0000-0000-0000-0000000000aa","00000000-0000-0000-0000-000000000069",'trim','',0,"00000000-0000-0000-0000-00000000006c",'',1,'',0 );
INSERT INTO S_BRG VALUES ( "00000000-0000-0000-0000-0000000000ae","00000000-0000-0000-0000-000000000069",'upper','',0,"00000000-0000-0000-0000-00000000006c",'',1,'',0 );
INSERT INTO S_BRG VALUES ( "00000000-0000-0000-0000-0000000000b2","00000000-0000-0000-0000-000000000069",'tobool','',0,"00000000-0000-0000-0000-000000000041",'',1,'',0 );
INSERT INTO S_BRG VALUES ( "00000000-0000-0000-0000-0000000000b6","00000000-0000-0000-0000-000000000069",'tointeger','',0,"00000000-0000-0000-0000-00000000000c",'',1,'',0 );
INSERT INTO S_BRG VALUES ( "00000000-0000-0000-0000-0000000000ba","00000000-0000-0000-0000-000000000069",'toreal','',0,"00000000-0000-0000-0000-000000000066",'',1,'',0 );
INSERT INTO S_BRG VALUES ( "00000000-0000-0000-0000-0000000000be","00000000-0000-0000-0000-000000000069",'todate','',0,"00000000-0000-0000-0000-000000000007",'',1,'',0 );
INSERT INTO S_BRG VALUES ( "00000000-0000-0000-0000-0000000000c2","00000000-0000-0000-0000-000000000069",'frombool','',0,"00000000-0000-0000-0000-00000000006c",'',1,'',0 );
INSERT INTO S_BRG VALUES ( "00000000-0000-0000-0000-0000000000c6","00000000-0000-0000-0000-000000000069",'frominteger','',0,"00000000-0000-0000-0000-00000000006c",'',1,'',0 );
INSERT INTO S_BRG VALUES ( "00000000-0000-0000-0000-0000000000ca","00000000-0000-0000-0000-000000000069",'fromreal','',0,"00000000-0000-0000-0000-00000000006c",'',1,'',0 );
INSERT INTO S_BRG VALUES ( "00000000-0000-0000-0000-0000000000ce","00000000-0000-0000-0000-000000000069",'fromdate','',0,"00000000-0000-0000-0000-00000000006c",'',1,'',0 );
INSERT INTO S_BRG VALUES ( "00000000-0000-0000-0000-0000000000d2","00000000-0000-0000-0000-000000000069",'newguid','',0,"00000000-0000-0000-0000-00000000006c",'',1,'',0 );
INSERT INTO S_BPARM VALUES ( "00000000-0000-0000-0000-00000000000b","00000000-0000-0000-0000-00000000000a",'second',"00000000-0000-0000-0000-00000000000c",0,'',"00000000-0000-0000-0000-00000000000d",'' );
INSERT INTO S_BPARM VALUES ( "00000000-0000-0000-0000-00000000000e","00000000-0000-0000-0000-00000000000a",'minute',"00000000-0000-0000-0000-00000000000c",0,'',"00000000-0000-0000-0000-00000000000f",'' );
INSERT INTO S_BPARM VALUES ( "00000000-0000-0000-0000-00000000000f","00000000-0000-0000-0000-00000000000a",'hour',"00000000-0000-0000-0000-00000000000c",0,'',"00000000-0000-0000-0000-000000000010",'' );
INSERT INTO S_BPARM VALUES ( "00000000-0000-0000-0000-000000000010","00000000-0000-0000-0000-00000000000a",'day',"00000000-0000-0000-0000-00000000000c",0,'',"00000000-0000-0000-0000-000000000000",'' );
INSERT INTO S_BPARM VALUES ( "00000000-0000-0000-0000-00000000000d","00000000-0000-0000-0000-00000000000a",'month',"00000000-0000-0000-0000-00000000000c",0,'',"00000000-0000-0000-0000-00000000000e",'' );
INSERT INTO S_BPARM VALUES ( "00000000-0000-0000-0000-000000000011","00000000-0000-0000-0000-00000000000a",'year',"00000000-0000-0000-0000-00000000000c",0,'',"00000000-0000-0000-0000-00000000000b",'' );
INSERT INTO S_BPARM VALUES ( "00000000-0000-0000-0000-000000000015","00000000-0000-0000-0000-000000000014",'date',"00000000-0000-0000-0000-000000000007",0,'',"00000000-0000-0000-0000-000000000000",'' );
INSERT INTO S_BPARM VALUES ( "00000000-0000-0000-0000-000000000019","00000000-0000-0000-0000-000000000018",'date',"00000000-0000-0000-0000-000000000007",0,'',"00000000-0000-0000-0000-000000000000",'' );
INSERT INTO S_BPARM VALUES ( "00000000-0000-0000-0000-00000000001d","00000000-0000-0000-0000-00000000001c",'date',"00000000-0000-0000-0000-000000000007",0,'',"00000000-0000-0000-0000-000000000000",'' );
INSERT INTO S_BPARM VALUES ( "00000000-0000-0000-0000-000000000021","00000000-0000-0000-0000-000000000020",'date',"00000000-0000-0000-0000-000000000007",0,'',"00000000-0000-0000-0000-000000000000",'' );
INSERT INTO S_BPARM VALUES ( "00000000-0000-0000-0000-000000000025","00000000-0000-0000-0000-000000000024",'date',"00000000-0000-0000-0000-000000000007",0,'',"00000000-0000-0000-0000-000000000000",'' );
INSERT INTO S_BPARM VALUES ( "00000000-0000-0000-0000-000000000029","00000000-0000-0000-0000-000000000028",'date',"00000000-0000-0000-0000-000000000007",0,'',"00000000-0000-0000-0000-000000000000",'' );
INSERT INTO S_BPARM VALUES ( "00000000-0000-0000-0000-000000000032","00000000-0000-0000-0000-000000000030",'microseconds',"00000000-0000-0000-0000-00000000000c",0,'',"00000000-0000-0000-0000-000000000033",'' );
INSERT INTO S_BPARM VALUES ( "00000000-0000-0000-0000-000000000033","00000000-0000-0000-0000-000000000030",'event_inst',"00000000-0000-0000-0000-000000000034",0,'',"00000000-0000-0000-0000-000000000000",'' );
INSERT INTO S_BPARM VALUES ( "00000000-0000-0000-0000-000000000038","00000000-0000-0000-0000-000000000037",'microseconds',"00000000-0000-0000-0000-00000000000c",0,'',"00000000-0000-0000-0000-000000000039",'' );
INSERT INTO S_BPARM VALUES ( "00000000-0000-0000-0000-000000000039","00000000-0000-0000-0000-000000000037",'event_inst',"00000000-0000-0000-0000-000000000034",0,'',"00000000-0000-0000-0000-000000000000",'' );
INSERT INTO S_BPARM VALUES ( "00000000-0000-0000-0000-00000000003d","00000000-0000-0000-0000-00000000003c",'timer_inst_ref',"00000000-0000-0000-0000-000000000031",0,'',"00000000-0000-0000-0000-000000000000",'' );
INSERT INTO S_BPARM VALUES ( "00000000-0000-0000-0000-000000000042","00000000-0000-0000-0000-000000000040",'timer_inst_ref',"00000000-0000-0000-0000-000000000031",0,'',"00000000-0000-0000-0000-000000000043",'' );
INSERT INTO S_BPARM VALUES ( "00000000-0000-0000-0000-000000000043","00000000-0000-0000-0000-000000000040",'microseconds',"00000000-0000-0000-0000-00000000000c",0,'',"00000000-0000-0000-0000-000000000000",'' );
INSERT INTO S_BPARM VALUES ( "00000000-0000-0000-0000-000000000047","00000000-0000-0000-0000-000000000046",'timer_inst_ref',"00000000-0000-0000-0000-000000000031",0,'',"00000000-0000-0000-0000-000000000048",'' );
INSERT INTO S_BPARM VALUES ( "00000000-0000-0000-0000-000000000048","00000000-0000-0000-0000-000000000046",'microseconds',"00000000-0000-0000-0000-00000000000c",0,'',"00000000-0000-0000-0000-000000000000",'' );
INSERT INTO S_BPARM VALUES ( "00000000-0000-0000-0000-00000000004c","00000000-0000-0000-0000-00000000004b",'timer_inst_ref',"00000000-0000-0000-0000-000000000031",0,'',"00000000-0000-0000-0000-000000000000",'' );
INSERT INTO S_BPARM VALUES ( "00000000-0000-0000-0000-000000000050","00000000-0000-0000-0000-00000000004f",'days',"00000000-0000-0000-0000-00000000000c",0,'',"00000000-0000-0000-0000-000000000000",'' );
INSERT INTO S_BPARM VALUES ( "00000000-0000-0000-0000-000000000051","00000000-0000-0000-0000-00000000004f",'hours',"00000000-0000-0000-0000-00000000000c",0,'',"00000000-0000-0000-0000-000000000050",'' );
INSERT INTO S_BPARM VALUES ( "00000000-0000-0000-0000-000000000052","00000000-0000-0000-0000-00000000004f",'minutes',"00000000-0000-0000-0000-00000000000c",0,'',"00000000-0000-0000-0000-000000000051",'' );
INSERT INTO S_BPARM VALUES ( "00000000-0000-0000-0000-000000000053","00000000-0000-0000-0000-00000000004f",'seconds',"00000000-0000-0000-0000-00000000000c",0,'',"00000000-0000-0000-0000-000000000052",'' );
INSERT INTO S_BPARM VALUES ( "00000000-0000-0000-0000-000000000054","00000000-0000-0000-0000-00000000004f",'time',"00000000-0000-0000-0000-00000000002d",0,'',"00000000-0000-0000-0000-000000000053",'' );
INSERT INTO S_BPARM VALUES ( "00000000-0000-0000-0000-000000000058","00000000-0000-0000-0000-000000000057",'timestamp1',"00000000-0000-0000-0000-00000000002d",0,'',"00000000-0000-0000-0000-000000000000",'' );
INSERT INTO S_BPARM VALUES ( "00000000-0000-0000-0000-000000000059","00000000-0000-0000-0000-000000000057",'timestamp2',"00000000-0000-0000-0000-00000000002d",0,'',"00000000-0000-0000-0000-000000000058",'' );
INSERT INTO S_BPARM VALUES ( "00000000-0000-0000-0000-00000000005f","00000000-0000-0000-0000-00000000005d",'seed',"00000000-0000-0000-0000-00000000000c",0,'',"00000000-0000-0000-0000-000000000000",'' );
INSERT INTO S_BPARM VALUES ( "00000000-0000-0000-0000-00000000006b","00000000-0000-0000-0000-00000000006a",'expressionToFind',"00000000-0000-0000-0000-00000000006c",0,'',"00000000-0000-0000-0000-000000000000",'' );
INSERT INTO S_BPARM VALUES ( "00000000-0000-0000-0000-00000000006d","00000000-0000-0000-0000-00000000006a",'expressionToSearch',"00000000-0000-0000-0000-00000000006c",0,'',"00000000-0000-0000-0000-00000000006b",'' );
INSERT INTO S_BPARM VALUES ( "00000000-0000-0000-0000-00000000006e","00000000-0000-0000-0000-00000000006a",'startLocation',"00000000-0000-0000-0000-00000000000c",0,'',"00000000-0000-0000-0000-00000000006d",'' );
INSERT INTO S_BPARM VALUES ( "00000000-0000-0000-0000-000000000072","00000000-0000-0000-0000-000000000071",'expression1',"00000000-0000-0000-0000-00000000006c",0,'',"00000000-0000-0000-0000-000000000000",'' );
INSERT INTO S_BPARM VALUES ( "00000000-0000-0000-0000-000000000073","00000000-0000-0000-0000-000000000071",'expression2',"00000000-0000-0000-0000-00000000006c",0,'',"00000000-0000-0000-0000-000000000072",'' );
INSERT INTO S_BPARM VALUES ( "00000000-0000-0000-0000-000000000077","00000000-0000-0000-0000-000000000076",'expression',"00000000-0000-0000-0000-00000000006c",0,'',"00000000-0000-0000-0000-000000000000",'' );
INSERT INTO S_BPARM VALUES ( "00000000-0000-0000-0000-000000000078","00000000-0000-0000-0000-000000000076",'length',"00000000-0000-0000-0000-00000000000c",0,'',"00000000-0000-0000-0000-000000000077",'' );
INSERT INTO S_BPARM VALUES ( "00000000-0000-0000-0000-00000000007c","00000000-0000-0000-0000-00000000007b",'expression',"00000000-0000-0000-0000-00000000006c",0,'',"00000000-0000-0000-0000-000000000000",'' );
INSERT INTO S_BPARM VALUES ( "00000000-0000-0000-0000-000000000080","00000000-0000-0000-0000-00000000007f",'expression',"00000000-0000-0000-0000-00000000006c",0,'',"00000000-0000-0000-0000-000000000000",'' );
INSERT INTO S_BPARM VALUES ( "00000000-0000-0000-0000-000000000084","00000000-0000-0000-0000-000000000083",'expression',"00000000-0000-0000-0000-00000000006c",0,'',"00000000-0000-0000-0000-000000000000",'' );
INSERT INTO S_BPARM VALUES ( "00000000-0000-0000-0000-000000000088","00000000-0000-0000-0000-000000000087",'pattern',"00000000-0000-0000-0000-00000000006c",0,'',"00000000-0000-0000-0000-000000000089",'' );
INSERT INTO S_BPARM VALUES ( "00000000-0000-0000-0000-000000000089","00000000-0000-0000-0000-000000000087",'expression',"00000000-0000-0000-0000-00000000006c",0,'',"00000000-0000-0000-0000-000000000000",'' );
INSERT INTO S_BPARM VALUES ( "00000000-0000-0000-0000-00000000008d","00000000-0000-0000-0000-00000000008c",'expression',"00000000-0000-0000-0000-00000000006c",0,'',"00000000-0000-0000-0000-000000000000",'' );
INSERT INTO S_BPARM VALUES ( "00000000-0000-0000-0000-00000000008e","00000000-0000-0000-0000-00000000008c",'pattern',"00000000-0000-0000-0000-00000000006c",0,'',"00000000-0000-0000-0000-00000000008d",'' );
INSERT INTO S_BPARM VALUES ( "00000000-0000-0000-0000-00000000008f","00000000-0000-0000-0000-00000000008c",'replacement',"00000000-0000-0000-0000-00000000006c",0,'',"00000000-0000-0000-0000-00000000008e",'' );
INSERT INTO S_BPARM VALUES ( "00000000-0000-0000-0000-000000000093","00000000-0000-0000-0000-000000000092",'expression',"00000000-0000-0000-0000-00000000006c",0,'',"00000000-0000-0000-0000-000000000000",'' );
INSERT INTO S_BPARM VALUES ( "00000000-0000-0000-0000-000000000094","00000000-0000-0000-0000-000000000092",'round',"00000000-0000-0000-0000-00000000000c",0,'',"00000000-0000-0000-0000-000000000093",'' );
INSERT INTO S_BPARM VALUES ( "00000000-0000-0000-0000-000000000098","00000000-0000-0000-0000-000000000097",'expression',"00000000-0000-0000-0000-00000000006c",0,'',"00000000-0000-0000-0000-000000000000",'' );
INSERT INTO S_BPARM VALUES ( "00000000-0000-0000-0000-00000000009c","00000000-0000-0000-0000-00000000009b",'expression',"00000000-0000-0000-0000-00000000006c",0,'',"00000000-0000-0000-0000-000000000000",'' );
INSERT INTO S_BPARM VALUES ( "00000000-0000-0000-0000-00000000009d","00000000-0000-0000-0000-00000000009b",'length',"00000000-0000-0000-0000-00000000000c",0,'',"00000000-0000-0000-0000-00000000009c",'' );
INSERT INTO S_BPARM VALUES ( "00000000-0000-0000-0000-0000000000a1","00000000-0000-0000-0000-0000000000a0",'expression',"00000000-0000-0000-0000-00000000006c",0,'',"00000000-0000-0000-0000-000000000000",'' );
INSERT INTO S_BPARM VALUES ( "00000000-0000-0000-0000-0000000000a5","00000000-0000-0000-0000-0000000000a4",'expression',"00000000-0000-0000-0000-00000000006c",0,'',"00000000-0000-0000-0000-000000000000",'' );
INSERT INTO S_BPARM VALUES ( "00000000-0000-0000-0000-0000000000a6","00000000-0000-0000-0000-0000000000a4",'start',"00000000-0000-0000-0000-00000000000c",0,'',"00000000-0000-0000-0000-0000000000a7",'' );
INSERT INTO S_BPARM VALUES ( "00000000-0000-0000-0000-0000000000a7","00000000-0000-0000-0000-0000000000a4",'length',"00000000-0000-0000-0000-00000000000c",0,'',"00000000-0000-0000-0000-0000000000a5",'' );
INSERT INTO S_BPARM VALUES ( "00000000-0000-0000-0000-0000000000ab","00000000-0000-0000-0000-0000000000aa",'expression',"00000000-0000-0000-0000-00000000006c",0,'',"00000000-0000-0000-0000-000000000000",'' );
INSERT INTO S_BPARM VALUES ( "00000000-0000-0000-0000-0000000000af","00000000-0000-0000-0000-0000000000ae",'expression',"00000000-0000-0000-0000-00000000006c",0,'',"00000000-0000-0000-0000-000000000000",'' );
INSERT INTO S_BPARM VALUES ( "00000000-0000-0000-0000-0000000000b3","00000000-0000-0000-0000-0000000000b2",'expression',"00000000-0000-0000-0000-00000000006c",0,'',"00000000-0000-0000-0000-000000000000",'' );
INSERT INTO S_BPARM VALUES ( "00000000-0000-0000-0000-0000000000b7","00000000-0000-0000-0000-0000000000b6",'expression',"00000000-0000-0000-0000-00000000006c",0,'',"00000000-0000-0000-0000-000000000000",'' );
INSERT INTO S_BPARM VALUES ( "00000000-0000-0000-0000-0000000000bb","00000000-0000-0000-0000-0000000000ba",'expression',"00000000-0000-0000-0000-00000000006c",0,'',"00000000-0000-0000-0000-000000000000",'' );
INSERT INTO S_BPARM VALUES ( "00000000-0000-0000-0000-0000000000bf","00000000-0000-0000-0000-0000000000be",'expression',"00000000-0000-0000-0000-00000000006c",0,'',"00000000-0000-0000-0000-000000000000",'' );
INSERT INTO S_BPARM VALUES ( "00000000-0000-0000-0000-0000000000c3","00000000-0000-0000-0000-0000000000c2",'value',"00000000-0000-0000-0000-000000000041",0,'',"00000000-0000-0000-0000-000000000000",'' );
INSERT INTO S_BPARM VALUES ( "00000000-0000-0000-0000-0000000000c7","00000000-0000-0000-0000-0000000000c6",'value',"00000000-0000-0000-0000-00000000000c",0,'',"00000000-0000-0000-0000-000000000000",'' );
INSERT INTO S_BPARM VALUES ( "00000000-0000-0000-0000-0000000000cb","00000000-0000-0000-0000-0000000000ca",'value',"00000000-0000-0000-0000-000000000066",0,'',"00000000-0000-0000-0000-000000000000",'' );
INSERT INTO S_BPARM VALUES ( "00000000-0000-0000-0000-0000000000cf","00000000-0000-0000-0000-0000000000ce",'value',"00000000-0000-0000-0000-000000000007",0,'',"00000000-0000-0000-0000-000000000000",'' );
INSERT INTO EP_PKG VALUES ( "00000000-0000-0000-0000-000000000002","00000000-0000-0000-0000-000000000001","00000000-0000-0000-0000-000000000001",'ADTTM','',0 );
INSERT INTO EP_PKG VALUES ( "00000000-0000-0000-0000-000000000004","00000000-0000-0000-0000-000000000000","00000000-0000-0000-0000-000000000001",'External Entities','',0 );
INSERT INTO EP_PKG VALUES ( "00000000-0000-0000-0000-0000000000d5","00000000-0000-0000-0000-000000000000","00000000-0000-0000-0000-000000000001",'ADTTestModel','',0 );
INSERT INTO S_SYNC VALUES ( "00000000-0000-0000-0000-0000000001a3","00000000-0000-0000-0000-000000000000",'TestSelectInstances','','SELECT ANY middleEntity FROM INSTANCES OF ME;
SELECT MANY middleEntities FROM INSTANCES OF ME;
SELECT ANY middleEntity FROM INSTANCES OF ME WHERE selected.Comfortable == True;
SELECT MANY middileEntities FROM INSTANCES OF ME WHERE (selected.PreferredHumidity > 50 AND selected.PreferredHumidity < 25) OR selected.Comfortable == False;
 ',"00000000-0000-0000-0000-00000000005e",1,'',0,1 );
INSERT INTO S_SYNC VALUES ( "00000000-0000-0000-0000-0000000001bf","00000000-0000-0000-0000-000000000000",'TestSelectRelated','','SELECT ANY middleEntity FROM INSTANCES OF ME;
SELECT ONE topEntity RELATED BY middleEntity->TE[R1];
SELECT ANY liefDevice RELATED BY middleEntity->LD[R2.''measurement''];
SELECT ANY liefDeice RELATED BY middleEntity->LD[R2.''measurement''] WHERE selected.Environment.Temperature == 25;
SELECT MANY liefDevices RELATED BY middleEntity->LD[R2.''measurement''];
SELECT MANY liefDevices RELATED BY middleEntity->LD[R2.''measurement''] WHERE selected.Environment.Humidity > 50 AND selected.CurrentInterval < 10000;
',"00000000-0000-0000-0000-00000000005e",1,'',0,2 );
INSERT INTO S_SYNC VALUES ( "00000000-0000-0000-0000-0000000001e6","00000000-0000-0000-0000-000000000000",'TestInitialize','','SELECT ANY topEntity FROM INSTANCES OF TE;
IF empty topEntity
	CREATE OBJECT INSTANCE topEntity OF TE;
	topEntity.X = 10;
	topEntity.S = "hello";
	
	index = 0;
	WHILE index < 2
		CREATE OBJECT INSTANCE middleEntity OF ME;
		middleEntity.Comfortable = False;
		middleEntity.PreferredHumidity = 49 + index * 2;
		middleEntity.PreferredTemperature = 27 - index;
		RELATE middleEntity TO topEntity ACROSS R1;
		dindex = 0;
		WHILE dindex < 3
			CREATE OBJECT INSTANCE liefDevice OF LD;
			liefDevice.Number = dindex;
			liefDevice.RequestInterval = 10000;
			RELATE middleEntity TO liefDevice ACROSS R2;
			dindex = dindex + 1;
		END WHILE;
		index = index + 1;
	END WHILE;
END IF;',"00000000-0000-0000-0000-00000000005e",1,'',0,3 );
INSERT INTO S_SYNC VALUES ( "00000000-0000-0000-0000-000000000234","00000000-0000-0000-0000-000000000000",'ClearInstances','','SELECT MANY teSet FROM INSTANCES OF TE;
FOR EACH te IN teSet
	SELECT MANY meSet RELATED BY te->ME[R1.''child''];
	FOR EACH me IN meSet
		SELECT MANY ldSet RELATED BY me->LD[R2.''measurement''];
		FOR EACH ld IN ldSet
			UNRELATE ld FROM me ACROSS R2;
			DELETE OBJECT INSTANCE ld;
		END FOR;
		UNRELATE te FROM me ACROSS R1;
		DELETE OBJECT INSTANCE me;
	END FOR;
	DELETE OBJECT INSTANCE te;
END FOR;
',"00000000-0000-0000-0000-00000000005e",1,'',0,4 );
INSERT INTO S_SYNC VALUES ( "00000000-0000-0000-0000-00000000024f","00000000-0000-0000-0000-000000000000",'TestExternalEntity','','text = "abc";
text_length = STR::len( expression:text );
',"00000000-0000-0000-0000-00000000005e",1,'',0,5 );
INSERT INTO S_SYS VALUES ( "00000000-0000-0000-0000-000000000001",'ADTTestModel',1 );
INSERT INTO TE_OIR VALUES ( 'W_R6','form','','',0,0,"00000000-0000-0000-0000-000000000117","00000000-0000-0000-0000-000000000112","00000000-0000-0000-0000-000000000116" );
INSERT INTO TE_OIR VALUES ( 'LD_R6_target','part','','target',0,1,"00000000-0000-0000-0000-000000000118","00000000-0000-0000-0000-0000000000e0","00000000-0000-0000-0000-000000000116" );
INSERT INTO TE_OIR VALUES ( 'MML_R5','assr','','',0,0,"00000000-0000-0000-0000-00000000016b","00000000-0000-0000-0000-000000000168","00000000-0000-0000-0000-00000000016a" );
INSERT INTO TE_OIR VALUES ( 'LD_R5_lief','aoth','','lief',0,0,"00000000-0000-0000-0000-00000000016f","00000000-0000-0000-0000-0000000000e0","00000000-0000-0000-0000-00000000016a" );
INSERT INTO TE_OIR VALUES ( 'ME_R5_middle','aone','','middle',0,0,"00000000-0000-0000-0000-00000000016c","00000000-0000-0000-0000-0000000000fa","00000000-0000-0000-0000-00000000016a" );
INSERT INTO TE_OIR VALUES ( 'R4_subtype','subsuper','R4_object_id','',0,0,"00000000-0000-0000-0000-000000000154","00000000-0000-0000-0000-000000000152","00000000-0000-0000-0000-000000000153" );
INSERT INTO TE_OIR VALUES ( 'R4_subtype','subsuper','R4_object_id','',0,0,"00000000-0000-0000-0000-000000000159","00000000-0000-0000-0000-000000000158","00000000-0000-0000-0000-000000000153" );
INSERT INTO TE_OIR VALUES ( 'TS_R4','subsuper','','',0,0,"00000000-0000-0000-0000-000000000155","00000000-0000-0000-0000-0000000000eb","00000000-0000-0000-0000-000000000153" );
INSERT INTO TE_OIR VALUES ( 'OOD_R3','assr','','',0,0,"00000000-0000-0000-0000-0000000000e3","00000000-0000-0000-0000-0000000000dd","00000000-0000-0000-0000-0000000000e2" );
INSERT INTO TE_OIR VALUES ( 'LD_R3_left','aoth','','left',0,0,"00000000-0000-0000-0000-0000000000e8","00000000-0000-0000-0000-0000000000e0","00000000-0000-0000-0000-0000000000e2" );
INSERT INTO TE_OIR VALUES ( 'LD_R3_right','aone','','right',0,0,"00000000-0000-0000-0000-0000000000e4","00000000-0000-0000-0000-0000000000e0","00000000-0000-0000-0000-0000000000e2" );
INSERT INTO TE_OIR VALUES ( 'LD_R2_measurement','form','','measurement',1,1,"00000000-0000-0000-0000-000000000186","00000000-0000-0000-0000-0000000000e0","00000000-0000-0000-0000-000000000108" );
INSERT INTO TE_OIR VALUES ( 'ME_R2','part','','',0,0,"00000000-0000-0000-0000-000000000187","00000000-0000-0000-0000-0000000000fa","00000000-0000-0000-0000-000000000108" );
INSERT INTO TE_OIR VALUES ( 'ME_R1_child','form','','child',1,1,"00000000-0000-0000-0000-000000000161","00000000-0000-0000-0000-0000000000fa","00000000-0000-0000-0000-0000000000f9" );
INSERT INTO TE_OIR VALUES ( 'TE_R1','part','','',0,1,"00000000-0000-0000-0000-000000000162","00000000-0000-0000-0000-0000000000ed","00000000-0000-0000-0000-0000000000f9" );
INSERT INTO TE_SYS VALUES ( 1,'','',32,0,0,0,0,0,0,0,0,0,0,0,0,0,128,128,0,0,'','ADTTestModel','sc_interface',0,0,0,0,0,"00000000-0000-0000-0000-000000000001" );
INSERT INTO TE_DISP VALUES ( 1,1,'main','dispatcher','','' );
INSERT INTO TE_QUEUE VALUES ( 1,1,1,'Self Queue',0,0 );
INSERT INTO TE_QUEUE VALUES ( 2,1,2,'NonSelf Queue',0,0 );
INSERT INTO TE_ABA VALUES ( "00000000-0000-0000-0000-0000000001b6",'S_SYNC',"00000000-0000-0000-0000-00000000001a",0,0,1,' void ','','','','','','','','','','ADTTM_TestExternalEntity','void',0,"00000000-0000-0000-0000-000000000000",'','  i_t text_length;c_t text[ESCHER_SYS_MAX_STRING_LEN];
  /* ASSIGN text = abc */
  XTUML_OAL_STMT_TRACE( 1, "ASSIGN text = abc" );
  Escher_strcpy( text, "abc" );
  /* ASSIGN text_length = STR::len(expression:text) */
  XTUML_OAL_STMT_TRACE( 1, "ASSIGN text_length = STR::len(expression:text)" );
  text_length = ADTTM_STR_len( text );
' );
INSERT INTO TE_ABA VALUES ( "00000000-0000-0000-0000-0000000001b7",'S_SYNC',"00000000-0000-0000-0000-00000000001a",0,0,1,' void ','','','','','','','','','','ADTTM_ClearInstances','void',0,"00000000-0000-0000-0000-000000000000",'','  ADTTM_TE * te=0;Escher_ObjectSet_s teSet_space={0}; Escher_ObjectSet_s * teSet = &teSet_space;
  /* SELECT many teSet FROM INSTANCES OF TE */
  XTUML_OAL_STMT_TRACE( 1, "SELECT many teSet FROM INSTANCES OF TE" );
  Escher_CopySet( teSet, &pG_ADTTM_TE_extent.active );
  /* FOR EACH te IN teSet */
  XTUML_OAL_STMT_TRACE( 1, "FOR EACH te IN teSet" );
  { Escher_Iterator_s iterte;
  ADTTM_TE * iite;
  Escher_IteratorReset( &iterte, teSet );
  while ( (iite = (ADTTM_TE *)Escher_IteratorNext( &iterte )) != 0 ) {
    te = iite; {
    ADTTM_ME * me=0;Escher_ObjectSet_s meSet_space={0}; Escher_ObjectSet_s * meSet = &meSet_space;
    /* SELECT many meSet RELATED BY te->ME[R1.child] */
    XTUML_OAL_STMT_TRACE( 2, "SELECT many meSet RELATED BY te->ME[R1.child]" );
    Escher_ClearSet( meSet );
    if ( 0 != te ) {
      Escher_CopySet( meSet, &te->ME_R1_child );
    }
    /* FOR EACH me IN meSet */
    XTUML_OAL_STMT_TRACE( 2, "FOR EACH me IN meSet" );
    { Escher_Iterator_s iterme;
    ADTTM_ME * iime;
    Escher_IteratorReset( &iterme, meSet );
    while ( (iime = (ADTTM_ME *)Escher_IteratorNext( &iterme )) != 0 ) {
      me = iime; {
      ADTTM_LD * ld=0;Escher_ObjectSet_s ldSet_space={0}; Escher_ObjectSet_s * ldSet = &ldSet_space;
      /* SELECT many ldSet RELATED BY me->LD[R2.measurement] */
      XTUML_OAL_STMT_TRACE( 3, "SELECT many ldSet RELATED BY me->LD[R2.measurement]" );
      Escher_ClearSet( ldSet );
      if ( 0 != me ) {
        Escher_CopySet( ldSet, &me->LD_R2_measurement );
      }
      /* FOR EACH ld IN ldSet */
      XTUML_OAL_STMT_TRACE( 3, "FOR EACH ld IN ldSet" );
      { Escher_Iterator_s iterld;
      ADTTM_LD * iild;
      Escher_IteratorReset( &iterld, ldSet );
      while ( (iild = (ADTTM_LD *)Escher_IteratorNext( &iterld )) != 0 ) {
        ld = iild; {
        /* UNRELATE ld FROM me ACROSS R2 */
        XTUML_OAL_STMT_TRACE( 4, "UNRELATE ld FROM me ACROSS R2" );
        ADTTM_LD_R2_Unlink_measurement( me, ld );
        /* DELETE OBJECT INSTANCE ld */
        XTUML_OAL_STMT_TRACE( 4, "DELETE OBJECT INSTANCE ld" );
        if ( 0 == ld ) {
          XTUML_EMPTY_HANDLE_TRACE( "LD", "Escher_DeleteInstance" );
        }
        Escher_DeleteInstance( (Escher_iHandle_t) ld, ADTTM_DOMAIN_ID, ADTTM_LD_CLASS_NUMBER );
      }}}
      /* UNRELATE te FROM me ACROSS R1 */
      XTUML_OAL_STMT_TRACE( 3, "UNRELATE te FROM me ACROSS R1" );
      ADTTM_ME_R1_Unlink_child( te, me );
      /* DELETE OBJECT INSTANCE me */
      XTUML_OAL_STMT_TRACE( 3, "DELETE OBJECT INSTANCE me" );
      if ( 0 == me ) {
        XTUML_EMPTY_HANDLE_TRACE( "ME", "Escher_DeleteInstance" );
      }
      Escher_DeleteInstance( (Escher_iHandle_t) me, ADTTM_DOMAIN_ID, ADTTM_ME_CLASS_NUMBER );
      Escher_ClearSet( ldSet ); 
    }}}
    /* DELETE OBJECT INSTANCE te */
    XTUML_OAL_STMT_TRACE( 2, "DELETE OBJECT INSTANCE te" );
    if ( 0 == te ) {
      XTUML_EMPTY_HANDLE_TRACE( "TE", "Escher_DeleteInstance" );
    }
    Escher_DeleteInstance( (Escher_iHandle_t) te, ADTTM_DOMAIN_ID, ADTTM_TE_CLASS_NUMBER );
    Escher_ClearSet( meSet ); 
  }}}
  Escher_ClearSet( teSet );
' );
INSERT INTO TE_ABA VALUES ( "00000000-0000-0000-0000-0000000001b8",'S_SYNC',"00000000-0000-0000-0000-00000000001a",0,0,1,' void ','','','','','','','','','','ADTTM_TestInitialize','void',0,"00000000-0000-0000-0000-000000000000",'','  ADTTM_TE * topEntity=0;
  /* SELECT any topEntity FROM INSTANCES OF TE */
  XTUML_OAL_STMT_TRACE( 1, "SELECT any topEntity FROM INSTANCES OF TE" );
  topEntity = (ADTTM_TE *) Escher_SetGetAny( &pG_ADTTM_TE_extent.active );
  /* IF ( empty topEntity ) */
  XTUML_OAL_STMT_TRACE( 1, "IF ( empty topEntity )" );
  if ( ( 0 == topEntity ) ) {
    i_t index;
    /* CREATE OBJECT INSTANCE topEntity OF TE */
    XTUML_OAL_STMT_TRACE( 2, "CREATE OBJECT INSTANCE topEntity OF TE" );
    topEntity = (ADTTM_TE *) Escher_CreateInstance( ADTTM_DOMAIN_ID, ADTTM_TE_CLASS_NUMBER );
    topEntity->TopEntityId = Escher_ID_factory();
    /* ASSIGN topEntity.X = 10 */
    XTUML_OAL_STMT_TRACE( 2, "ASSIGN topEntity.X = 10" );
    ((ADTTM_TE *)xtUML_detect_empty_handle( topEntity, "TE", "topEntity.X" ))->X = 10;
    /* ASSIGN topEntity.S = hello */
    XTUML_OAL_STMT_TRACE( 2, "ASSIGN topEntity.S = hello" );
    Escher_strcpy( ((ADTTM_TE *)xtUML_detect_empty_handle( topEntity, "TE", "topEntity.S" ))->S, "hello" );
    /* ASSIGN index = 0 */
    XTUML_OAL_STMT_TRACE( 2, "ASSIGN index = 0" );
    index = 0;
    /* WHILE ( index < 2 ) */
    XTUML_OAL_STMT_TRACE( 2, "WHILE ( index < 2 )" );
    while ( index < 2 ) {
      i_t dindex;ADTTM_ME * middleEntity;
      /* CREATE OBJECT INSTANCE middleEntity OF ME */
      XTUML_OAL_STMT_TRACE( 3, "CREATE OBJECT INSTANCE middleEntity OF ME" );
      middleEntity = (ADTTM_ME *) Escher_CreateInstance( ADTTM_DOMAIN_ID, ADTTM_ME_CLASS_NUMBER );
      middleEntity->MiddleEntityId = Escher_ID_factory();
      /* ASSIGN middleEntity.Comfortable = FALSE */
      XTUML_OAL_STMT_TRACE( 3, "ASSIGN middleEntity.Comfortable = FALSE" );
      ((ADTTM_ME *)xtUML_detect_empty_handle( middleEntity, "ME", "middleEntity.Comfortable" ))->Comfortable = FALSE;
      /* ASSIGN middleEntity.PreferredHumidity = ( 49 + ( index * 2 ) ) */
      XTUML_OAL_STMT_TRACE( 3, "ASSIGN middleEntity.PreferredHumidity = ( 49 + ( index * 2 ) )" );
      ((ADTTM_ME *)xtUML_detect_empty_handle( middleEntity, "ME", "middleEntity.PreferredHumidity" ))->PreferredHumidity = ( 49 + ( index * 2 ) );
      /* ASSIGN middleEntity.PreferredTemperature = ( 27 - index ) */
      XTUML_OAL_STMT_TRACE( 3, "ASSIGN middleEntity.PreferredTemperature = ( 27 - index )" );
      ((ADTTM_ME *)xtUML_detect_empty_handle( middleEntity, "ME", "middleEntity.PreferredTemperature" ))->PreferredTemperature = ( 27 - index );
      /* RELATE middleEntity TO topEntity ACROSS R1 */
      XTUML_OAL_STMT_TRACE( 3, "RELATE middleEntity TO topEntity ACROSS R1" );
      ADTTM_ME_R1_Link_child( topEntity, middleEntity );
      /* ASSIGN dindex = 0 */
      XTUML_OAL_STMT_TRACE( 3, "ASSIGN dindex = 0" );
      dindex = 0;
      /* WHILE ( dindex < 3 ) */
      XTUML_OAL_STMT_TRACE( 3, "WHILE ( dindex < 3 )" );
      while ( dindex < 3 ) {
        ADTTM_LD * liefDevice;
        /* CREATE OBJECT INSTANCE liefDevice OF LD */
        XTUML_OAL_STMT_TRACE( 4, "CREATE OBJECT INSTANCE liefDevice OF LD" );
        liefDevice = (ADTTM_LD *) Escher_CreateInstance( ADTTM_DOMAIN_ID, ADTTM_LD_CLASS_NUMBER );
        liefDevice->LiefDeviceId = Escher_ID_factory();
liefDevice->MiddleEntityId = Escher_ID_factory();
        /* ASSIGN liefDevice.Number = dindex */
        XTUML_OAL_STMT_TRACE( 4, "ASSIGN liefDevice.Number = dindex" );
        ((ADTTM_LD *)xtUML_detect_empty_handle( liefDevice, "LD", "liefDevice.Number" ))->Number = dindex;
        /* ASSIGN liefDevice.RequestInterval = 10000 */
        XTUML_OAL_STMT_TRACE( 4, "ASSIGN liefDevice.RequestInterval = 10000" );
        ((ADTTM_LD *)xtUML_detect_empty_handle( liefDevice, "LD", "liefDevice.RequestInterval" ))->RequestInterval = 10000;
        /* RELATE middleEntity TO liefDevice ACROSS R2 */
        XTUML_OAL_STMT_TRACE( 4, "RELATE middleEntity TO liefDevice ACROSS R2" );
        ADTTM_LD_R2_Link_measurement( middleEntity, liefDevice );
        /* ASSIGN dindex = ( dindex + 1 ) */
        XTUML_OAL_STMT_TRACE( 4, "ASSIGN dindex = ( dindex + 1 )" );
        dindex = ( dindex + 1 );
      }
      /* ASSIGN index = ( index + 1 ) */
      XTUML_OAL_STMT_TRACE( 3, "ASSIGN index = ( index + 1 )" );
      index = ( index + 1 );
    }
  }
' );
INSERT INTO TE_ABA VALUES ( "00000000-0000-0000-0000-0000000001b9",'S_SYNC',"00000000-0000-0000-0000-00000000001a",0,0,1,' void ','','','','','','','','','','ADTTM_TestSelectRelated','void',0,"00000000-0000-0000-0000-000000000000",'','  ADTTM_ME * middleEntity=0;Escher_ObjectSet_s liefDevices_space={0}; Escher_ObjectSet_s * liefDevices = &liefDevices_space;ADTTM_LD * liefDevice=0;ADTTM_TE * topEntity=0;ADTTM_LD * liefDeice=0;
  /* SELECT any middleEntity FROM INSTANCES OF ME */
  XTUML_OAL_STMT_TRACE( 1, "SELECT any middleEntity FROM INSTANCES OF ME" );
  middleEntity = (ADTTM_ME *) Escher_SetGetAny( &pG_ADTTM_ME_extent.active );
  /* SELECT one topEntity RELATED BY middleEntity->TE[R1] */
  XTUML_OAL_STMT_TRACE( 1, "SELECT one topEntity RELATED BY middleEntity->TE[R1]" );
  topEntity = ( 0 != middleEntity ) ? middleEntity->TE_R1 : 0;
  /* SELECT any liefDevice RELATED BY middleEntity->LD[R2.measurement] */
  XTUML_OAL_STMT_TRACE( 1, "SELECT any liefDevice RELATED BY middleEntity->LD[R2.measurement]" );
  liefDevice = ( 0 != middleEntity ) ? (ADTTM_LD *) Escher_SetGetAny( &middleEntity->LD_R2_measurement ) : 0;
  /* SELECT any liefDeice RELATED BY middleEntity->LD[R2.measurement] WHERE ( SELECTED.Environment.Temperature == 25 ) */
  XTUML_OAL_STMT_TRACE( 1, "SELECT any liefDeice RELATED BY middleEntity->LD[R2.measurement] WHERE ( SELECTED.Environment.Temperature == 25 )" );
  liefDeice = 0;
  if ( 0 != middleEntity ) {
    ADTTM_LD * selected;
    Escher_Iterator_s iLD_R2_measurement;
    Escher_IteratorReset( &iLD_R2_measurement, &middleEntity->LD_R2_measurement );
    while ( 0 != ( selected = (ADTTM_LD *) Escher_IteratorNext( &iLD_R2_measurement ) ) ) {
      if ( ((ADTTM_LD *)xtUML_detect_empty_handle( selected, "LD", "SELECTED.Environment" ))->Environment.Temperature == 25 ) {
        liefDeice = selected;
        break;
  }}}
  /* SELECT many liefDevices RELATED BY middleEntity->LD[R2.measurement] */
  XTUML_OAL_STMT_TRACE( 1, "SELECT many liefDevices RELATED BY middleEntity->LD[R2.measurement]" );
  Escher_ClearSet( liefDevices );
  if ( 0 != middleEntity ) {
    Escher_CopySet( liefDevices, &middleEntity->LD_R2_measurement );
  }
  /* SELECT many liefDevices RELATED BY middleEntity->LD[R2.measurement] WHERE ( ( SELECTED.Environment.Humidity > 50 ) and ( SELECTED.CurrentInterval < 10000 ) ) */
  XTUML_OAL_STMT_TRACE( 1, "SELECT many liefDevices RELATED BY middleEntity->LD[R2.measurement] WHERE ( ( SELECTED.Environment.Humidity > 50 ) and ( SELECTED.CurrentInterval < 10000 ) )" );
  Escher_ClearSet( liefDevices );
  if ( 0 != middleEntity ) {
  {ADTTM_LD * selected;
  Escher_Iterator_s iLD_R2_measurement;
  Escher_IteratorReset( &iLD_R2_measurement, &middleEntity->LD_R2_measurement );
  while ( 0 != ( selected = (ADTTM_LD *) Escher_IteratorNext( &iLD_R2_measurement ) ) ) {
    if ( ( ((ADTTM_LD *)xtUML_detect_empty_handle( selected, "LD", "SELECTED.Environment" ))->Environment.Humidity > 50 ) && ( ((ADTTM_LD *)xtUML_detect_empty_handle( selected, "LD", "SELECTED.CurrentInterval" ))->CurrentInterval < 10000 ) ) {
      if ( ! Escher_SetContains( (Escher_ObjectSet_s *) liefDevices, selected ) ) {
        Escher_SetInsertElement( (Escher_ObjectSet_s *) liefDevices, selected );
  }}}}}
  Escher_ClearSet( liefDevices ); 
' );
INSERT INTO TE_ABA VALUES ( "00000000-0000-0000-0000-0000000001ba",'S_SYNC',"00000000-0000-0000-0000-00000000001a",0,0,1,' void ','','','','','','','','','','ADTTM_TestSelectInstances','void',0,"00000000-0000-0000-0000-000000000000",'','  Escher_ObjectSet_s middleEntities_space={0}; Escher_ObjectSet_s * middleEntities = &middleEntities_space;ADTTM_ME * middleEntity=0;Escher_ObjectSet_s middileEntities_space={0}; Escher_ObjectSet_s * middileEntities = &middileEntities_space;
  /* SELECT any middleEntity FROM INSTANCES OF ME */
  XTUML_OAL_STMT_TRACE( 1, "SELECT any middleEntity FROM INSTANCES OF ME" );
  middleEntity = (ADTTM_ME *) Escher_SetGetAny( &pG_ADTTM_ME_extent.active );
  /* SELECT many middleEntities FROM INSTANCES OF ME */
  XTUML_OAL_STMT_TRACE( 1, "SELECT many middleEntities FROM INSTANCES OF ME" );
  Escher_CopySet( middleEntities, &pG_ADTTM_ME_extent.active );
  /* SELECT any middleEntity FROM INSTANCES OF ME WHERE SELECTED.Comfortable == TRUE */
  XTUML_OAL_STMT_TRACE( 1, "SELECT any middleEntity FROM INSTANCES OF ME WHERE SELECTED.Comfortable == TRUE" );
  middleEntity = 0;
  { ADTTM_ME * selected;
    Escher_Iterator_s itermiddleEntityADTTM_ME;
    Escher_IteratorReset( &itermiddleEntityADTTM_ME, &pG_ADTTM_ME_extent.active );
    while ( (selected = (ADTTM_ME *) Escher_IteratorNext( &itermiddleEntityADTTM_ME )) != 0 ) {
      if ( ((ADTTM_ME *)xtUML_detect_empty_handle( selected, "ME", "SELECTED.Comfortable" ))->Comfortable == TRUE ) {
        middleEntity = selected;
        break;
      }
    }
  }
  /* SELECT many middileEntities FROM INSTANCES OF ME WHERE ( ( SELECTED.PreferredHumidity > 50 ) and ( SELECTED.PreferredHumidity < 25 ) ) or ( SELECTED.Comfortable == FALSE ) */
  XTUML_OAL_STMT_TRACE( 1, "SELECT many middileEntities FROM INSTANCES OF ME WHERE ( ( SELECTED.PreferredHumidity > 50 ) and ( SELECTED.PreferredHumidity < 25 ) ) or ( SELECTED.Comfortable == FALSE )" );
  Escher_ClearSet( middileEntities );
  { ADTTM_ME * selected;
    Escher_Iterator_s itermiddileEntitiesADTTM_ME;
    Escher_IteratorReset( &itermiddileEntitiesADTTM_ME, &pG_ADTTM_ME_extent.active );
    while ( (selected = (ADTTM_ME *) Escher_IteratorNext( &itermiddileEntitiesADTTM_ME )) != 0 ) {
      if ( ( ( ((ADTTM_ME *)xtUML_detect_empty_handle( selected, "ME", "SELECTED.PreferredHumidity" ))->PreferredHumidity > 50 ) && ( ((ADTTM_ME *)xtUML_detect_empty_handle( selected, "ME", "SELECTED.PreferredHumidity" ))->PreferredHumidity < 25 ) ) || ( ((ADTTM_ME *)xtUML_detect_empty_handle( selected, "ME", "SELECTED.Comfortable" ))->Comfortable == FALSE ) ) {
        Escher_SetInsertElement( middileEntities, selected );
      }
    }
  }
  Escher_ClearSet( middleEntities );Escher_ClearSet( middileEntities );
' );
INSERT INTO TE_ABA VALUES ( "00000000-0000-0000-0000-0000000001bc",'S_BRG',"00000000-0000-0000-0000-00000000001a",0,0,1,' c_t[ESCHER_SYS_MAX_STRING_LEN], c_t[ESCHER_SYS_MAX_STRING_LEN], const i_t ',' c_t p_expressionToFind[ESCHER_SYS_MAX_STRING_LEN], c_t p_expressionToSearch[ESCHER_SYS_MAX_STRING_LEN], const i_t p_startLocation ','c_t p_expressionToFind[ESCHER_SYS_MAX_STRING_LEN];
c_t p_expressionToSearch[ESCHER_SYS_MAX_STRING_LEN];
i_t p_startLocation;
',', p_startLocation','[],[],%d',' p_expressionToFind, p_expressionToSearch, p_startLocation','','    Escher_strcpy( e->p_expressionToFind, p_expressionToFind );    Escher_strcpy( e->p_expressionToSearch, p_expressionToSearch );    e->p_startLocation = p_startLocation;','    Escher_strcpy( e->p_expressionToFind, p_expressionToFind );    Escher_strcpy( e->p_expressionToSearch, p_expressionToSearch );    e->p_startLocation = p_startLocation;','','ADTTM_STR_charindex','i_t',0,"00000000-0000-0000-0000-000000000000",'','' );
INSERT INTO TE_ABA VALUES ( "00000000-0000-0000-0000-0000000001be",'S_BRG',"00000000-0000-0000-0000-00000000001a",0,0,1,' c_t[ESCHER_SYS_MAX_STRING_LEN], c_t[ESCHER_SYS_MAX_STRING_LEN], c_t[ESCHER_SYS_MAX_STRING_LEN] ',' c_t A0xtumlsret[ESCHER_SYS_MAX_STRING_LEN], c_t p_expression1[ESCHER_SYS_MAX_STRING_LEN], c_t p_expression2[ESCHER_SYS_MAX_STRING_LEN] ','c_t A0xtumlsret[ESCHER_SYS_MAX_STRING_LEN];
c_t p_expression1[ESCHER_SYS_MAX_STRING_LEN];
c_t p_expression2[ESCHER_SYS_MAX_STRING_LEN];
','','[],[],[]',' A0xtumlsret, p_expression1, p_expression2','','    Escher_strcpy( e->p_A0xtumlsret, A0xtumlsret );    Escher_strcpy( e->p_expression1, p_expression1 );    Escher_strcpy( e->p_expression2, p_expression2 );','    Escher_strcpy( e->p_expression1, p_expression1 );    Escher_strcpy( e->p_expression2, p_expression2 );','','ADTTM_STR_concat','c_t *',1,"00000000-0000-0000-0000-000000000000",'[ESCHER_SYS_MAX_STRING_LEN]','' );
INSERT INTO TE_ABA VALUES ( "00000000-0000-0000-0000-0000000001c1",'S_BRG',"00000000-0000-0000-0000-00000000001a",0,0,1,' c_t[ESCHER_SYS_MAX_STRING_LEN], c_t[ESCHER_SYS_MAX_STRING_LEN], const i_t ',' c_t A0xtumlsret[ESCHER_SYS_MAX_STRING_LEN], c_t p_expression[ESCHER_SYS_MAX_STRING_LEN], const i_t p_length ','c_t A0xtumlsret[ESCHER_SYS_MAX_STRING_LEN];
c_t p_expression[ESCHER_SYS_MAX_STRING_LEN];
i_t p_length;
',', p_length','[],[],%d',' A0xtumlsret, p_expression, p_length','','    Escher_strcpy( e->p_A0xtumlsret, A0xtumlsret );    Escher_strcpy( e->p_expression, p_expression );    e->p_length = p_length;','    Escher_strcpy( e->p_expression, p_expression );    e->p_length = p_length;','','ADTTM_STR_left','c_t *',1,"00000000-0000-0000-0000-000000000000",'[ESCHER_SYS_MAX_STRING_LEN]','' );
INSERT INTO TE_ABA VALUES ( "00000000-0000-0000-0000-0000000001c4",'S_BRG',"00000000-0000-0000-0000-00000000001a",0,0,1,' c_t[ESCHER_SYS_MAX_STRING_LEN] ',' c_t p_expression[ESCHER_SYS_MAX_STRING_LEN] ','c_t p_expression[ESCHER_SYS_MAX_STRING_LEN];
','','[]',' p_expression','','    Escher_strcpy( e->p_expression, p_expression );','    Escher_strcpy( e->p_expression, p_expression );','','ADTTM_STR_len','i_t',0,"00000000-0000-0000-0000-000000000000",'','' );
INSERT INTO TE_ABA VALUES ( "00000000-0000-0000-0000-0000000001c6",'S_BRG',"00000000-0000-0000-0000-00000000001a",0,0,1,' c_t[ESCHER_SYS_MAX_STRING_LEN], c_t[ESCHER_SYS_MAX_STRING_LEN] ',' c_t A0xtumlsret[ESCHER_SYS_MAX_STRING_LEN], c_t p_expression[ESCHER_SYS_MAX_STRING_LEN] ','c_t A0xtumlsret[ESCHER_SYS_MAX_STRING_LEN];
c_t p_expression[ESCHER_SYS_MAX_STRING_LEN];
','','[],[]',' A0xtumlsret, p_expression','','    Escher_strcpy( e->p_A0xtumlsret, A0xtumlsret );    Escher_strcpy( e->p_expression, p_expression );','    Escher_strcpy( e->p_expression, p_expression );','','ADTTM_STR_lower','c_t *',1,"00000000-0000-0000-0000-000000000000",'[ESCHER_SYS_MAX_STRING_LEN]','' );
INSERT INTO TE_ABA VALUES ( "00000000-0000-0000-0000-0000000001c9",'S_BRG',"00000000-0000-0000-0000-00000000001a",0,0,1,' c_t[ESCHER_SYS_MAX_STRING_LEN], c_t[ESCHER_SYS_MAX_STRING_LEN] ',' c_t A0xtumlsret[ESCHER_SYS_MAX_STRING_LEN], c_t p_expression[ESCHER_SYS_MAX_STRING_LEN] ','c_t A0xtumlsret[ESCHER_SYS_MAX_STRING_LEN];
c_t p_expression[ESCHER_SYS_MAX_STRING_LEN];
','','[],[]',' A0xtumlsret, p_expression','','    Escher_strcpy( e->p_A0xtumlsret, A0xtumlsret );    Escher_strcpy( e->p_expression, p_expression );','    Escher_strcpy( e->p_expression, p_expression );','','ADTTM_STR_ltrim','c_t *',1,"00000000-0000-0000-0000-000000000000",'[ESCHER_SYS_MAX_STRING_LEN]','' );
INSERT INTO TE_ABA VALUES ( "00000000-0000-0000-0000-0000000001cc",'S_BRG',"00000000-0000-0000-0000-00000000001a",0,0,1,' c_t[ESCHER_SYS_MAX_STRING_LEN], c_t[ESCHER_SYS_MAX_STRING_LEN], c_t[ESCHER_SYS_MAX_STRING_LEN] ',' c_t A0xtumlsret[ESCHER_SYS_MAX_STRING_LEN], c_t p_expression[ESCHER_SYS_MAX_STRING_LEN], c_t p_pattern[ESCHER_SYS_MAX_STRING_LEN] ','c_t A0xtumlsret[ESCHER_SYS_MAX_STRING_LEN];
c_t p_expression[ESCHER_SYS_MAX_STRING_LEN];
c_t p_pattern[ESCHER_SYS_MAX_STRING_LEN];
','','[],[],[]',' A0xtumlsret, p_expression, p_pattern','','    Escher_strcpy( e->p_A0xtumlsret, A0xtumlsret );    Escher_strcpy( e->p_expression, p_expression );    Escher_strcpy( e->p_pattern, p_pattern );','    Escher_strcpy( e->p_expression, p_expression );    Escher_strcpy( e->p_pattern, p_pattern );','','ADTTM_STR_match','c_t *',1,"00000000-0000-0000-0000-000000000000",'[ESCHER_SYS_MAX_STRING_LEN]','' );
INSERT INTO TE_ABA VALUES ( "00000000-0000-0000-0000-0000000001cf",'S_BRG',"00000000-0000-0000-0000-00000000001a",0,0,1,' c_t[ESCHER_SYS_MAX_STRING_LEN], c_t[ESCHER_SYS_MAX_STRING_LEN], c_t[ESCHER_SYS_MAX_STRING_LEN], c_t[ESCHER_SYS_MAX_STRING_LEN] ',' c_t A0xtumlsret[ESCHER_SYS_MAX_STRING_LEN], c_t p_expression[ESCHER_SYS_MAX_STRING_LEN], c_t p_pattern[ESCHER_SYS_MAX_STRING_LEN], c_t p_replacement[ESCHER_SYS_MAX_STRING_LEN] ','c_t A0xtumlsret[ESCHER_SYS_MAX_STRING_LEN];
c_t p_expression[ESCHER_SYS_MAX_STRING_LEN];
c_t p_pattern[ESCHER_SYS_MAX_STRING_LEN];
c_t p_replacement[ESCHER_SYS_MAX_STRING_LEN];
','','[],[],[],[]',' A0xtumlsret, p_expression, p_pattern, p_replacement','','    Escher_strcpy( e->p_A0xtumlsret, A0xtumlsret );    Escher_strcpy( e->p_expression, p_expression );    Escher_strcpy( e->p_pattern, p_pattern );    Escher_strcpy( e->p_replacement, p_replacement );','    Escher_strcpy( e->p_expression, p_expression );    Escher_strcpy( e->p_pattern, p_pattern );    Escher_strcpy( e->p_replacement, p_replacement );','','ADTTM_STR_replace','c_t *',1,"00000000-0000-0000-0000-000000000000",'[ESCHER_SYS_MAX_STRING_LEN]','' );
INSERT INTO TE_ABA VALUES ( "00000000-0000-0000-0000-0000000001d2",'S_BRG',"00000000-0000-0000-0000-00000000001a",0,0,1,' c_t[ESCHER_SYS_MAX_STRING_LEN], c_t[ESCHER_SYS_MAX_STRING_LEN], const i_t ',' c_t A0xtumlsret[ESCHER_SYS_MAX_STRING_LEN], c_t p_expression[ESCHER_SYS_MAX_STRING_LEN], const i_t p_round ','c_t A0xtumlsret[ESCHER_SYS_MAX_STRING_LEN];
c_t p_expression[ESCHER_SYS_MAX_STRING_LEN];
i_t p_round;
',', p_round','[],[],%d',' A0xtumlsret, p_expression, p_round','','    Escher_strcpy( e->p_A0xtumlsret, A0xtumlsret );    Escher_strcpy( e->p_expression, p_expression );    e->p_round = p_round;','    Escher_strcpy( e->p_expression, p_expression );    e->p_round = p_round;','','ADTTM_STR_replicate','c_t *',1,"00000000-0000-0000-0000-000000000000",'[ESCHER_SYS_MAX_STRING_LEN]','' );
INSERT INTO TE_ABA VALUES ( "00000000-0000-0000-0000-0000000001d5",'S_BRG',"00000000-0000-0000-0000-00000000001a",0,0,1,' c_t[ESCHER_SYS_MAX_STRING_LEN], c_t[ESCHER_SYS_MAX_STRING_LEN] ',' c_t A0xtumlsret[ESCHER_SYS_MAX_STRING_LEN], c_t p_expression[ESCHER_SYS_MAX_STRING_LEN] ','c_t A0xtumlsret[ESCHER_SYS_MAX_STRING_LEN];
c_t p_expression[ESCHER_SYS_MAX_STRING_LEN];
','','[],[]',' A0xtumlsret, p_expression','','    Escher_strcpy( e->p_A0xtumlsret, A0xtumlsret );    Escher_strcpy( e->p_expression, p_expression );','    Escher_strcpy( e->p_expression, p_expression );','','ADTTM_STR_reverse','c_t *',1,"00000000-0000-0000-0000-000000000000",'[ESCHER_SYS_MAX_STRING_LEN]','' );
INSERT INTO TE_ABA VALUES ( "00000000-0000-0000-0000-0000000001d8",'S_BRG',"00000000-0000-0000-0000-00000000001a",0,0,1,' c_t[ESCHER_SYS_MAX_STRING_LEN], c_t[ESCHER_SYS_MAX_STRING_LEN], const i_t ',' c_t A0xtumlsret[ESCHER_SYS_MAX_STRING_LEN], c_t p_expression[ESCHER_SYS_MAX_STRING_LEN], const i_t p_length ','c_t A0xtumlsret[ESCHER_SYS_MAX_STRING_LEN];
c_t p_expression[ESCHER_SYS_MAX_STRING_LEN];
i_t p_length;
',', p_length','[],[],%d',' A0xtumlsret, p_expression, p_length','','    Escher_strcpy( e->p_A0xtumlsret, A0xtumlsret );    Escher_strcpy( e->p_expression, p_expression );    e->p_length = p_length;','    Escher_strcpy( e->p_expression, p_expression );    e->p_length = p_length;','','ADTTM_STR_right','c_t *',1,"00000000-0000-0000-0000-000000000000",'[ESCHER_SYS_MAX_STRING_LEN]','' );
INSERT INTO TE_ABA VALUES ( "00000000-0000-0000-0000-0000000001db",'S_BRG',"00000000-0000-0000-0000-00000000001a",0,0,1,' c_t[ESCHER_SYS_MAX_STRING_LEN], c_t[ESCHER_SYS_MAX_STRING_LEN] ',' c_t A0xtumlsret[ESCHER_SYS_MAX_STRING_LEN], c_t p_expression[ESCHER_SYS_MAX_STRING_LEN] ','c_t A0xtumlsret[ESCHER_SYS_MAX_STRING_LEN];
c_t p_expression[ESCHER_SYS_MAX_STRING_LEN];
','','[],[]',' A0xtumlsret, p_expression','','    Escher_strcpy( e->p_A0xtumlsret, A0xtumlsret );    Escher_strcpy( e->p_expression, p_expression );','    Escher_strcpy( e->p_expression, p_expression );','','ADTTM_STR_rtrim','c_t *',1,"00000000-0000-0000-0000-000000000000",'[ESCHER_SYS_MAX_STRING_LEN]','' );
INSERT INTO TE_ABA VALUES ( "00000000-0000-0000-0000-0000000001de",'S_BRG',"00000000-0000-0000-0000-00000000001a",0,0,1,' c_t[ESCHER_SYS_MAX_STRING_LEN], c_t[ESCHER_SYS_MAX_STRING_LEN], const i_t, const i_t ',' c_t A0xtumlsret[ESCHER_SYS_MAX_STRING_LEN], c_t p_expression[ESCHER_SYS_MAX_STRING_LEN], const i_t p_length, const i_t p_start ','c_t A0xtumlsret[ESCHER_SYS_MAX_STRING_LEN];
c_t p_expression[ESCHER_SYS_MAX_STRING_LEN];
i_t p_length;
i_t p_start;
',', p_length, p_start','[],[],%d,%d',' A0xtumlsret, p_expression, p_length, p_start','','    Escher_strcpy( e->p_A0xtumlsret, A0xtumlsret );    Escher_strcpy( e->p_expression, p_expression );    e->p_length = p_length;    e->p_start = p_start;','    Escher_strcpy( e->p_expression, p_expression );    e->p_length = p_length;    e->p_start = p_start;','','ADTTM_STR_substring','c_t *',1,"00000000-0000-0000-0000-000000000000",'[ESCHER_SYS_MAX_STRING_LEN]','' );
INSERT INTO TE_ABA VALUES ( "00000000-0000-0000-0000-0000000001e1",'S_BRG',"00000000-0000-0000-0000-00000000001a",0,0,1,' c_t[ESCHER_SYS_MAX_STRING_LEN], c_t[ESCHER_SYS_MAX_STRING_LEN] ',' c_t A0xtumlsret[ESCHER_SYS_MAX_STRING_LEN], c_t p_expression[ESCHER_SYS_MAX_STRING_LEN] ','c_t A0xtumlsret[ESCHER_SYS_MAX_STRING_LEN];
c_t p_expression[ESCHER_SYS_MAX_STRING_LEN];
','','[],[]',' A0xtumlsret, p_expression','','    Escher_strcpy( e->p_A0xtumlsret, A0xtumlsret );    Escher_strcpy( e->p_expression, p_expression );','    Escher_strcpy( e->p_expression, p_expression );','','ADTTM_STR_trim','c_t *',1,"00000000-0000-0000-0000-000000000000",'[ESCHER_SYS_MAX_STRING_LEN]','' );
INSERT INTO TE_ABA VALUES ( "00000000-0000-0000-0000-0000000001e4",'S_BRG',"00000000-0000-0000-0000-00000000001a",0,0,1,' c_t[ESCHER_SYS_MAX_STRING_LEN], c_t[ESCHER_SYS_MAX_STRING_LEN] ',' c_t A0xtumlsret[ESCHER_SYS_MAX_STRING_LEN], c_t p_expression[ESCHER_SYS_MAX_STRING_LEN] ','c_t A0xtumlsret[ESCHER_SYS_MAX_STRING_LEN];
c_t p_expression[ESCHER_SYS_MAX_STRING_LEN];
','','[],[]',' A0xtumlsret, p_expression','','    Escher_strcpy( e->p_A0xtumlsret, A0xtumlsret );    Escher_strcpy( e->p_expression, p_expression );','    Escher_strcpy( e->p_expression, p_expression );','','ADTTM_STR_upper','c_t *',1,"00000000-0000-0000-0000-000000000000",'[ESCHER_SYS_MAX_STRING_LEN]','' );
INSERT INTO TE_ABA VALUES ( "00000000-0000-0000-0000-0000000001e7",'S_BRG',"00000000-0000-0000-0000-00000000001a",0,0,1,' c_t[ESCHER_SYS_MAX_STRING_LEN] ',' c_t p_expression[ESCHER_SYS_MAX_STRING_LEN] ','c_t p_expression[ESCHER_SYS_MAX_STRING_LEN];
','','[]',' p_expression','','    Escher_strcpy( e->p_expression, p_expression );','    Escher_strcpy( e->p_expression, p_expression );','','ADTTM_STR_tobool','bool',0,"00000000-0000-0000-0000-000000000000",'','' );
INSERT INTO TE_ABA VALUES ( "00000000-0000-0000-0000-0000000001e9",'S_BRG',"00000000-0000-0000-0000-00000000001a",0,0,1,' c_t[ESCHER_SYS_MAX_STRING_LEN] ',' c_t p_expression[ESCHER_SYS_MAX_STRING_LEN] ','c_t p_expression[ESCHER_SYS_MAX_STRING_LEN];
','','[]',' p_expression','','    Escher_strcpy( e->p_expression, p_expression );','    Escher_strcpy( e->p_expression, p_expression );','','ADTTM_STR_tointeger','i_t',0,"00000000-0000-0000-0000-000000000000",'','' );
INSERT INTO TE_ABA VALUES ( "00000000-0000-0000-0000-0000000001eb",'S_BRG',"00000000-0000-0000-0000-00000000001a",0,0,1,' c_t[ESCHER_SYS_MAX_STRING_LEN] ',' c_t p_expression[ESCHER_SYS_MAX_STRING_LEN] ','c_t p_expression[ESCHER_SYS_MAX_STRING_LEN];
','','[]',' p_expression','','    Escher_strcpy( e->p_expression, p_expression );','    Escher_strcpy( e->p_expression, p_expression );','','ADTTM_STR_toreal','r_t',0,"00000000-0000-0000-0000-000000000000",'','' );
INSERT INTO TE_ABA VALUES ( "00000000-0000-0000-0000-0000000001ed",'S_BRG',"00000000-0000-0000-0000-00000000001a",0,0,1,' c_t[ESCHER_SYS_MAX_STRING_LEN] ',' c_t p_expression[ESCHER_SYS_MAX_STRING_LEN] ','c_t p_expression[ESCHER_SYS_MAX_STRING_LEN];
','','[]',' p_expression','','    Escher_strcpy( e->p_expression, p_expression );','    Escher_strcpy( e->p_expression, p_expression );','','ADTTM_STR_todate','Escher_Date_t',0,"00000000-0000-0000-0000-000000000000",'','' );
INSERT INTO TE_ABA VALUES ( "00000000-0000-0000-0000-0000000001ef",'S_BRG',"00000000-0000-0000-0000-00000000001a",0,0,1,' c_t[ESCHER_SYS_MAX_STRING_LEN], const bool ',' c_t A0xtumlsret[ESCHER_SYS_MAX_STRING_LEN], const bool p_value ','c_t A0xtumlsret[ESCHER_SYS_MAX_STRING_LEN];
bool p_value;
',', p_value','[],%d',' A0xtumlsret, p_value','','    Escher_strcpy( e->p_A0xtumlsret, A0xtumlsret );    e->p_value = p_value;','    e->p_value = p_value;','','ADTTM_STR_frombool','c_t *',1,"00000000-0000-0000-0000-000000000000",'[ESCHER_SYS_MAX_STRING_LEN]','' );
INSERT INTO TE_ABA VALUES ( "00000000-0000-0000-0000-0000000001f2",'S_BRG',"00000000-0000-0000-0000-00000000001a",0,0,1,' c_t[ESCHER_SYS_MAX_STRING_LEN], const i_t ',' c_t A0xtumlsret[ESCHER_SYS_MAX_STRING_LEN], const i_t p_value ','c_t A0xtumlsret[ESCHER_SYS_MAX_STRING_LEN];
i_t p_value;
',', p_value','[],%d',' A0xtumlsret, p_value','','    Escher_strcpy( e->p_A0xtumlsret, A0xtumlsret );    e->p_value = p_value;','    e->p_value = p_value;','','ADTTM_STR_frominteger','c_t *',1,"00000000-0000-0000-0000-000000000000",'[ESCHER_SYS_MAX_STRING_LEN]','' );
INSERT INTO TE_ABA VALUES ( "00000000-0000-0000-0000-0000000001f5",'S_BRG',"00000000-0000-0000-0000-00000000001a",0,0,1,' c_t[ESCHER_SYS_MAX_STRING_LEN], const r_t ',' c_t A0xtumlsret[ESCHER_SYS_MAX_STRING_LEN], const r_t p_value ','c_t A0xtumlsret[ESCHER_SYS_MAX_STRING_LEN];
r_t p_value;
',', p_value','[],%f',' A0xtumlsret, p_value','','    Escher_strcpy( e->p_A0xtumlsret, A0xtumlsret );    e->p_value = p_value;','    e->p_value = p_value;','','ADTTM_STR_fromreal','c_t *',1,"00000000-0000-0000-0000-000000000000",'[ESCHER_SYS_MAX_STRING_LEN]','' );
INSERT INTO TE_ABA VALUES ( "00000000-0000-0000-0000-0000000001f8",'S_BRG',"00000000-0000-0000-0000-00000000001a",0,0,1,' c_t[ESCHER_SYS_MAX_STRING_LEN], Escher_Date_t ',' c_t A0xtumlsret[ESCHER_SYS_MAX_STRING_LEN], Escher_Date_t p_value ','c_t A0xtumlsret[ESCHER_SYS_MAX_STRING_LEN];
Escher_Date_t p_value;
',', p_value','[],%d',' A0xtumlsret, p_value','','    Escher_strcpy( e->p_A0xtumlsret, A0xtumlsret );    e->p_value = p_value;','    e->p_value = p_value;','','ADTTM_STR_fromdate','c_t *',1,"00000000-0000-0000-0000-000000000000",'[ESCHER_SYS_MAX_STRING_LEN]','' );
INSERT INTO TE_ABA VALUES ( "00000000-0000-0000-0000-0000000001fb",'S_BRG',"00000000-0000-0000-0000-00000000001a",0,0,1,' c_t[ESCHER_SYS_MAX_STRING_LEN] ',' c_t A0xtumlsret[ESCHER_SYS_MAX_STRING_LEN] ','c_t A0xtumlsret[ESCHER_SYS_MAX_STRING_LEN];
','','[]',' A0xtumlsret','','    Escher_strcpy( e->p_A0xtumlsret, A0xtumlsret );','','','ADTTM_STR_newguid','c_t *',1,"00000000-0000-0000-0000-000000000000",'[ESCHER_SYS_MAX_STRING_LEN]','' );
INSERT INTO TE_ABA VALUES ( "00000000-0000-0000-0000-0000000001fe",'S_BRG',"00000000-0000-0000-0000-00000000001a",0,0,1,' const i_t ',' const i_t p_seed ','i_t p_seed;
',', p_seed','%d',' p_seed','','    e->p_seed = p_seed;','    e->p_seed = p_seed;','','ADTTM_RND_seed','void',0,"00000000-0000-0000-0000-000000000000",'','' );
INSERT INTO TE_ABA VALUES ( "00000000-0000-0000-0000-000000000200",'S_BRG',"00000000-0000-0000-0000-00000000001a",0,0,1,' void ','','','','','','','','','','ADTTM_RND_nextinteger','i_t',0,"00000000-0000-0000-0000-000000000000",'','' );
INSERT INTO TE_ABA VALUES ( "00000000-0000-0000-0000-000000000202",'S_BRG',"00000000-0000-0000-0000-00000000001a",0,0,1,' void ','','','','','','','','','','ADTTM_RND_nextreal','r_t',0,"00000000-0000-0000-0000-000000000000",'','' );
INSERT INTO TE_ABA VALUES ( "00000000-0000-0000-0000-000000000204",'S_BRG',"00000000-0000-0000-0000-00000000001a",0,0,1,' void ','','','','','','','','','','TIM_current_date','Escher_Date_t',0,"00000000-0000-0000-0000-000000000000",'','' );
INSERT INTO TE_ABA VALUES ( "00000000-0000-0000-0000-000000000206",'S_BRG',"00000000-0000-0000-0000-00000000001a",0,0,1,' const i_t, const i_t, const i_t, const i_t, const i_t, const i_t ',' const i_t p_day, const i_t p_hour, const i_t p_minute, const i_t p_month, const i_t p_second, const i_t p_year ','i_t p_day;
i_t p_hour;
i_t p_minute;
i_t p_month;
i_t p_second;
i_t p_year;
',', p_day, p_hour, p_minute, p_month, p_second, p_year','%d,%d,%d,%d,%d,%d',' p_day, p_hour, p_minute, p_month, p_second, p_year','','    e->p_day = p_day;    e->p_hour = p_hour;    e->p_minute = p_minute;    e->p_month = p_month;    e->p_second = p_second;    e->p_year = p_year;','    e->p_day = p_day;    e->p_hour = p_hour;    e->p_minute = p_minute;    e->p_month = p_month;    e->p_second = p_second;    e->p_year = p_year;','','TIM_create_date','Escher_Date_t',0,"00000000-0000-0000-0000-000000000000",'','' );
INSERT INTO TE_ABA VALUES ( "00000000-0000-0000-0000-000000000208",'S_BRG',"00000000-0000-0000-0000-00000000001a",0,0,1,' Escher_Date_t ',' Escher_Date_t p_date ','Escher_Date_t p_date;
',', p_date','%d',' p_date','','    e->p_date = p_date;','    e->p_date = p_date;','','TIM_get_second','i_t',0,"00000000-0000-0000-0000-000000000000",'','' );
INSERT INTO TE_ABA VALUES ( "00000000-0000-0000-0000-00000000020a",'S_BRG',"00000000-0000-0000-0000-00000000001a",0,0,1,' Escher_Date_t ',' Escher_Date_t p_date ','Escher_Date_t p_date;
',', p_date','%d',' p_date','','    e->p_date = p_date;','    e->p_date = p_date;','','TIM_get_minute','i_t',0,"00000000-0000-0000-0000-000000000000",'','' );
INSERT INTO TE_ABA VALUES ( "00000000-0000-0000-0000-00000000020c",'S_BRG',"00000000-0000-0000-0000-00000000001a",0,0,1,' Escher_Date_t ',' Escher_Date_t p_date ','Escher_Date_t p_date;
',', p_date','%d',' p_date','','    e->p_date = p_date;','    e->p_date = p_date;','','TIM_get_hour','i_t',0,"00000000-0000-0000-0000-000000000000",'','' );
INSERT INTO TE_ABA VALUES ( "00000000-0000-0000-0000-00000000020e",'S_BRG',"00000000-0000-0000-0000-00000000001a",0,0,1,' Escher_Date_t ',' Escher_Date_t p_date ','Escher_Date_t p_date;
',', p_date','%d',' p_date','','    e->p_date = p_date;','    e->p_date = p_date;','','TIM_get_day','i_t',0,"00000000-0000-0000-0000-000000000000",'','' );
INSERT INTO TE_ABA VALUES ( "00000000-0000-0000-0000-000000000210",'S_BRG',"00000000-0000-0000-0000-00000000001a",0,0,1,' Escher_Date_t ',' Escher_Date_t p_date ','Escher_Date_t p_date;
',', p_date','%d',' p_date','','    e->p_date = p_date;','    e->p_date = p_date;','','TIM_get_month','i_t',0,"00000000-0000-0000-0000-000000000000",'','' );
INSERT INTO TE_ABA VALUES ( "00000000-0000-0000-0000-000000000212",'S_BRG',"00000000-0000-0000-0000-00000000001a",0,0,1,' Escher_Date_t ',' Escher_Date_t p_date ','Escher_Date_t p_date;
',', p_date','%d',' p_date','','    e->p_date = p_date;','    e->p_date = p_date;','','TIM_get_year','i_t',0,"00000000-0000-0000-0000-000000000000",'','' );
INSERT INTO TE_ABA VALUES ( "00000000-0000-0000-0000-000000000214",'S_BRG',"00000000-0000-0000-0000-00000000001a",0,0,1,' void ','','','','','','','','','','TIM_current_clock','Escher_TimeStamp_t',0,"00000000-0000-0000-0000-000000000000",'','' );
INSERT INTO TE_ABA VALUES ( "00000000-0000-0000-0000-000000000216",'S_BRG',"00000000-0000-0000-0000-00000000001a",0,0,1,' Escher_xtUMLEvent_t *, const i_t ',' Escher_xtUMLEvent_t * p_event_inst, const i_t p_microseconds ','Escher_xtUMLEvent_t * p_event_inst;
i_t p_microseconds;
',', p_event_inst, p_microseconds','%p,%d',' p_event_inst, p_microseconds','','    e->p_event_inst = p_event_inst;    e->p_microseconds = p_microseconds;','    e->p_event_inst = p_event_inst;    e->p_microseconds = p_microseconds;','','TIM_timer_start','Escher_Timer_t',0,"00000000-0000-0000-0000-000000000000",'','' );
INSERT INTO TE_ABA VALUES ( "00000000-0000-0000-0000-000000000218",'S_BRG',"00000000-0000-0000-0000-00000000001a",0,0,1,' Escher_xtUMLEvent_t *, const i_t ',' Escher_xtUMLEvent_t * p_event_inst, const i_t p_microseconds ','Escher_xtUMLEvent_t * p_event_inst;
i_t p_microseconds;
',', p_event_inst, p_microseconds','%p,%d',' p_event_inst, p_microseconds','','    e->p_event_inst = p_event_inst;    e->p_microseconds = p_microseconds;','    e->p_event_inst = p_event_inst;    e->p_microseconds = p_microseconds;','','TIM_timer_start_recurring','Escher_Timer_t',0,"00000000-0000-0000-0000-000000000000",'','' );
INSERT INTO TE_ABA VALUES ( "00000000-0000-0000-0000-00000000021a",'S_BRG',"00000000-0000-0000-0000-00000000001a",0,0,1,' Escher_Timer_t ',' Escher_Timer_t p_timer_inst_ref ','Escher_Timer_t p_timer_inst_ref;
',', p_timer_inst_ref','%d',' p_timer_inst_ref','','    e->p_timer_inst_ref = p_timer_inst_ref;','    e->p_timer_inst_ref = p_timer_inst_ref;','','TIM_timer_remaining_time','i_t',0,"00000000-0000-0000-0000-000000000000",'','' );
INSERT INTO TE_ABA VALUES ( "00000000-0000-0000-0000-00000000021c",'S_BRG',"00000000-0000-0000-0000-00000000001a",0,0,1,' const i_t, Escher_Timer_t ',' const i_t p_microseconds, Escher_Timer_t p_timer_inst_ref ','i_t p_microseconds;
Escher_Timer_t p_timer_inst_ref;
',', p_microseconds, p_timer_inst_ref','%d,%d',' p_microseconds, p_timer_inst_ref','','    e->p_microseconds = p_microseconds;    e->p_timer_inst_ref = p_timer_inst_ref;','    e->p_microseconds = p_microseconds;    e->p_timer_inst_ref = p_timer_inst_ref;','','TIM_timer_reset_time','bool',0,"00000000-0000-0000-0000-000000000000",'','' );
INSERT INTO TE_ABA VALUES ( "00000000-0000-0000-0000-00000000021e",'S_BRG',"00000000-0000-0000-0000-00000000001a",0,0,1,' const i_t, Escher_Timer_t ',' const i_t p_microseconds, Escher_Timer_t p_timer_inst_ref ','i_t p_microseconds;
Escher_Timer_t p_timer_inst_ref;
',', p_microseconds, p_timer_inst_ref','%d,%d',' p_microseconds, p_timer_inst_ref','','    e->p_microseconds = p_microseconds;    e->p_timer_inst_ref = p_timer_inst_ref;','    e->p_microseconds = p_microseconds;    e->p_timer_inst_ref = p_timer_inst_ref;','','TIM_timer_add_time','bool',0,"00000000-0000-0000-0000-000000000000",'','' );
INSERT INTO TE_ABA VALUES ( "00000000-0000-0000-0000-000000000220",'S_BRG',"00000000-0000-0000-0000-00000000001a",0,0,1,' Escher_Timer_t ',' Escher_Timer_t p_timer_inst_ref ','Escher_Timer_t p_timer_inst_ref;
',', p_timer_inst_ref','%d',' p_timer_inst_ref','','    e->p_timer_inst_ref = p_timer_inst_ref;','    e->p_timer_inst_ref = p_timer_inst_ref;','','TIM_timer_cancel','bool',0,"00000000-0000-0000-0000-000000000000",'','' );
INSERT INTO TE_ABA VALUES ( "00000000-0000-0000-0000-000000000222",'S_BRG',"00000000-0000-0000-0000-00000000001a",0,0,1,' const i_t, const i_t, const i_t, const i_t, const Escher_TimeStamp_t ',' const i_t p_days, const i_t p_hours, const i_t p_minutes, const i_t p_seconds, const Escher_TimeStamp_t p_time ','i_t p_days;
i_t p_hours;
i_t p_minutes;
i_t p_seconds;
Escher_TimeStamp_t p_time;
',', p_days, p_hours, p_minutes, p_seconds, p_time','%d,%d,%d,%d,%d',' p_days, p_hours, p_minutes, p_seconds, p_time','','    e->p_days = p_days;    e->p_hours = p_hours;    e->p_minutes = p_minutes;    e->p_seconds = p_seconds;    e->p_time = p_time;','    e->p_days = p_days;    e->p_hours = p_hours;    e->p_minutes = p_minutes;    e->p_seconds = p_seconds;    e->p_time = p_time;','','TIM_time_add','Escher_TimeStamp_t',0,"00000000-0000-0000-0000-000000000000",'','' );
INSERT INTO TE_ABA VALUES ( "00000000-0000-0000-0000-000000000224",'S_BRG',"00000000-0000-0000-0000-00000000001a",0,0,1,' const Escher_TimeStamp_t, const Escher_TimeStamp_t ',' const Escher_TimeStamp_t p_timestamp1, const Escher_TimeStamp_t p_timestamp2 ','Escher_TimeStamp_t p_timestamp1;
Escher_TimeStamp_t p_timestamp2;
',', p_timestamp1, p_timestamp2','%d,%d',' p_timestamp1, p_timestamp2','','    e->p_timestamp1 = p_timestamp1;    e->p_timestamp2 = p_timestamp2;','    e->p_timestamp1 = p_timestamp1;    e->p_timestamp2 = p_timestamp2;','','TIM_time_duration','i_t',0,"00000000-0000-0000-0000-000000000000",'','' );
INSERT INTO TE_ABA VALUES ( "00000000-0000-0000-0000-000000000230",'SM_ACT',"00000000-0000-0000-0000-00000000001a",0,0,1,' void ','','','','','','','','','','ADTTM_LD_act1','void',0,"00000000-0000-0000-0000-000000000000",'','' );
INSERT INTO TE_ABA VALUES ( "00000000-0000-0000-0000-000000000233",'SM_ACT',"00000000-0000-0000-0000-00000000001a",0,0,1,' void ','','','','','','','','','','ADTTM_LD_act2','void',0,"00000000-0000-0000-0000-000000000000",'','  /* self.MeasureEnvironment() */
  XTUML_OAL_STMT_TRACE( 1, "self.MeasureEnvironment()" );
  ADTTM_LD_op_MeasureEnvironment( self );
  /* GENERATE LD2:Measured() TO SELF */
  XTUML_OAL_STMT_TRACE( 1, "GENERATE LD2:Measured() TO SELF" );
  { Escher_xtUMLEvent_t * e = Escher_NewxtUMLEvent( self, &ADTTM_LDevent2c );
    Escher_SendSelfEvent( e );
  }
' );
INSERT INTO TE_ABA VALUES ( "00000000-0000-0000-0000-000000000237",'O_TFR',"00000000-0000-0000-0000-00000000001a",0,0,1,' c_t[ESCHER_SYS_MAX_STRING_LEN] ',' c_t p_order[ESCHER_SYS_MAX_STRING_LEN] ','c_t p_order[ESCHER_SYS_MAX_STRING_LEN];
','','[]',' p_order','','    Escher_strcpy( e->p_order, p_order );','    Escher_strcpy( e->p_order, p_order );','','ADTTM_LD_op_Command','void',0,"00000000-0000-0000-0000-000000000000",'','' );
INSERT INTO TE_ABA VALUES ( "00000000-0000-0000-0000-000000000239",'O_TFR',"00000000-0000-0000-0000-00000000001a",0,0,1,' void ','','','','','','','','','','ADTTM_LD_op_MeasureEnvironment','void',0,"00000000-0000-0000-0000-000000000000",'','' );
INSERT INTO TE_ABA VALUES ( "00000000-0000-0000-0000-00000000023b",'O_TFR',"00000000-0000-0000-0000-00000000001a",0,0,1,' c_t[ESCHER_SYS_MAX_STRING_LEN], const i_t, c_t[ESCHER_SYS_MAX_STRING_LEN] ',' c_t A0xtumlsret[ESCHER_SYS_MAX_STRING_LEN], const i_t p_mode, c_t p_operation[ESCHER_SYS_MAX_STRING_LEN] ','c_t A0xtumlsret[ESCHER_SYS_MAX_STRING_LEN];
i_t p_mode;
c_t p_operation[ESCHER_SYS_MAX_STRING_LEN];
',', p_mode','[],%d,[]',' A0xtumlsret, p_mode, p_operation','','    Escher_strcpy( e->p_A0xtumlsret, A0xtumlsret );    e->p_mode = p_mode;    Escher_strcpy( e->p_operation, p_operation );','    e->p_mode = p_mode;    Escher_strcpy( e->p_operation, p_operation );','','ADTTM_LD_op_CommandWithResult','c_t *',1,"00000000-0000-0000-0000-000000000000",'[ESCHER_SYS_MAX_STRING_LEN]','  c_t result[ESCHER_SYS_MAX_STRING_LEN];
  /* ASSIGN result =  */
  XTUML_OAL_STMT_TRACE( 1, "ASSIGN result = " );
  Escher_strcpy( result, "" );
  /* RETURN result */
  XTUML_OAL_STMT_TRACE( 1, "RETURN result" );
  {c_t * xtumlOALrv = result;
  return Escher_strcpy( A0xtumlsret, xtumlOALrv );}
' );
INSERT INTO TE_ABA VALUES ( "00000000-0000-0000-0000-000000000246",'O_TFR',"00000000-0000-0000-0000-00000000001a",0,0,1,' c_t[ESCHER_SYS_MAX_STRING_LEN] ',' c_t p_order[ESCHER_SYS_MAX_STRING_LEN] ','c_t p_order[ESCHER_SYS_MAX_STRING_LEN];
','','[]',' p_order','','    Escher_strcpy( e->p_order, p_order );','    Escher_strcpy( e->p_order, p_order );','','ADTTM_ME_op_Command','void',0,"00000000-0000-0000-0000-000000000000",'','' );
INSERT INTO TE_ABA VALUES ( "00000000-0000-0000-0000-00000000024f",'SM_ACT',"00000000-0000-0000-0000-00000000001a",0,0,1,' void ','','','','','','','','','','ADTTM_W_act1','void',0,"00000000-0000-0000-0000-000000000000",'','  ADTTM_LD * ld=0;
  /* SELECT any ld FROM INSTANCES OF LD WHERE SELECTED.LiefDeviceId == PARAM.targetId */
  XTUML_OAL_STMT_TRACE( 1, "SELECT any ld FROM INSTANCES OF LD WHERE SELECTED.LiefDeviceId == PARAM.targetId" );
  ld = 0;
  { ADTTM_LD * selected;
    Escher_Iterator_s iterldADTTM_LD;
    Escher_IteratorReset( &iterldADTTM_LD, &pG_ADTTM_LD_extent.active );
    while ( (selected = (ADTTM_LD *) Escher_IteratorNext( &iterldADTTM_LD )) != 0 ) {
      if ( ((ADTTM_LD *)xtUML_detect_empty_handle( selected, "LD", "SELECTED.LiefDeviceId" ))->LiefDeviceId == rcvd_evt->p_targetId ) {
        ld = selected;
        break;
      }
    }
  }
  /* IF ( not_empty ld ) */
  XTUML_OAL_STMT_TRACE( 1, "IF ( not_empty ld )" );
  if ( ( 0 != ld ) ) {
    /* RELATE SELF TO ld ACROSS R6 */
    XTUML_OAL_STMT_TRACE( 2, "RELATE SELF TO ld ACROSS R6" );
    ADTTM_W_R6_Link( ld, self );
  }
' );
INSERT INTO TE_ABA VALUES ( "00000000-0000-0000-0000-000000000252",'SM_ACT',"00000000-0000-0000-0000-00000000001a",0,0,1,' void ','','','','','','','','','','ADTTM_W_act2','void',0,"00000000-0000-0000-0000-000000000000",'','  ADTTM_LD * ld=0;
  /* SELECT one ld RELATED BY self->LD[R6.target] */
  XTUML_OAL_STMT_TRACE( 1, "SELECT one ld RELATED BY self->LD[R6.target]" );
  ld = ( 0 != self ) ? self->LD_R6_target : 0;
  /* GENERATE LD1:Measure() TO ld */
  XTUML_OAL_STMT_TRACE( 1, "GENERATE LD1:Measure() TO ld" );
  { Escher_xtUMLEvent_t * e = Escher_NewxtUMLEvent( ld, &ADTTM_LDevent1c );
    Escher_SendEvent( e );
  }
  /* GENERATE W3:Done() TO SELF */
  XTUML_OAL_STMT_TRACE( 1, "GENERATE W3:Done() TO SELF" );
  { Escher_xtUMLEvent_t * e = Escher_NewxtUMLEvent( self, &ADTTM_Wevent3c );
    Escher_SendSelfEvent( e );
  }
' );
INSERT INTO TE_ABA VALUES ( "00000000-0000-0000-0000-000000000255",'SM_ACT',"00000000-0000-0000-0000-00000000001a",0,0,1,' void ','','','','','','','','','','ADTTM_W_act3','void',0,"00000000-0000-0000-0000-000000000000",'','  ADTTM_LD * ld=0;
  /* SELECT one ld RELATED BY self->LD[R6.target] */
  XTUML_OAL_STMT_TRACE( 1, "SELECT one ld RELATED BY self->LD[R6.target]" );
  ld = ( 0 != self ) ? self->LD_R6_target : 0;
  /* UNRELATE ld FROM self ACROSS R6 */
  XTUML_OAL_STMT_TRACE( 1, "UNRELATE ld FROM self ACROSS R6" );
  ADTTM_W_R6_Unlink( ld, self );
' );
INSERT INTO TE_ABA VALUES ( "00000000-0000-0000-0000-00000000025e",'O_TFR',"00000000-0000-0000-0000-00000000001a",0,0,1,' void ','','','','','','','','','','ADTTM_TE_op_GetNumberOfLiefDevices','i_t',0,"00000000-0000-0000-0000-000000000000",'','  ADTTM_ME * md=0;i_t numOfLD;Escher_ObjectSet_s mdSet_space={0}; Escher_ObjectSet_s * mdSet = &mdSet_space;
  /* ASSIGN numOfLD = 0 */
  XTUML_OAL_STMT_TRACE( 1, "ASSIGN numOfLD = 0" );
  numOfLD = 0;
  /* SELECT many mdSet RELATED BY self->ME[R1.child] */
  XTUML_OAL_STMT_TRACE( 1, "SELECT many mdSet RELATED BY self->ME[R1.child]" );
  Escher_ClearSet( mdSet );
  if ( 0 != self ) {
    Escher_CopySet( mdSet, &self->ME_R1_child );
  }
  /* FOR EACH md IN mdSet */
  XTUML_OAL_STMT_TRACE( 1, "FOR EACH md IN mdSet" );
  { Escher_Iterator_s itermd;
  ADTTM_ME * iimd;
  Escher_IteratorReset( &itermd, mdSet );
  while ( (iimd = (ADTTM_ME *)Escher_IteratorNext( &itermd )) != 0 ) {
    md = iimd; {
    Escher_ObjectSet_s ldSet_space={0}; Escher_ObjectSet_s * ldSet = &ldSet_space;
    /* SELECT many ldSet RELATED BY md->LD[R2.measurement] */
    XTUML_OAL_STMT_TRACE( 2, "SELECT many ldSet RELATED BY md->LD[R2.measurement]" );
    Escher_ClearSet( ldSet );
    if ( 0 != md ) {
      Escher_CopySet( ldSet, &md->LD_R2_measurement );
    }
    /* ASSIGN numOfLD = ( numOfLD + cardinality ldSet ) */
    XTUML_OAL_STMT_TRACE( 2, "ASSIGN numOfLD = ( numOfLD + cardinality ldSet )" );
    numOfLD = ( numOfLD + Escher_SetCardinality( ldSet ) );
    Escher_ClearSet( ldSet ); 
  }}}
  /* RETURN numOfLD */
  XTUML_OAL_STMT_TRACE( 1, "RETURN numOfLD" );
  {i_t xtumlOALrv = numOfLD;
  Escher_ClearSet( mdSet ); 
  return xtumlOALrv;}
  Escher_ClearSet( mdSet ); 
' );
INSERT INTO TE_C VALUES ( "00000000-0000-0000-0000-00000000001a",'ADTTM','',0,1,1,1,0,0,1,0,'ADTTM_classes',90,20,30,1,1,0,0,0,0,0,'ADTTM',1,1,0,1,"00000000-0000-0000-0000-000000000000","00000000-0000-0000-0000-000000000003","00000000-0000-0000-0000-000000000044","00000000-0000-0000-0000-00000000003a",'','','"Lief Device","Worker","Top Entity","Middle Entity","Order of Device","TestSuper","SubClass1","SubClass2","Mapping Middel To Lief"',"00000000-0000-0000-0000-000000000034" );
INSERT INTO TE_MBR VALUES ( "00000000-0000-0000-0000-000000000047",'Temperature','Temperature',0,"00000000-0000-0000-0000-000000000000",'',"00000000-0000-0000-0000-000000000000","00000000-0000-0000-0000-000000000029","00000000-0000-0000-0000-0000000000d7","00000000-0000-0000-0000-0000000000d6" );
INSERT INTO TE_MBR VALUES ( "00000000-0000-0000-0000-000000000048",'Humidity','Humidity',0,"00000000-0000-0000-0000-000000000000",'',"00000000-0000-0000-0000-000000000047","00000000-0000-0000-0000-000000000029","00000000-0000-0000-0000-0000000000d8","00000000-0000-0000-0000-0000000000d6" );
INSERT INTO TE_MBR VALUES ( "00000000-0000-0000-0000-000000000049",'AtmosphericPressure','AtmosphericPressure',0,"00000000-0000-0000-0000-000000000000",'',"00000000-0000-0000-0000-000000000048","00000000-0000-0000-0000-000000000029","00000000-0000-0000-0000-0000000000d9","00000000-0000-0000-0000-0000000000d6" );
INSERT INTO TE_MBR VALUES ( "00000000-0000-0000-0000-00000000004a",'CO2Concentration','CO2Concentration',0,"00000000-0000-0000-0000-000000000000",'',"00000000-0000-0000-0000-000000000049","00000000-0000-0000-0000-000000000029","00000000-0000-0000-0000-0000000000da","00000000-0000-0000-0000-0000000000d6" );
INSERT INTO TE_MBR VALUES ( "00000000-0000-0000-0000-00000000004b",'Brightness','Brightness',0,"00000000-0000-0000-0000-000000000000",'',"00000000-0000-0000-0000-00000000004a","00000000-0000-0000-0000-000000000029","00000000-0000-0000-0000-0000000000db","00000000-0000-0000-0000-0000000000d6" );
INSERT INTO TE_MBR VALUES ( "00000000-0000-0000-0000-00000000004c",'Timestamp','Timestamp',0,"00000000-0000-0000-0000-000000000000",'',"00000000-0000-0000-0000-00000000004b","00000000-0000-0000-0000-00000000001c","00000000-0000-0000-0000-0000000000dc","00000000-0000-0000-0000-0000000000d6" );
INSERT INTO TE_EE VALUES ( 'String Utility','ADTTM_STR','STR','@constructor(new:Kae.DomainModel.Csharp.Framework.ExternalEntity.STR.STRImpl,namespace:Kae.DomainModel.Csharp.Framework.ExternalEntity.STR);builtin(true)
',1,'ADTTM_STR_bridge','ADTTM_STR_bridge.h',0,"00000000-0000-0000-0000-00000000001a","00000000-0000-0000-0000-000000000069","00000000-0000-0000-0000-000000000042","00000000-0000-0000-0000-000000000046" );
INSERT INTO TE_EE VALUES ( 'Random','ADTTM_RND','RND','@constructor(new:Kae.DomainModel.Csharp.Framework.ExternalEntity.RND.RNDImpl,namespace:new:Kae.DomainModel.Csharp.Framework.ExternalEntity.RND);builtin(true)',0,'ADTTM_RND_bridge','ADTTM_RND_bridge.h',0,"00000000-0000-0000-0000-00000000001a","00000000-0000-0000-0000-00000000005c","00000000-0000-0000-0000-000000000044","00000000-0000-0000-0000-000000000042" );
INSERT INTO TE_EE VALUES ( 'Time','TIM','TIM','@constructor(Kae.DomainModel.Csharp.Framework.ExternalEntities.TIM.impl.TIMImpl)
The Time external entity provides date, timestamp, and timer related operations.',0,'ADTTM_TIM_bridge','TIM_bridge.h',0,"00000000-0000-0000-0000-00000000001a","00000000-0000-0000-0000-000000000005","00000000-0000-0000-0000-000000000046","00000000-0000-0000-0000-000000000000" );
INSERT INTO TE_DT VALUES ( "00000000-0000-0000-0000-00000000001c",'timestamp',2,1,'Escher_TimeStamp_t','ADTTestModel_sys_types.h','CTOR','',0,'ADTTestModel','%d',0,"00000000-0000-0000-0000-000000000000","00000000-0000-0000-0000-00000000002d" );
INSERT INTO TE_DT VALUES ( "00000000-0000-0000-0000-00000000001d",'inst_ref<Timer>',12,1,'Escher_Timer_t','ADTTestModel_sys_types.h','0','',0,'ADTTestModel','%d',0,"00000000-0000-0000-0000-000000000000","00000000-0000-0000-0000-000000000031" );
INSERT INTO TE_DT VALUES ( "00000000-0000-0000-0000-00000000001e",'date',11,1,'Escher_Date_t','ADTTestModel_sys_types.h','CTOR','',0,'ADTTestModel','%d',0,"00000000-0000-0000-0000-000000000000","00000000-0000-0000-0000-000000000007" );
INSERT INTO TE_DT VALUES ( "00000000-0000-0000-0000-00000000001f",'component_ref',13,0,'','ADTTestModel_sys_types.h','','',0,'ADTTestModel','%x',0,"00000000-0000-0000-0000-000000000000","00000000-0000-0000-0000-00000000025d" );
INSERT INTO TE_DT VALUES ( "00000000-0000-0000-0000-000000000020",'inst_ref<Mapping>',12,0,'i_t','ADTTestModel_sys_types.h','0','',0,'ADTTestModel','%d',0,"00000000-0000-0000-0000-000000000000","00000000-0000-0000-0000-00000000025c" );
INSERT INTO TE_DT VALUES ( "00000000-0000-0000-0000-000000000021",'inst<Mapping>',11,0,'','ADTTestModel_sys_types.h','','',0,'ADTTestModel','%d',0,"00000000-0000-0000-0000-000000000000","00000000-0000-0000-0000-00000000025b" );
INSERT INTO TE_DT VALUES ( "00000000-0000-0000-0000-000000000022",'inst<Event>',10,1,'Escher_xtUMLEvent_t *','ADTTestModel_sys_types.h','0','',0,'ADTTestModel','%p',0,"00000000-0000-0000-0000-000000000000","00000000-0000-0000-0000-000000000034" );
INSERT INTO TE_DT VALUES ( "00000000-0000-0000-0000-000000000023",'inst_ref_set<Object>',9,0,'Escher_ObjectSet_s *','ADTTestModel_sys_types.h','','',0,'ADTTestModel','%p',0,"00000000-0000-0000-0000-000000000000","00000000-0000-0000-0000-000000000102" );
INSERT INTO TE_DT VALUES ( "00000000-0000-0000-0000-000000000024",'inst_ref<Object>',8,0,'void *','ADTTestModel_sys_types.h','','',0,'ADTTestModel','%p',0,"00000000-0000-0000-0000-000000000000","00000000-0000-0000-0000-000000000100" );
INSERT INTO TE_DT VALUES ( "00000000-0000-0000-0000-000000000025",'same_as<Base_Attribute>',7,0,'','ADTTestModel_sys_types.h','','',0,'ADTTestModel','%p',0,"00000000-0000-0000-0000-000000000000","00000000-0000-0000-0000-0000000000e7" );
INSERT INTO TE_DT VALUES ( "00000000-0000-0000-0000-000000000026",'state<State_Model>',6,0,'','ADTTestModel_sys_types.h','','',0,'ADTTestModel','%d',0,"00000000-0000-0000-0000-000000000000","00000000-0000-0000-0000-000000000115" );
INSERT INTO TE_DT VALUES ( "00000000-0000-0000-0000-000000000027",'unique_id',5,0,'Escher_UniqueID_t','ADTTestModel_sys_types.h','0','',0,'ADTTestModel','%s',0,"00000000-0000-0000-0000-000000000000","00000000-0000-0000-0000-0000000000df" );
INSERT INTO TE_DT VALUES ( "00000000-0000-0000-0000-000000000028",'string',4,1,'c_t','ADTTestModel_sys_types.h','CTOR','',0,'ADTTestModel','%s',0,"00000000-0000-0000-0000-000000000000","00000000-0000-0000-0000-00000000006c" );
INSERT INTO TE_DT VALUES ( "00000000-0000-0000-0000-000000000029",'real',3,1,'r_t','ADTTestModel_sys_types.h','0.0','',0,'ADTTestModel','%f',0,"00000000-0000-0000-0000-000000000000","00000000-0000-0000-0000-000000000066" );
INSERT INTO TE_DT VALUES ( "00000000-0000-0000-0000-00000000002a",'integer',2,1,'i_t','ADTTestModel_sys_types.h','0','',0,'ADTTestModel','%d',0,"00000000-0000-0000-0000-000000000000","00000000-0000-0000-0000-00000000000c" );
INSERT INTO TE_DT VALUES ( "00000000-0000-0000-0000-00000000002b",'boolean',1,1,'bool','ADTTestModel_sys_types.h','false','',0,'ADTTestModel','%d',0,"00000000-0000-0000-0000-000000000000","00000000-0000-0000-0000-000000000041" );
INSERT INTO TE_DT VALUES ( "00000000-0000-0000-0000-00000000002c",'void',0,0,'void','ADTTestModel_sys_types.h','0','',0,'ADTTestModel','',0,"00000000-0000-0000-0000-000000000000","00000000-0000-0000-0000-00000000005e" );
INSERT INTO TE_DT VALUES ( "00000000-0000-0000-0000-00000000002d",'EnvironmentPhysicalQuantities',-1,0,'ADTTM_sdt_EnvironmentPhysicalQuantities','','','',0,'ADTTM','',0,"00000000-0000-0000-0000-00000000001a","00000000-0000-0000-0000-0000000000d6" );
INSERT INTO TE_ACT VALUES ( "00000000-0000-0000-0000-000000000230",'ADTTM_LD_act1',0,"00000000-0000-0000-0000-00000000018e","00000000-0000-0000-0000-000000000191" );
INSERT INTO TE_ACT VALUES ( "00000000-0000-0000-0000-000000000233",'ADTTM_LD_act2',0,"00000000-0000-0000-0000-00000000018e","00000000-0000-0000-0000-000000000195" );
INSERT INTO TE_ACT VALUES ( "00000000-0000-0000-0000-00000000024f",'ADTTM_W_act1',0,"00000000-0000-0000-0000-00000000011b","00000000-0000-0000-0000-000000000121" );
INSERT INTO TE_ACT VALUES ( "00000000-0000-0000-0000-000000000252",'ADTTM_W_act2',0,"00000000-0000-0000-0000-00000000011b","00000000-0000-0000-0000-000000000131" );
INSERT INTO TE_ACT VALUES ( "00000000-0000-0000-0000-000000000255",'ADTTM_W_act3',0,"00000000-0000-0000-0000-00000000011b","00000000-0000-0000-0000-00000000013d" );
INSERT INTO TE_SYNC VALUES ( 'TestExternalEntity',0,0,0,1,0,"00000000-0000-0000-0000-0000000001b6",'ADTTM_TestExternalEntity','ADTTM_TestExternalEntity','ADTTM_TestExternalEntity_deferred',"00000000-0000-0000-0000-00000000001a","00000000-0000-0000-0000-00000000024f","00000000-0000-0000-0000-000000000038","00000000-0000-0000-0000-00000000003c" );
INSERT INTO TE_SYNC VALUES ( 'ClearInstances',0,0,0,1,0,"00000000-0000-0000-0000-0000000001b7",'ADTTM_ClearInstances','ADTTM_ClearInstances','ADTTM_ClearInstances_deferred',"00000000-0000-0000-0000-00000000001a","00000000-0000-0000-0000-000000000234","00000000-0000-0000-0000-00000000003a","00000000-0000-0000-0000-000000000038" );
INSERT INTO TE_SYNC VALUES ( 'TestInitialize',0,0,0,1,0,"00000000-0000-0000-0000-0000000001b8",'ADTTM_TestInitialize','ADTTM_TestInitialize','ADTTM_TestInitialize_deferred',"00000000-0000-0000-0000-00000000001a","00000000-0000-0000-0000-0000000001e6","00000000-0000-0000-0000-00000000003c","00000000-0000-0000-0000-000000000040" );
INSERT INTO TE_SYNC VALUES ( 'TestSelectRelated',0,0,0,1,0,"00000000-0000-0000-0000-0000000001b9",'ADTTM_TestSelectRelated','ADTTM_TestSelectRelated','ADTTM_TestSelectRelated_deferred',"00000000-0000-0000-0000-00000000001a","00000000-0000-0000-0000-0000000001bf","00000000-0000-0000-0000-00000000003e","00000000-0000-0000-0000-000000000000" );
INSERT INTO TE_SYNC VALUES ( 'TestSelectInstances',0,0,0,1,0,"00000000-0000-0000-0000-0000000001ba",'ADTTM_TestSelectInstances','ADTTM_TestSelectInstances','ADTTM_TestSelectInstances_deferred',"00000000-0000-0000-0000-00000000001a","00000000-0000-0000-0000-0000000001a3","00000000-0000-0000-0000-000000000040","00000000-0000-0000-0000-00000000003e" );
INSERT INTO TE_TFR VALUES ( 0,1,1,'LD','Command','ADTTM_LD_op_Command',"00000000-0000-0000-0000-000000000237","00000000-0000-0000-0000-000000000172" );
INSERT INTO TE_TFR VALUES ( 0,1,1,'LD','MeasureEnvironment','ADTTM_LD_op_MeasureEnvironment',"00000000-0000-0000-0000-000000000239","00000000-0000-0000-0000-000000000176" );
INSERT INTO TE_TFR VALUES ( 0,1,1,'LD','CommandWithResult','ADTTM_LD_op_CommandWithResult',"00000000-0000-0000-0000-00000000023b","00000000-0000-0000-0000-000000000179" );
INSERT INTO TE_TFR VALUES ( 0,1,1,'ME','Command','ADTTM_ME_op_Command',"00000000-0000-0000-0000-000000000246","00000000-0000-0000-0000-00000000015c" );
INSERT INTO TE_TFR VALUES ( 0,1,1,'TE','GetNumberOfLiefDevices','ADTTM_TE_op_GetNumberOfLiefDevices',"00000000-0000-0000-0000-00000000025e","00000000-0000-0000-0000-0000000000ee" );
INSERT INTO R_REL VALUES ( "00000000-0000-0000-0000-0000000000f9",1,'',"00000000-0000-0000-0000-000000000000" );
INSERT INTO R_REL VALUES ( "00000000-0000-0000-0000-000000000108",2,'',"00000000-0000-0000-0000-000000000000" );
INSERT INTO R_REL VALUES ( "00000000-0000-0000-0000-0000000000e2",3,'',"00000000-0000-0000-0000-000000000000" );
INSERT INTO R_REL VALUES ( "00000000-0000-0000-0000-000000000153",4,'',"00000000-0000-0000-0000-000000000000" );
INSERT INTO R_REL VALUES ( "00000000-0000-0000-0000-00000000016a",5,'',"00000000-0000-0000-0000-000000000000" );
INSERT INTO R_REL VALUES ( "00000000-0000-0000-0000-000000000116",6,'',"00000000-0000-0000-0000-000000000000" );
INSERT INTO TE_BRG VALUES ( 'String Utility','STR','charindex','ADTTM_STR_charindex',"00000000-0000-0000-0000-0000000001bc","00000000-0000-0000-0000-00000000006a","00000000-0000-0000-0000-000000000069" );
INSERT INTO TE_BRG VALUES ( 'String Utility','STR','concat','ADTTM_STR_concat',"00000000-0000-0000-0000-0000000001be","00000000-0000-0000-0000-000000000071","00000000-0000-0000-0000-000000000069" );
INSERT INTO TE_BRG VALUES ( 'String Utility','STR','left','ADTTM_STR_left',"00000000-0000-0000-0000-0000000001c1","00000000-0000-0000-0000-000000000076","00000000-0000-0000-0000-000000000069" );
INSERT INTO TE_BRG VALUES ( 'String Utility','STR','len','ADTTM_STR_len',"00000000-0000-0000-0000-0000000001c4","00000000-0000-0000-0000-00000000007b","00000000-0000-0000-0000-000000000069" );
INSERT INTO TE_BRG VALUES ( 'String Utility','STR','lower','ADTTM_STR_lower',"00000000-0000-0000-0000-0000000001c6","00000000-0000-0000-0000-00000000007f","00000000-0000-0000-0000-000000000069" );
INSERT INTO TE_BRG VALUES ( 'String Utility','STR','ltrim','ADTTM_STR_ltrim',"00000000-0000-0000-0000-0000000001c9","00000000-0000-0000-0000-000000000083","00000000-0000-0000-0000-000000000069" );
INSERT INTO TE_BRG VALUES ( 'String Utility','STR','match','ADTTM_STR_match',"00000000-0000-0000-0000-0000000001cc","00000000-0000-0000-0000-000000000087","00000000-0000-0000-0000-000000000069" );
INSERT INTO TE_BRG VALUES ( 'String Utility','STR','replace','ADTTM_STR_replace',"00000000-0000-0000-0000-0000000001cf","00000000-0000-0000-0000-00000000008c","00000000-0000-0000-0000-000000000069" );
INSERT INTO TE_BRG VALUES ( 'String Utility','STR','replicate','ADTTM_STR_replicate',"00000000-0000-0000-0000-0000000001d2","00000000-0000-0000-0000-000000000092","00000000-0000-0000-0000-000000000069" );
INSERT INTO TE_BRG VALUES ( 'String Utility','STR','reverse','ADTTM_STR_reverse',"00000000-0000-0000-0000-0000000001d5","00000000-0000-0000-0000-000000000097","00000000-0000-0000-0000-000000000069" );
INSERT INTO TE_BRG VALUES ( 'String Utility','STR','right','ADTTM_STR_right',"00000000-0000-0000-0000-0000000001d8","00000000-0000-0000-0000-00000000009b","00000000-0000-0000-0000-000000000069" );
INSERT INTO TE_BRG VALUES ( 'String Utility','STR','rtrim','ADTTM_STR_rtrim',"00000000-0000-0000-0000-0000000001db","00000000-0000-0000-0000-0000000000a0","00000000-0000-0000-0000-000000000069" );
INSERT INTO TE_BRG VALUES ( 'String Utility','STR','substring','ADTTM_STR_substring',"00000000-0000-0000-0000-0000000001de","00000000-0000-0000-0000-0000000000a4","00000000-0000-0000-0000-000000000069" );
INSERT INTO TE_BRG VALUES ( 'String Utility','STR','trim','ADTTM_STR_trim',"00000000-0000-0000-0000-0000000001e1","00000000-0000-0000-0000-0000000000aa","00000000-0000-0000-0000-000000000069" );
INSERT INTO TE_BRG VALUES ( 'String Utility','STR','upper','ADTTM_STR_upper',"00000000-0000-0000-0000-0000000001e4","00000000-0000-0000-0000-0000000000ae","00000000-0000-0000-0000-000000000069" );
INSERT INTO TE_BRG VALUES ( 'String Utility','STR','tobool','ADTTM_STR_tobool',"00000000-0000-0000-0000-0000000001e7","00000000-0000-0000-0000-0000000000b2","00000000-0000-0000-0000-000000000069" );
INSERT INTO TE_BRG VALUES ( 'String Utility','STR','tointeger','ADTTM_STR_tointeger',"00000000-0000-0000-0000-0000000001e9","00000000-0000-0000-0000-0000000000b6","00000000-0000-0000-0000-000000000069" );
INSERT INTO TE_BRG VALUES ( 'String Utility','STR','toreal','ADTTM_STR_toreal',"00000000-0000-0000-0000-0000000001eb","00000000-0000-0000-0000-0000000000ba","00000000-0000-0000-0000-000000000069" );
INSERT INTO TE_BRG VALUES ( 'String Utility','STR','todate','ADTTM_STR_todate',"00000000-0000-0000-0000-0000000001ed","00000000-0000-0000-0000-0000000000be","00000000-0000-0000-0000-000000000069" );
INSERT INTO TE_BRG VALUES ( 'String Utility','STR','frombool','ADTTM_STR_frombool',"00000000-0000-0000-0000-0000000001ef","00000000-0000-0000-0000-0000000000c2","00000000-0000-0000-0000-000000000069" );
INSERT INTO TE_BRG VALUES ( 'String Utility','STR','frominteger','ADTTM_STR_frominteger',"00000000-0000-0000-0000-0000000001f2","00000000-0000-0000-0000-0000000000c6","00000000-0000-0000-0000-000000000069" );
INSERT INTO TE_BRG VALUES ( 'String Utility','STR','fromreal','ADTTM_STR_fromreal',"00000000-0000-0000-0000-0000000001f5","00000000-0000-0000-0000-0000000000ca","00000000-0000-0000-0000-000000000069" );
INSERT INTO TE_BRG VALUES ( 'String Utility','STR','fromdate','ADTTM_STR_fromdate',"00000000-0000-0000-0000-0000000001f8","00000000-0000-0000-0000-0000000000ce","00000000-0000-0000-0000-000000000069" );
INSERT INTO TE_BRG VALUES ( 'String Utility','STR','newguid','ADTTM_STR_newguid',"00000000-0000-0000-0000-0000000001fb","00000000-0000-0000-0000-0000000000d2","00000000-0000-0000-0000-000000000069" );
INSERT INTO TE_BRG VALUES ( 'Random','RND','seed','ADTTM_RND_seed',"00000000-0000-0000-0000-0000000001fe","00000000-0000-0000-0000-00000000005d","00000000-0000-0000-0000-00000000005c" );
INSERT INTO TE_BRG VALUES ( 'Random','RND','nextinteger','ADTTM_RND_nextinteger',"00000000-0000-0000-0000-000000000200","00000000-0000-0000-0000-000000000062","00000000-0000-0000-0000-00000000005c" );
INSERT INTO TE_BRG VALUES ( 'Random','RND','nextreal','ADTTM_RND_nextreal',"00000000-0000-0000-0000-000000000202","00000000-0000-0000-0000-000000000065","00000000-0000-0000-0000-00000000005c" );
INSERT INTO TE_BRG VALUES ( 'Time','TIM','current_date','TIM_current_date',"00000000-0000-0000-0000-000000000204","00000000-0000-0000-0000-000000000006","00000000-0000-0000-0000-000000000005" );
INSERT INTO TE_BRG VALUES ( 'Time','TIM','create_date','TIM_create_date',"00000000-0000-0000-0000-000000000206","00000000-0000-0000-0000-00000000000a","00000000-0000-0000-0000-000000000005" );
INSERT INTO TE_BRG VALUES ( 'Time','TIM','get_second','TIM_get_second',"00000000-0000-0000-0000-000000000208","00000000-0000-0000-0000-000000000014","00000000-0000-0000-0000-000000000005" );
INSERT INTO TE_BRG VALUES ( 'Time','TIM','get_minute','TIM_get_minute',"00000000-0000-0000-0000-00000000020a","00000000-0000-0000-0000-000000000018","00000000-0000-0000-0000-000000000005" );
INSERT INTO TE_BRG VALUES ( 'Time','TIM','get_hour','TIM_get_hour',"00000000-0000-0000-0000-00000000020c","00000000-0000-0000-0000-00000000001c","00000000-0000-0000-0000-000000000005" );
INSERT INTO TE_BRG VALUES ( 'Time','TIM','get_day','TIM_get_day',"00000000-0000-0000-0000-00000000020e","00000000-0000-0000-0000-000000000020","00000000-0000-0000-0000-000000000005" );
INSERT INTO TE_BRG VALUES ( 'Time','TIM','get_month','TIM_get_month',"00000000-0000-0000-0000-000000000210","00000000-0000-0000-0000-000000000024","00000000-0000-0000-0000-000000000005" );
INSERT INTO TE_BRG VALUES ( 'Time','TIM','get_year','TIM_get_year',"00000000-0000-0000-0000-000000000212","00000000-0000-0000-0000-000000000028","00000000-0000-0000-0000-000000000005" );
INSERT INTO TE_BRG VALUES ( 'Time','TIM','current_clock','TIM_current_clock',"00000000-0000-0000-0000-000000000214","00000000-0000-0000-0000-00000000002c","00000000-0000-0000-0000-000000000005" );
INSERT INTO TE_BRG VALUES ( 'Time','TIM','timer_start','TIM_timer_start',"00000000-0000-0000-0000-000000000216","00000000-0000-0000-0000-000000000030","00000000-0000-0000-0000-000000000005" );
INSERT INTO TE_BRG VALUES ( 'Time','TIM','timer_start_recurring','TIM_timer_start_recurring',"00000000-0000-0000-0000-000000000218","00000000-0000-0000-0000-000000000037","00000000-0000-0000-0000-000000000005" );
INSERT INTO TE_BRG VALUES ( 'Time','TIM','timer_remaining_time','TIM_timer_remaining_time',"00000000-0000-0000-0000-00000000021a","00000000-0000-0000-0000-00000000003c","00000000-0000-0000-0000-000000000005" );
INSERT INTO TE_BRG VALUES ( 'Time','TIM','timer_reset_time','TIM_timer_reset_time',"00000000-0000-0000-0000-00000000021c","00000000-0000-0000-0000-000000000040","00000000-0000-0000-0000-000000000005" );
INSERT INTO TE_BRG VALUES ( 'Time','TIM','timer_add_time','TIM_timer_add_time',"00000000-0000-0000-0000-00000000021e","00000000-0000-0000-0000-000000000046","00000000-0000-0000-0000-000000000005" );
INSERT INTO TE_BRG VALUES ( 'Time','TIM','timer_cancel','TIM_timer_cancel',"00000000-0000-0000-0000-000000000220","00000000-0000-0000-0000-00000000004b","00000000-0000-0000-0000-000000000005" );
INSERT INTO TE_BRG VALUES ( 'Time','TIM','time_add','TIM_time_add',"00000000-0000-0000-0000-000000000222","00000000-0000-0000-0000-00000000004f","00000000-0000-0000-0000-000000000005" );
INSERT INTO TE_BRG VALUES ( 'Time','TIM','time_duration','TIM_time_duration',"00000000-0000-0000-0000-000000000224","00000000-0000-0000-0000-000000000057","00000000-0000-0000-0000-000000000005" );
INSERT INTO TE_PARM VALUES ( 'A0xtumlsret','',0,'','',"00000000-0000-0000-0000-00000000004d","00000000-0000-0000-0000-000000000000",'A0xtumlsret',0,"00000000-0000-0000-0000-000000000028",1,"00000000-0000-0000-0000-000000000000",'[ESCHER_SYS_MAX_STRING_LEN]',"00000000-0000-0000-0000-000000000000","00000000-0000-0000-0000-000000000000","00000000-0000-0000-0000-000000000000","00000000-0000-0000-0000-000000000000","00000000-0000-0000-0000-000000000000","00000000-0000-0000-0000-000000000000","00000000-0000-0000-0000-000000000000" );
INSERT INTO TE_PARM VALUES ( 'value','',1,'','',"00000000-0000-0000-0000-0000000000bf","00000000-0000-0000-0000-000000000000",'p_value',0,"00000000-0000-0000-0000-00000000001e",0,"00000000-0000-0000-0000-000000000000",'',"00000000-0000-0000-0000-0000000001f8","00000000-0000-0000-0000-000000000000","00000000-0000-0000-0000-000000000000","00000000-0000-0000-0000-000000000000","00000000-0000-0000-0000-000000000000","00000000-0000-0000-0000-000000000000","00000000-0000-0000-0000-0000000000cf" );
INSERT INTO TE_PARM VALUES ( 'value','',1,'','',"00000000-0000-0000-0000-0000000000c0","00000000-0000-0000-0000-000000000000",'p_value',0,"00000000-0000-0000-0000-000000000029",0,"00000000-0000-0000-0000-000000000000",'',"00000000-0000-0000-0000-0000000001f5","00000000-0000-0000-0000-000000000000","00000000-0000-0000-0000-000000000000","00000000-0000-0000-0000-000000000000","00000000-0000-0000-0000-000000000000","00000000-0000-0000-0000-000000000000","00000000-0000-0000-0000-0000000000cb" );
INSERT INTO TE_PARM VALUES ( 'value','',1,'','',"00000000-0000-0000-0000-0000000000c1","00000000-0000-0000-0000-000000000000",'p_value',0,"00000000-0000-0000-0000-00000000002a",0,"00000000-0000-0000-0000-000000000000",'',"00000000-0000-0000-0000-0000000001f2","00000000-0000-0000-0000-000000000000","00000000-0000-0000-0000-000000000000","00000000-0000-0000-0000-000000000000","00000000-0000-0000-0000-000000000000","00000000-0000-0000-0000-000000000000","00000000-0000-0000-0000-0000000000c7" );
INSERT INTO TE_PARM VALUES ( 'value','',1,'','',"00000000-0000-0000-0000-0000000000c2","00000000-0000-0000-0000-000000000000",'p_value',0,"00000000-0000-0000-0000-00000000002b",0,"00000000-0000-0000-0000-000000000000",'',"00000000-0000-0000-0000-0000000001ef","00000000-0000-0000-0000-000000000000","00000000-0000-0000-0000-000000000000","00000000-0000-0000-0000-000000000000","00000000-0000-0000-0000-000000000000","00000000-0000-0000-0000-000000000000","00000000-0000-0000-0000-0000000000c3" );
INSERT INTO TE_PARM VALUES ( 'expression','',0,'','',"00000000-0000-0000-0000-0000000000c3","00000000-0000-0000-0000-000000000000",'p_expression',0,"00000000-0000-0000-0000-000000000028",1,"00000000-0000-0000-0000-000000000000",'[ESCHER_SYS_MAX_STRING_LEN]',"00000000-0000-0000-0000-0000000001ed","00000000-0000-0000-0000-000000000000","00000000-0000-0000-0000-000000000000","00000000-0000-0000-0000-000000000000","00000000-0000-0000-0000-000000000000","00000000-0000-0000-0000-000000000000","00000000-0000-0000-0000-0000000000bf" );
INSERT INTO TE_PARM VALUES ( 'expression','',0,'','',"00000000-0000-0000-0000-0000000000c4","00000000-0000-0000-0000-000000000000",'p_expression',0,"00000000-0000-0000-0000-000000000028",1,"00000000-0000-0000-0000-000000000000",'[ESCHER_SYS_MAX_STRING_LEN]',"00000000-0000-0000-0000-0000000001eb","00000000-0000-0000-0000-000000000000","00000000-0000-0000-0000-000000000000","00000000-0000-0000-0000-000000000000","00000000-0000-0000-0000-000000000000","00000000-0000-0000-0000-000000000000","00000000-0000-0000-0000-0000000000bb" );
INSERT INTO TE_PARM VALUES ( 'expression','',0,'','',"00000000-0000-0000-0000-0000000000c5","00000000-0000-0000-0000-000000000000",'p_expression',0,"00000000-0000-0000-0000-000000000028",1,"00000000-0000-0000-0000-000000000000",'[ESCHER_SYS_MAX_STRING_LEN]',"00000000-0000-0000-0000-0000000001e9","00000000-0000-0000-0000-000000000000","00000000-0000-0000-0000-000000000000","00000000-0000-0000-0000-000000000000","00000000-0000-0000-0000-000000000000","00000000-0000-0000-0000-000000000000","00000000-0000-0000-0000-0000000000b7" );
INSERT INTO TE_PARM VALUES ( 'expression','',0,'','',"00000000-0000-0000-0000-0000000000c6","00000000-0000-0000-0000-000000000000",'p_expression',0,"00000000-0000-0000-0000-000000000028",1,"00000000-0000-0000-0000-000000000000",'[ESCHER_SYS_MAX_STRING_LEN]',"00000000-0000-0000-0000-0000000001e7","00000000-0000-0000-0000-000000000000","00000000-0000-0000-0000-000000000000","00000000-0000-0000-0000-000000000000","00000000-0000-0000-0000-000000000000","00000000-0000-0000-0000-000000000000","00000000-0000-0000-0000-0000000000b3" );
INSERT INTO TE_PARM VALUES ( 'expression','',1,'','',"00000000-0000-0000-0000-0000000000c7","00000000-0000-0000-0000-000000000000",'p_expression',0,"00000000-0000-0000-0000-000000000028",1,"00000000-0000-0000-0000-000000000000",'[ESCHER_SYS_MAX_STRING_LEN]',"00000000-0000-0000-0000-0000000001e4","00000000-0000-0000-0000-000000000000","00000000-0000-0000-0000-000000000000","00000000-0000-0000-0000-000000000000","00000000-0000-0000-0000-000000000000","00000000-0000-0000-0000-000000000000","00000000-0000-0000-0000-0000000000af" );
INSERT INTO TE_PARM VALUES ( 'expression','',1,'','',"00000000-0000-0000-0000-0000000000c8","00000000-0000-0000-0000-000000000000",'p_expression',0,"00000000-0000-0000-0000-000000000028",1,"00000000-0000-0000-0000-000000000000",'[ESCHER_SYS_MAX_STRING_LEN]',"00000000-0000-0000-0000-0000000001e1","00000000-0000-0000-0000-000000000000","00000000-0000-0000-0000-000000000000","00000000-0000-0000-0000-000000000000","00000000-0000-0000-0000-000000000000","00000000-0000-0000-0000-000000000000","00000000-0000-0000-0000-0000000000ab" );
INSERT INTO TE_PARM VALUES ( 'length','',2,'','',"00000000-0000-0000-0000-0000000000c9","00000000-0000-0000-0000-0000000000ca",'p_length',0,"00000000-0000-0000-0000-00000000002a",0,"00000000-0000-0000-0000-000000000000",'',"00000000-0000-0000-0000-0000000001de","00000000-0000-0000-0000-000000000000","00000000-0000-0000-0000-000000000000","00000000-0000-0000-0000-000000000000","00000000-0000-0000-0000-000000000000","00000000-0000-0000-0000-000000000000","00000000-0000-0000-0000-0000000000a7" );
INSERT INTO TE_PARM VALUES ( 'start','',3,'','',"00000000-0000-0000-0000-0000000000ca","00000000-0000-0000-0000-000000000000",'p_start',0,"00000000-0000-0000-0000-00000000002a",0,"00000000-0000-0000-0000-000000000000",'',"00000000-0000-0000-0000-0000000001de","00000000-0000-0000-0000-000000000000","00000000-0000-0000-0000-000000000000","00000000-0000-0000-0000-000000000000","00000000-0000-0000-0000-000000000000","00000000-0000-0000-0000-000000000000","00000000-0000-0000-0000-0000000000a6" );
INSERT INTO TE_PARM VALUES ( 'expression','',1,'','',"00000000-0000-0000-0000-0000000000cb","00000000-0000-0000-0000-0000000000c9",'p_expression',0,"00000000-0000-0000-0000-000000000028",1,"00000000-0000-0000-0000-000000000000",'[ESCHER_SYS_MAX_STRING_LEN]',"00000000-0000-0000-0000-0000000001de","00000000-0000-0000-0000-000000000000","00000000-0000-0000-0000-000000000000","00000000-0000-0000-0000-000000000000","00000000-0000-0000-0000-000000000000","00000000-0000-0000-0000-000000000000","00000000-0000-0000-0000-0000000000a5" );
INSERT INTO TE_PARM VALUES ( 'expression','',1,'','',"00000000-0000-0000-0000-0000000000cc","00000000-0000-0000-0000-000000000000",'p_expression',0,"00000000-0000-0000-0000-000000000028",1,"00000000-0000-0000-0000-000000000000",'[ESCHER_SYS_MAX_STRING_LEN]',"00000000-0000-0000-0000-0000000001db","00000000-0000-0000-0000-000000000000","00000000-0000-0000-0000-000000000000","00000000-0000-0000-0000-000000000000","00000000-0000-0000-0000-000000000000","00000000-0000-0000-0000-000000000000","00000000-0000-0000-0000-0000000000a1" );
INSERT INTO TE_PARM VALUES ( 'length','',2,'','',"00000000-0000-0000-0000-0000000000cd","00000000-0000-0000-0000-000000000000",'p_length',0,"00000000-0000-0000-0000-00000000002a",0,"00000000-0000-0000-0000-000000000000",'',"00000000-0000-0000-0000-0000000001d8","00000000-0000-0000-0000-000000000000","00000000-0000-0000-0000-000000000000","00000000-0000-0000-0000-000000000000","00000000-0000-0000-0000-000000000000","00000000-0000-0000-0000-000000000000","00000000-0000-0000-0000-00000000009d" );
INSERT INTO TE_PARM VALUES ( 'expression','',1,'','',"00000000-0000-0000-0000-0000000000ce","00000000-0000-0000-0000-0000000000cd",'p_expression',0,"00000000-0000-0000-0000-000000000028",1,"00000000-0000-0000-0000-000000000000",'[ESCHER_SYS_MAX_STRING_LEN]',"00000000-0000-0000-0000-0000000001d8","00000000-0000-0000-0000-000000000000","00000000-0000-0000-0000-000000000000","00000000-0000-0000-0000-000000000000","00000000-0000-0000-0000-000000000000","00000000-0000-0000-0000-000000000000","00000000-0000-0000-0000-00000000009c" );
INSERT INTO TE_PARM VALUES ( 'expression','',1,'','',"00000000-0000-0000-0000-0000000000cf","00000000-0000-0000-0000-000000000000",'p_expression',0,"00000000-0000-0000-0000-000000000028",1,"00000000-0000-0000-0000-000000000000",'[ESCHER_SYS_MAX_STRING_LEN]',"00000000-0000-0000-0000-0000000001d5","00000000-0000-0000-0000-000000000000","00000000-0000-0000-0000-000000000000","00000000-0000-0000-0000-000000000000","00000000-0000-0000-0000-000000000000","00000000-0000-0000-0000-000000000000","00000000-0000-0000-0000-000000000098" );
INSERT INTO TE_PARM VALUES ( 'round','',2,'','',"00000000-0000-0000-0000-0000000000d0","00000000-0000-0000-0000-000000000000",'p_round',0,"00000000-0000-0000-0000-00000000002a",0,"00000000-0000-0000-0000-000000000000",'',"00000000-0000-0000-0000-0000000001d2","00000000-0000-0000-0000-000000000000","00000000-0000-0000-0000-000000000000","00000000-0000-0000-0000-000000000000","00000000-0000-0000-0000-000000000000","00000000-0000-0000-0000-000000000000","00000000-0000-0000-0000-000000000094" );
INSERT INTO TE_PARM VALUES ( 'expression','',1,'','',"00000000-0000-0000-0000-0000000000d1","00000000-0000-0000-0000-0000000000d0",'p_expression',0,"00000000-0000-0000-0000-000000000028",1,"00000000-0000-0000-0000-000000000000",'[ESCHER_SYS_MAX_STRING_LEN]',"00000000-0000-0000-0000-0000000001d2","00000000-0000-0000-0000-000000000000","00000000-0000-0000-0000-000000000000","00000000-0000-0000-0000-000000000000","00000000-0000-0000-0000-000000000000","00000000-0000-0000-0000-000000000000","00000000-0000-0000-0000-000000000093" );
INSERT INTO TE_PARM VALUES ( 'replacement','',3,'','',"00000000-0000-0000-0000-0000000000d2","00000000-0000-0000-0000-000000000000",'p_replacement',0,"00000000-0000-0000-0000-000000000028",1,"00000000-0000-0000-0000-000000000000",'[ESCHER_SYS_MAX_STRING_LEN]',"00000000-0000-0000-0000-0000000001cf","00000000-0000-0000-0000-000000000000","00000000-0000-0000-0000-000000000000","00000000-0000-0000-0000-000000000000","00000000-0000-0000-0000-000000000000","00000000-0000-0000-0000-000000000000","00000000-0000-0000-0000-00000000008f" );
INSERT INTO TE_PARM VALUES ( 'pattern','',2,'','',"00000000-0000-0000-0000-0000000000d3","00000000-0000-0000-0000-0000000000d2",'p_pattern',0,"00000000-0000-0000-0000-000000000028",1,"00000000-0000-0000-0000-000000000000",'[ESCHER_SYS_MAX_STRING_LEN]',"00000000-0000-0000-0000-0000000001cf","00000000-0000-0000-0000-000000000000","00000000-0000-0000-0000-000000000000","00000000-0000-0000-0000-000000000000","00000000-0000-0000-0000-000000000000","00000000-0000-0000-0000-000000000000","00000000-0000-0000-0000-00000000008e" );
INSERT INTO TE_PARM VALUES ( 'expression','',1,'','',"00000000-0000-0000-0000-0000000000d4","00000000-0000-0000-0000-0000000000d3",'p_expression',0,"00000000-0000-0000-0000-000000000028",1,"00000000-0000-0000-0000-000000000000",'[ESCHER_SYS_MAX_STRING_LEN]',"00000000-0000-0000-0000-0000000001cf","00000000-0000-0000-0000-000000000000","00000000-0000-0000-0000-000000000000","00000000-0000-0000-0000-000000000000","00000000-0000-0000-0000-000000000000","00000000-0000-0000-0000-000000000000","00000000-0000-0000-0000-00000000008d" );
INSERT INTO TE_PARM VALUES ( 'expression','',1,'','',"00000000-0000-0000-0000-0000000000d5","00000000-0000-0000-0000-0000000000d6",'p_expression',0,"00000000-0000-0000-0000-000000000028",1,"00000000-0000-0000-0000-000000000000",'[ESCHER_SYS_MAX_STRING_LEN]',"00000000-0000-0000-0000-0000000001cc","00000000-0000-0000-0000-000000000000","00000000-0000-0000-0000-000000000000","00000000-0000-0000-0000-000000000000","00000000-0000-0000-0000-000000000000","00000000-0000-0000-0000-000000000000","00000000-0000-0000-0000-000000000089" );
INSERT INTO TE_PARM VALUES ( 'pattern','',2,'','',"00000000-0000-0000-0000-0000000000d6","00000000-0000-0000-0000-000000000000",'p_pattern',0,"00000000-0000-0000-0000-000000000028",1,"00000000-0000-0000-0000-000000000000",'[ESCHER_SYS_MAX_STRING_LEN]',"00000000-0000-0000-0000-0000000001cc","00000000-0000-0000-0000-000000000000","00000000-0000-0000-0000-000000000000","00000000-0000-0000-0000-000000000000","00000000-0000-0000-0000-000000000000","00000000-0000-0000-0000-000000000000","00000000-0000-0000-0000-000000000088" );
INSERT INTO TE_PARM VALUES ( 'expression','',1,'','',"00000000-0000-0000-0000-0000000000d7","00000000-0000-0000-0000-000000000000",'p_expression',0,"00000000-0000-0000-0000-000000000028",1,"00000000-0000-0000-0000-000000000000",'[ESCHER_SYS_MAX_STRING_LEN]',"00000000-0000-0000-0000-0000000001c9","00000000-0000-0000-0000-000000000000","00000000-0000-0000-0000-000000000000","00000000-0000-0000-0000-000000000000","00000000-0000-0000-0000-000000000000","00000000-0000-0000-0000-000000000000","00000000-0000-0000-0000-000000000084" );
INSERT INTO TE_PARM VALUES ( 'expression','',1,'','',"00000000-0000-0000-0000-0000000000d8","00000000-0000-0000-0000-000000000000",'p_expression',0,"00000000-0000-0000-0000-000000000028",1,"00000000-0000-0000-0000-000000000000",'[ESCHER_SYS_MAX_STRING_LEN]',"00000000-0000-0000-0000-0000000001c6","00000000-0000-0000-0000-000000000000","00000000-0000-0000-0000-000000000000","00000000-0000-0000-0000-000000000000","00000000-0000-0000-0000-000000000000","00000000-0000-0000-0000-000000000000","00000000-0000-0000-0000-000000000080" );
INSERT INTO TE_PARM VALUES ( 'expression','',0,'text','expression:text',"00000000-0000-0000-0000-0000000000d9","00000000-0000-0000-0000-000000000000",'p_expression',0,"00000000-0000-0000-0000-000000000028",1,"00000000-0000-0000-0000-000000000000",'[ESCHER_SYS_MAX_STRING_LEN]',"00000000-0000-0000-0000-0000000001c4","00000000-0000-0000-0000-000000000000","00000000-0000-0000-0000-000000000000","00000000-0000-0000-0000-000000000000","00000000-0000-0000-0000-000000000000","00000000-0000-0000-0000-000000000000","00000000-0000-0000-0000-00000000007c" );
INSERT INTO TE_PARM VALUES ( 'length','',2,'','',"00000000-0000-0000-0000-0000000000da","00000000-0000-0000-0000-000000000000",'p_length',0,"00000000-0000-0000-0000-00000000002a",0,"00000000-0000-0000-0000-000000000000",'',"00000000-0000-0000-0000-0000000001c1","00000000-0000-0000-0000-000000000000","00000000-0000-0000-0000-000000000000","00000000-0000-0000-0000-000000000000","00000000-0000-0000-0000-000000000000","00000000-0000-0000-0000-000000000000","00000000-0000-0000-0000-000000000078" );
INSERT INTO TE_PARM VALUES ( 'expression','',1,'','',"00000000-0000-0000-0000-0000000000db","00000000-0000-0000-0000-0000000000da",'p_expression',0,"00000000-0000-0000-0000-000000000028",1,"00000000-0000-0000-0000-000000000000",'[ESCHER_SYS_MAX_STRING_LEN]',"00000000-0000-0000-0000-0000000001c1","00000000-0000-0000-0000-000000000000","00000000-0000-0000-0000-000000000000","00000000-0000-0000-0000-000000000000","00000000-0000-0000-0000-000000000000","00000000-0000-0000-0000-000000000000","00000000-0000-0000-0000-000000000077" );
INSERT INTO TE_PARM VALUES ( 'expression2','',2,'','',"00000000-0000-0000-0000-0000000000dc","00000000-0000-0000-0000-000000000000",'p_expression2',0,"00000000-0000-0000-0000-000000000028",1,"00000000-0000-0000-0000-000000000000",'[ESCHER_SYS_MAX_STRING_LEN]',"00000000-0000-0000-0000-0000000001be","00000000-0000-0000-0000-000000000000","00000000-0000-0000-0000-000000000000","00000000-0000-0000-0000-000000000000","00000000-0000-0000-0000-000000000000","00000000-0000-0000-0000-000000000000","00000000-0000-0000-0000-000000000073" );
INSERT INTO TE_PARM VALUES ( 'expression1','',1,'','',"00000000-0000-0000-0000-0000000000dd","00000000-0000-0000-0000-0000000000dc",'p_expression1',0,"00000000-0000-0000-0000-000000000028",1,"00000000-0000-0000-0000-000000000000",'[ESCHER_SYS_MAX_STRING_LEN]',"00000000-0000-0000-0000-0000000001be","00000000-0000-0000-0000-000000000000","00000000-0000-0000-0000-000000000000","00000000-0000-0000-0000-000000000000","00000000-0000-0000-0000-000000000000","00000000-0000-0000-0000-000000000000","00000000-0000-0000-0000-000000000072" );
INSERT INTO TE_PARM VALUES ( 'startLocation','',2,'','',"00000000-0000-0000-0000-0000000000de","00000000-0000-0000-0000-000000000000",'p_startLocation',0,"00000000-0000-0000-0000-00000000002a",0,"00000000-0000-0000-0000-000000000000",'',"00000000-0000-0000-0000-0000000001bc","00000000-0000-0000-0000-000000000000","00000000-0000-0000-0000-000000000000","00000000-0000-0000-0000-000000000000","00000000-0000-0000-0000-000000000000","00000000-0000-0000-0000-000000000000","00000000-0000-0000-0000-00000000006e" );
INSERT INTO TE_PARM VALUES ( 'expressionToSearch','',1,'','',"00000000-0000-0000-0000-0000000000df","00000000-0000-0000-0000-0000000000de",'p_expressionToSearch',0,"00000000-0000-0000-0000-000000000028",1,"00000000-0000-0000-0000-000000000000",'[ESCHER_SYS_MAX_STRING_LEN]',"00000000-0000-0000-0000-0000000001bc","00000000-0000-0000-0000-000000000000","00000000-0000-0000-0000-000000000000","00000000-0000-0000-0000-000000000000","00000000-0000-0000-0000-000000000000","00000000-0000-0000-0000-000000000000","00000000-0000-0000-0000-00000000006d" );
INSERT INTO TE_PARM VALUES ( 'expressionToFind','',0,'','',"00000000-0000-0000-0000-0000000000e0","00000000-0000-0000-0000-0000000000df",'p_expressionToFind',0,"00000000-0000-0000-0000-000000000028",1,"00000000-0000-0000-0000-000000000000",'[ESCHER_SYS_MAX_STRING_LEN]',"00000000-0000-0000-0000-0000000001bc","00000000-0000-0000-0000-000000000000","00000000-0000-0000-0000-000000000000","00000000-0000-0000-0000-000000000000","00000000-0000-0000-0000-000000000000","00000000-0000-0000-0000-000000000000","00000000-0000-0000-0000-00000000006b" );
INSERT INTO TE_PARM VALUES ( 'seed','',0,'','',"00000000-0000-0000-0000-0000000000e1","00000000-0000-0000-0000-000000000000",'p_seed',0,"00000000-0000-0000-0000-00000000002a",0,"00000000-0000-0000-0000-000000000000",'',"00000000-0000-0000-0000-0000000001fe","00000000-0000-0000-0000-000000000000","00000000-0000-0000-0000-000000000000","00000000-0000-0000-0000-000000000000","00000000-0000-0000-0000-000000000000","00000000-0000-0000-0000-000000000000","00000000-0000-0000-0000-00000000005f" );
INSERT INTO TE_PARM VALUES ( 'timestamp2','',1,'','',"00000000-0000-0000-0000-0000000000e2","00000000-0000-0000-0000-000000000000",'p_timestamp2',0,"00000000-0000-0000-0000-00000000001c",0,"00000000-0000-0000-0000-000000000000",'',"00000000-0000-0000-0000-000000000224","00000000-0000-0000-0000-000000000000","00000000-0000-0000-0000-000000000000","00000000-0000-0000-0000-000000000000","00000000-0000-0000-0000-000000000000","00000000-0000-0000-0000-000000000000","00000000-0000-0000-0000-000000000059" );
INSERT INTO TE_PARM VALUES ( 'timestamp1','',0,'','',"00000000-0000-0000-0000-0000000000e3","00000000-0000-0000-0000-0000000000e2",'p_timestamp1',0,"00000000-0000-0000-0000-00000000001c",0,"00000000-0000-0000-0000-000000000000",'',"00000000-0000-0000-0000-000000000224","00000000-0000-0000-0000-000000000000","00000000-0000-0000-0000-000000000000","00000000-0000-0000-0000-000000000000","00000000-0000-0000-0000-000000000000","00000000-0000-0000-0000-000000000000","00000000-0000-0000-0000-000000000058" );
INSERT INTO TE_PARM VALUES ( 'time','',4,'','',"00000000-0000-0000-0000-0000000000e4","00000000-0000-0000-0000-000000000000",'p_time',0,"00000000-0000-0000-0000-00000000001c",0,"00000000-0000-0000-0000-000000000000",'',"00000000-0000-0000-0000-000000000222","00000000-0000-0000-0000-000000000000","00000000-0000-0000-0000-000000000000","00000000-0000-0000-0000-000000000000","00000000-0000-0000-0000-000000000000","00000000-0000-0000-0000-000000000000","00000000-0000-0000-0000-000000000054" );
INSERT INTO TE_PARM VALUES ( 'seconds','',3,'','',"00000000-0000-0000-0000-0000000000e5","00000000-0000-0000-0000-0000000000e4",'p_seconds',0,"00000000-0000-0000-0000-00000000002a",0,"00000000-0000-0000-0000-000000000000",'',"00000000-0000-0000-0000-000000000222","00000000-0000-0000-0000-000000000000","00000000-0000-0000-0000-000000000000","00000000-0000-0000-0000-000000000000","00000000-0000-0000-0000-000000000000","00000000-0000-0000-0000-000000000000","00000000-0000-0000-0000-000000000053" );
INSERT INTO TE_PARM VALUES ( 'minutes','',2,'','',"00000000-0000-0000-0000-0000000000e6","00000000-0000-0000-0000-0000000000e5",'p_minutes',0,"00000000-0000-0000-0000-00000000002a",0,"00000000-0000-0000-0000-000000000000",'',"00000000-0000-0000-0000-000000000222","00000000-0000-0000-0000-000000000000","00000000-0000-0000-0000-000000000000","00000000-0000-0000-0000-000000000000","00000000-0000-0000-0000-000000000000","00000000-0000-0000-0000-000000000000","00000000-0000-0000-0000-000000000052" );
INSERT INTO TE_PARM VALUES ( 'hours','',1,'','',"00000000-0000-0000-0000-0000000000e7","00000000-0000-0000-0000-0000000000e6",'p_hours',0,"00000000-0000-0000-0000-00000000002a",0,"00000000-0000-0000-0000-000000000000",'',"00000000-0000-0000-0000-000000000222","00000000-0000-0000-0000-000000000000","00000000-0000-0000-0000-000000000000","00000000-0000-0000-0000-000000000000","00000000-0000-0000-0000-000000000000","00000000-0000-0000-0000-000000000000","00000000-0000-0000-0000-000000000051" );
INSERT INTO TE_PARM VALUES ( 'days','',0,'','',"00000000-0000-0000-0000-0000000000e8","00000000-0000-0000-0000-0000000000e7",'p_days',0,"00000000-0000-0000-0000-00000000002a",0,"00000000-0000-0000-0000-000000000000",'',"00000000-0000-0000-0000-000000000222","00000000-0000-0000-0000-000000000000","00000000-0000-0000-0000-000000000000","00000000-0000-0000-0000-000000000000","00000000-0000-0000-0000-000000000000","00000000-0000-0000-0000-000000000000","00000000-0000-0000-0000-000000000050" );
INSERT INTO TE_PARM VALUES ( 'timer_inst_ref','',0,'','',"00000000-0000-0000-0000-0000000000e9","00000000-0000-0000-0000-000000000000",'p_timer_inst_ref',0,"00000000-0000-0000-0000-00000000001d",0,"00000000-0000-0000-0000-000000000000",'',"00000000-0000-0000-0000-000000000220","00000000-0000-0000-0000-000000000000","00000000-0000-0000-0000-000000000000","00000000-0000-0000-0000-000000000000","00000000-0000-0000-0000-000000000000","00000000-0000-0000-0000-000000000000","00000000-0000-0000-0000-00000000004c" );
INSERT INTO TE_PARM VALUES ( 'microseconds','',0,'','',"00000000-0000-0000-0000-0000000000ea","00000000-0000-0000-0000-0000000000eb",'p_microseconds',0,"00000000-0000-0000-0000-00000000002a",0,"00000000-0000-0000-0000-000000000000",'',"00000000-0000-0000-0000-00000000021e","00000000-0000-0000-0000-000000000000","00000000-0000-0000-0000-000000000000","00000000-0000-0000-0000-000000000000","00000000-0000-0000-0000-000000000000","00000000-0000-0000-0000-000000000000","00000000-0000-0000-0000-000000000048" );
INSERT INTO TE_PARM VALUES ( 'timer_inst_ref','',1,'','',"00000000-0000-0000-0000-0000000000eb","00000000-0000-0000-0000-000000000000",'p_timer_inst_ref',0,"00000000-0000-0000-0000-00000000001d",0,"00000000-0000-0000-0000-000000000000",'',"00000000-0000-0000-0000-00000000021e","00000000-0000-0000-0000-000000000000","00000000-0000-0000-0000-000000000000","00000000-0000-0000-0000-000000000000","00000000-0000-0000-0000-000000000000","00000000-0000-0000-0000-000000000000","00000000-0000-0000-0000-000000000047" );
INSERT INTO TE_PARM VALUES ( 'microseconds','',0,'','',"00000000-0000-0000-0000-0000000000ec","00000000-0000-0000-0000-0000000000ed",'p_microseconds',0,"00000000-0000-0000-0000-00000000002a",0,"00000000-0000-0000-0000-000000000000",'',"00000000-0000-0000-0000-00000000021c","00000000-0000-0000-0000-000000000000","00000000-0000-0000-0000-000000000000","00000000-0000-0000-0000-000000000000","00000000-0000-0000-0000-000000000000","00000000-0000-0000-0000-000000000000","00000000-0000-0000-0000-000000000043" );
INSERT INTO TE_PARM VALUES ( 'timer_inst_ref','',1,'','',"00000000-0000-0000-0000-0000000000ed","00000000-0000-0000-0000-000000000000",'p_timer_inst_ref',0,"00000000-0000-0000-0000-00000000001d",0,"00000000-0000-0000-0000-000000000000",'',"00000000-0000-0000-0000-00000000021c","00000000-0000-0000-0000-000000000000","00000000-0000-0000-0000-000000000000","00000000-0000-0000-0000-000000000000","00000000-0000-0000-0000-000000000000","00000000-0000-0000-0000-000000000000","00000000-0000-0000-0000-000000000042" );
INSERT INTO TE_PARM VALUES ( 'timer_inst_ref','',0,'','',"00000000-0000-0000-0000-0000000000ee","00000000-0000-0000-0000-000000000000",'p_timer_inst_ref',0,"00000000-0000-0000-0000-00000000001d",0,"00000000-0000-0000-0000-000000000000",'',"00000000-0000-0000-0000-00000000021a","00000000-0000-0000-0000-000000000000","00000000-0000-0000-0000-000000000000","00000000-0000-0000-0000-000000000000","00000000-0000-0000-0000-000000000000","00000000-0000-0000-0000-000000000000","00000000-0000-0000-0000-00000000003d" );
INSERT INTO TE_PARM VALUES ( 'event_inst','',0,'','',"00000000-0000-0000-0000-0000000000ef","00000000-0000-0000-0000-0000000000f0",'p_event_inst',0,"00000000-0000-0000-0000-000000000022",0,"00000000-0000-0000-0000-000000000000",'',"00000000-0000-0000-0000-000000000218","00000000-0000-0000-0000-000000000000","00000000-0000-0000-0000-000000000000","00000000-0000-0000-0000-000000000000","00000000-0000-0000-0000-000000000000","00000000-0000-0000-0000-000000000000","00000000-0000-0000-0000-000000000039" );
INSERT INTO TE_PARM VALUES ( 'microseconds','',1,'','',"00000000-0000-0000-0000-0000000000f0","00000000-0000-0000-0000-000000000000",'p_microseconds',0,"00000000-0000-0000-0000-00000000002a",0,"00000000-0000-0000-0000-000000000000",'',"00000000-0000-0000-0000-000000000218","00000000-0000-0000-0000-000000000000","00000000-0000-0000-0000-000000000000","00000000-0000-0000-0000-000000000000","00000000-0000-0000-0000-000000000000","00000000-0000-0000-0000-000000000000","00000000-0000-0000-0000-000000000038" );
INSERT INTO TE_PARM VALUES ( 'event_inst','',0,'','',"00000000-0000-0000-0000-0000000000f1","00000000-0000-0000-0000-0000000000f2",'p_event_inst',0,"00000000-0000-0000-0000-000000000022",0,"00000000-0000-0000-0000-000000000000",'',"00000000-0000-0000-0000-000000000216","00000000-0000-0000-0000-000000000000","00000000-0000-0000-0000-000000000000","00000000-0000-0000-0000-000000000000","00000000-0000-0000-0000-000000000000","00000000-0000-0000-0000-000000000000","00000000-0000-0000-0000-000000000033" );
INSERT INTO TE_PARM VALUES ( 'microseconds','',1,'','',"00000000-0000-0000-0000-0000000000f2","00000000-0000-0000-0000-000000000000",'p_microseconds',0,"00000000-0000-0000-0000-00000000002a",0,"00000000-0000-0000-0000-000000000000",'',"00000000-0000-0000-0000-000000000216","00000000-0000-0000-0000-000000000000","00000000-0000-0000-0000-000000000000","00000000-0000-0000-0000-000000000000","00000000-0000-0000-0000-000000000000","00000000-0000-0000-0000-000000000000","00000000-0000-0000-0000-000000000032" );
INSERT INTO TE_PARM VALUES ( 'date','',0,'','',"00000000-0000-0000-0000-0000000000f3","00000000-0000-0000-0000-000000000000",'p_date',0,"00000000-0000-0000-0000-00000000001e",0,"00000000-0000-0000-0000-000000000000",'',"00000000-0000-0000-0000-000000000212","00000000-0000-0000-0000-000000000000","00000000-0000-0000-0000-000000000000","00000000-0000-0000-0000-000000000000","00000000-0000-0000-0000-000000000000","00000000-0000-0000-0000-000000000000","00000000-0000-0000-0000-000000000029" );
INSERT INTO TE_PARM VALUES ( 'date','',0,'','',"00000000-0000-0000-0000-0000000000f4","00000000-0000-0000-0000-000000000000",'p_date',0,"00000000-0000-0000-0000-00000000001e",0,"00000000-0000-0000-0000-000000000000",'',"00000000-0000-0000-0000-000000000210","00000000-0000-0000-0000-000000000000","00000000-0000-0000-0000-000000000000","00000000-0000-0000-0000-000000000000","00000000-0000-0000-0000-000000000000","00000000-0000-0000-0000-000000000000","00000000-0000-0000-0000-000000000025" );
INSERT INTO TE_PARM VALUES ( 'date','',0,'','',"00000000-0000-0000-0000-0000000000f5","00000000-0000-0000-0000-000000000000",'p_date',0,"00000000-0000-0000-0000-00000000001e",0,"00000000-0000-0000-0000-000000000000",'',"00000000-0000-0000-0000-00000000020e","00000000-0000-0000-0000-000000000000","00000000-0000-0000-0000-000000000000","00000000-0000-0000-0000-000000000000","00000000-0000-0000-0000-000000000000","00000000-0000-0000-0000-000000000000","00000000-0000-0000-0000-000000000021" );
INSERT INTO TE_PARM VALUES ( 'date','',0,'','',"00000000-0000-0000-0000-0000000000f6","00000000-0000-0000-0000-000000000000",'p_date',0,"00000000-0000-0000-0000-00000000001e",0,"00000000-0000-0000-0000-000000000000",'',"00000000-0000-0000-0000-00000000020c","00000000-0000-0000-0000-000000000000","00000000-0000-0000-0000-000000000000","00000000-0000-0000-0000-000000000000","00000000-0000-0000-0000-000000000000","00000000-0000-0000-0000-000000000000","00000000-0000-0000-0000-00000000001d" );
INSERT INTO TE_PARM VALUES ( 'date','',0,'','',"00000000-0000-0000-0000-0000000000f7","00000000-0000-0000-0000-000000000000",'p_date',0,"00000000-0000-0000-0000-00000000001e",0,"00000000-0000-0000-0000-000000000000",'',"00000000-0000-0000-0000-00000000020a","00000000-0000-0000-0000-000000000000","00000000-0000-0000-0000-000000000000","00000000-0000-0000-0000-000000000000","00000000-0000-0000-0000-000000000000","00000000-0000-0000-0000-000000000000","00000000-0000-0000-0000-000000000019" );
INSERT INTO TE_PARM VALUES ( 'date','',0,'','',"00000000-0000-0000-0000-0000000000f8","00000000-0000-0000-0000-000000000000",'p_date',0,"00000000-0000-0000-0000-00000000001e",0,"00000000-0000-0000-0000-000000000000",'',"00000000-0000-0000-0000-000000000208","00000000-0000-0000-0000-000000000000","00000000-0000-0000-0000-000000000000","00000000-0000-0000-0000-000000000000","00000000-0000-0000-0000-000000000000","00000000-0000-0000-0000-000000000000","00000000-0000-0000-0000-000000000015" );
INSERT INTO TE_PARM VALUES ( 'year','',5,'','',"00000000-0000-0000-0000-0000000000f9","00000000-0000-0000-0000-000000000000",'p_year',0,"00000000-0000-0000-0000-00000000002a",0,"00000000-0000-0000-0000-000000000000",'',"00000000-0000-0000-0000-000000000206","00000000-0000-0000-0000-000000000000","00000000-0000-0000-0000-000000000000","00000000-0000-0000-0000-000000000000","00000000-0000-0000-0000-000000000000","00000000-0000-0000-0000-000000000000","00000000-0000-0000-0000-000000000011" );
INSERT INTO TE_PARM VALUES ( 'month','',3,'','',"00000000-0000-0000-0000-0000000000fa","00000000-0000-0000-0000-0000000000fe",'p_month',0,"00000000-0000-0000-0000-00000000002a",0,"00000000-0000-0000-0000-000000000000",'',"00000000-0000-0000-0000-000000000206","00000000-0000-0000-0000-000000000000","00000000-0000-0000-0000-000000000000","00000000-0000-0000-0000-000000000000","00000000-0000-0000-0000-000000000000","00000000-0000-0000-0000-000000000000","00000000-0000-0000-0000-00000000000d" );
INSERT INTO TE_PARM VALUES ( 'day','',0,'','',"00000000-0000-0000-0000-0000000000fb","00000000-0000-0000-0000-0000000000fc",'p_day',0,"00000000-0000-0000-0000-00000000002a",0,"00000000-0000-0000-0000-000000000000",'',"00000000-0000-0000-0000-000000000206","00000000-0000-0000-0000-000000000000","00000000-0000-0000-0000-000000000000","00000000-0000-0000-0000-000000000000","00000000-0000-0000-0000-000000000000","00000000-0000-0000-0000-000000000000","00000000-0000-0000-0000-000000000010" );
INSERT INTO TE_PARM VALUES ( 'hour','',1,'','',"00000000-0000-0000-0000-0000000000fc","00000000-0000-0000-0000-0000000000fd",'p_hour',0,"00000000-0000-0000-0000-00000000002a",0,"00000000-0000-0000-0000-000000000000",'',"00000000-0000-0000-0000-000000000206","00000000-0000-0000-0000-000000000000","00000000-0000-0000-0000-000000000000","00000000-0000-0000-0000-000000000000","00000000-0000-0000-0000-000000000000","00000000-0000-0000-0000-000000000000","00000000-0000-0000-0000-00000000000f" );
INSERT INTO TE_PARM VALUES ( 'minute','',2,'','',"00000000-0000-0000-0000-0000000000fd","00000000-0000-0000-0000-0000000000fa",'p_minute',0,"00000000-0000-0000-0000-00000000002a",0,"00000000-0000-0000-0000-000000000000",'',"00000000-0000-0000-0000-000000000206","00000000-0000-0000-0000-000000000000","00000000-0000-0000-0000-000000000000","00000000-0000-0000-0000-000000000000","00000000-0000-0000-0000-000000000000","00000000-0000-0000-0000-000000000000","00000000-0000-0000-0000-00000000000e" );
INSERT INTO TE_PARM VALUES ( 'second','',4,'','',"00000000-0000-0000-0000-0000000000fe","00000000-0000-0000-0000-0000000000f9",'p_second',0,"00000000-0000-0000-0000-00000000002a",0,"00000000-0000-0000-0000-000000000000",'',"00000000-0000-0000-0000-000000000206","00000000-0000-0000-0000-000000000000","00000000-0000-0000-0000-000000000000","00000000-0000-0000-0000-000000000000","00000000-0000-0000-0000-000000000000","00000000-0000-0000-0000-000000000000","00000000-0000-0000-0000-00000000000b" );
INSERT INTO TE_PARM VALUES ( 'operation','',2,'','',"00000000-0000-0000-0000-0000000000ff","00000000-0000-0000-0000-000000000000",'p_operation',0,"00000000-0000-0000-0000-000000000028",1,"00000000-0000-0000-0000-000000000000",'[ESCHER_SYS_MAX_STRING_LEN]',"00000000-0000-0000-0000-00000000023b","00000000-0000-0000-0000-000000000000","00000000-0000-0000-0000-000000000000","00000000-0000-0000-0000-000000000000","00000000-0000-0000-0000-00000000017b","00000000-0000-0000-0000-000000000000","00000000-0000-0000-0000-000000000000" );
INSERT INTO TE_PARM VALUES ( 'mode','',1,'','',"00000000-0000-0000-0000-000000000100","00000000-0000-0000-0000-0000000000ff",'p_mode',0,"00000000-0000-0000-0000-00000000002a",0,"00000000-0000-0000-0000-000000000000",'',"00000000-0000-0000-0000-00000000023b","00000000-0000-0000-0000-000000000000","00000000-0000-0000-0000-000000000000","00000000-0000-0000-0000-000000000000","00000000-0000-0000-0000-00000000017a","00000000-0000-0000-0000-000000000000","00000000-0000-0000-0000-000000000000" );
INSERT INTO TE_PARM VALUES ( 'order','',0,'','',"00000000-0000-0000-0000-000000000101","00000000-0000-0000-0000-000000000000",'p_order',0,"00000000-0000-0000-0000-000000000028",1,"00000000-0000-0000-0000-000000000000",'[ESCHER_SYS_MAX_STRING_LEN]',"00000000-0000-0000-0000-000000000237","00000000-0000-0000-0000-000000000000","00000000-0000-0000-0000-000000000000","00000000-0000-0000-0000-000000000000","00000000-0000-0000-0000-000000000173","00000000-0000-0000-0000-000000000000","00000000-0000-0000-0000-000000000000" );
INSERT INTO TE_PARM VALUES ( 'order','',0,'','',"00000000-0000-0000-0000-000000000102","00000000-0000-0000-0000-000000000000",'p_order',0,"00000000-0000-0000-0000-000000000028",1,"00000000-0000-0000-0000-000000000000",'[ESCHER_SYS_MAX_STRING_LEN]',"00000000-0000-0000-0000-000000000246","00000000-0000-0000-0000-000000000000","00000000-0000-0000-0000-000000000000","00000000-0000-0000-0000-000000000000","00000000-0000-0000-0000-00000000015d","00000000-0000-0000-0000-000000000000","00000000-0000-0000-0000-000000000000" );
INSERT INTO TE_PARM VALUES ( 'targetId','',0,'','',"00000000-0000-0000-0000-000000000103","00000000-0000-0000-0000-000000000000",'p_targetId',0,"00000000-0000-0000-0000-000000000027",0,"00000000-0000-0000-0000-000000000000",'',"00000000-0000-0000-0000-000000000000","00000000-0000-0000-0000-00000000011b","00000000-0000-0000-0000-00000000011c","00000000-0000-0000-0000-000000000000","00000000-0000-0000-0000-000000000000","00000000-0000-0000-0000-000000000000","00000000-0000-0000-0000-000000000000" );
INSERT INTO TE_PARM VALUES ( 'A0xtumlsret','xtuml string return parm',0,'','',"00000000-0000-0000-0000-0000000001bf","00000000-0000-0000-0000-0000000000dd",'A0xtumlsret',0,"00000000-0000-0000-0000-000000000028",1,"00000000-0000-0000-0000-000000000000",'[ESCHER_SYS_MAX_STRING_LEN]',"00000000-0000-0000-0000-0000000001be","00000000-0000-0000-0000-000000000000","00000000-0000-0000-0000-000000000000","00000000-0000-0000-0000-000000000000","00000000-0000-0000-0000-000000000000","00000000-0000-0000-0000-000000000000","00000000-0000-0000-0000-000000000000" );
INSERT INTO TE_PARM VALUES ( 'A0xtumlsret','xtuml string return parm',0,'','',"00000000-0000-0000-0000-0000000001c2","00000000-0000-0000-0000-0000000000db",'A0xtumlsret',0,"00000000-0000-0000-0000-000000000028",1,"00000000-0000-0000-0000-000000000000",'[ESCHER_SYS_MAX_STRING_LEN]',"00000000-0000-0000-0000-0000000001c1","00000000-0000-0000-0000-000000000000","00000000-0000-0000-0000-000000000000","00000000-0000-0000-0000-000000000000","00000000-0000-0000-0000-000000000000","00000000-0000-0000-0000-000000000000","00000000-0000-0000-0000-000000000000" );
INSERT INTO TE_PARM VALUES ( 'A0xtumlsret','xtuml string return parm',0,'','',"00000000-0000-0000-0000-0000000001c7","00000000-0000-0000-0000-0000000000d8",'A0xtumlsret',0,"00000000-0000-0000-0000-000000000028",1,"00000000-0000-0000-0000-000000000000",'[ESCHER_SYS_MAX_STRING_LEN]',"00000000-0000-0000-0000-0000000001c6","00000000-0000-0000-0000-000000000000","00000000-0000-0000-0000-000000000000","00000000-0000-0000-0000-000000000000","00000000-0000-0000-0000-000000000000","00000000-0000-0000-0000-000000000000","00000000-0000-0000-0000-000000000000" );
INSERT INTO TE_PARM VALUES ( 'A0xtumlsret','xtuml string return parm',0,'','',"00000000-0000-0000-0000-0000000001ca","00000000-0000-0000-0000-0000000000d7",'A0xtumlsret',0,"00000000-0000-0000-0000-000000000028",1,"00000000-0000-0000-0000-000000000000",'[ESCHER_SYS_MAX_STRING_LEN]',"00000000-0000-0000-0000-0000000001c9","00000000-0000-0000-0000-000000000000","00000000-0000-0000-0000-000000000000","00000000-0000-0000-0000-000000000000","00000000-0000-0000-0000-000000000000","00000000-0000-0000-0000-000000000000","00000000-0000-0000-0000-000000000000" );
INSERT INTO TE_PARM VALUES ( 'A0xtumlsret','xtuml string return parm',0,'','',"00000000-0000-0000-0000-0000000001cd","00000000-0000-0000-0000-0000000000d5",'A0xtumlsret',0,"00000000-0000-0000-0000-000000000028",1,"00000000-0000-0000-0000-000000000000",'[ESCHER_SYS_MAX_STRING_LEN]',"00000000-0000-0000-0000-0000000001cc","00000000-0000-0000-0000-000000000000","00000000-0000-0000-0000-000000000000","00000000-0000-0000-0000-000000000000","00000000-0000-0000-0000-000000000000","00000000-0000-0000-0000-000000000000","00000000-0000-0000-0000-000000000000" );
INSERT INTO TE_PARM VALUES ( 'A0xtumlsret','xtuml string return parm',0,'','',"00000000-0000-0000-0000-0000000001d0","00000000-0000-0000-0000-0000000000d4",'A0xtumlsret',0,"00000000-0000-0000-0000-000000000028",1,"00000000-0000-0000-0000-000000000000",'[ESCHER_SYS_MAX_STRING_LEN]',"00000000-0000-0000-0000-0000000001cf","00000000-0000-0000-0000-000000000000","00000000-0000-0000-0000-000000000000","00000000-0000-0000-0000-000000000000","00000000-0000-0000-0000-000000000000","00000000-0000-0000-0000-000000000000","00000000-0000-0000-0000-000000000000" );
INSERT INTO TE_PARM VALUES ( 'A0xtumlsret','xtuml string return parm',0,'','',"00000000-0000-0000-0000-0000000001d3","00000000-0000-0000-0000-0000000000d1",'A0xtumlsret',0,"00000000-0000-0000-0000-000000000028",1,"00000000-0000-0000-0000-000000000000",'[ESCHER_SYS_MAX_STRING_LEN]',"00000000-0000-0000-0000-0000000001d2","00000000-0000-0000-0000-000000000000","00000000-0000-0000-0000-000000000000","00000000-0000-0000-0000-000000000000","00000000-0000-0000-0000-000000000000","00000000-0000-0000-0000-000000000000","00000000-0000-0000-0000-000000000000" );
INSERT INTO TE_PARM VALUES ( 'A0xtumlsret','xtuml string return parm',0,'','',"00000000-0000-0000-0000-0000000001d6","00000000-0000-0000-0000-0000000000cf",'A0xtumlsret',0,"00000000-0000-0000-0000-000000000028",1,"00000000-0000-0000-0000-000000000000",'[ESCHER_SYS_MAX_STRING_LEN]',"00000000-0000-0000-0000-0000000001d5","00000000-0000-0000-0000-000000000000","00000000-0000-0000-0000-000000000000","00000000-0000-0000-0000-000000000000","00000000-0000-0000-0000-000000000000","00000000-0000-0000-0000-000000000000","00000000-0000-0000-0000-000000000000" );
INSERT INTO TE_PARM VALUES ( 'A0xtumlsret','xtuml string return parm',0,'','',"00000000-0000-0000-0000-0000000001d9","00000000-0000-0000-0000-0000000000ce",'A0xtumlsret',0,"00000000-0000-0000-0000-000000000028",1,"00000000-0000-0000-0000-000000000000",'[ESCHER_SYS_MAX_STRING_LEN]',"00000000-0000-0000-0000-0000000001d8","00000000-0000-0000-0000-000000000000","00000000-0000-0000-0000-000000000000","00000000-0000-0000-0000-000000000000","00000000-0000-0000-0000-000000000000","00000000-0000-0000-0000-000000000000","00000000-0000-0000-0000-000000000000" );
INSERT INTO TE_PARM VALUES ( 'A0xtumlsret','xtuml string return parm',0,'','',"00000000-0000-0000-0000-0000000001dc","00000000-0000-0000-0000-0000000000cc",'A0xtumlsret',0,"00000000-0000-0000-0000-000000000028",1,"00000000-0000-0000-0000-000000000000",'[ESCHER_SYS_MAX_STRING_LEN]',"00000000-0000-0000-0000-0000000001db","00000000-0000-0000-0000-000000000000","00000000-0000-0000-0000-000000000000","00000000-0000-0000-0000-000000000000","00000000-0000-0000-0000-000000000000","00000000-0000-0000-0000-000000000000","00000000-0000-0000-0000-000000000000" );
INSERT INTO TE_PARM VALUES ( 'A0xtumlsret','xtuml string return parm',0,'','',"00000000-0000-0000-0000-0000000001df","00000000-0000-0000-0000-0000000000cb",'A0xtumlsret',0,"00000000-0000-0000-0000-000000000028",1,"00000000-0000-0000-0000-000000000000",'[ESCHER_SYS_MAX_STRING_LEN]',"00000000-0000-0000-0000-0000000001de","00000000-0000-0000-0000-000000000000","00000000-0000-0000-0000-000000000000","00000000-0000-0000-0000-000000000000","00000000-0000-0000-0000-000000000000","00000000-0000-0000-0000-000000000000","00000000-0000-0000-0000-000000000000" );
INSERT INTO TE_PARM VALUES ( 'A0xtumlsret','xtuml string return parm',0,'','',"00000000-0000-0000-0000-0000000001e2","00000000-0000-0000-0000-0000000000c8",'A0xtumlsret',0,"00000000-0000-0000-0000-000000000028",1,"00000000-0000-0000-0000-000000000000",'[ESCHER_SYS_MAX_STRING_LEN]',"00000000-0000-0000-0000-0000000001e1","00000000-0000-0000-0000-000000000000","00000000-0000-0000-0000-000000000000","00000000-0000-0000-0000-000000000000","00000000-0000-0000-0000-000000000000","00000000-0000-0000-0000-000000000000","00000000-0000-0000-0000-000000000000" );
INSERT INTO TE_PARM VALUES ( 'A0xtumlsret','xtuml string return parm',0,'','',"00000000-0000-0000-0000-0000000001e5","00000000-0000-0000-0000-0000000000c7",'A0xtumlsret',0,"00000000-0000-0000-0000-000000000028",1,"00000000-0000-0000-0000-000000000000",'[ESCHER_SYS_MAX_STRING_LEN]',"00000000-0000-0000-0000-0000000001e4","00000000-0000-0000-0000-000000000000","00000000-0000-0000-0000-000000000000","00000000-0000-0000-0000-000000000000","00000000-0000-0000-0000-000000000000","00000000-0000-0000-0000-000000000000","00000000-0000-0000-0000-000000000000" );
INSERT INTO TE_PARM VALUES ( 'A0xtumlsret','xtuml string return parm',0,'','',"00000000-0000-0000-0000-0000000001f0","00000000-0000-0000-0000-0000000000c2",'A0xtumlsret',0,"00000000-0000-0000-0000-000000000028",1,"00000000-0000-0000-0000-000000000000",'[ESCHER_SYS_MAX_STRING_LEN]',"00000000-0000-0000-0000-0000000001ef","00000000-0000-0000-0000-000000000000","00000000-0000-0000-0000-000000000000","00000000-0000-0000-0000-000000000000","00000000-0000-0000-0000-000000000000","00000000-0000-0000-0000-000000000000","00000000-0000-0000-0000-000000000000" );
INSERT INTO TE_PARM VALUES ( 'A0xtumlsret','xtuml string return parm',0,'','',"00000000-0000-0000-0000-0000000001f3","00000000-0000-0000-0000-0000000000c1",'A0xtumlsret',0,"00000000-0000-0000-0000-000000000028",1,"00000000-0000-0000-0000-000000000000",'[ESCHER_SYS_MAX_STRING_LEN]',"00000000-0000-0000-0000-0000000001f2","00000000-0000-0000-0000-000000000000","00000000-0000-0000-0000-000000000000","00000000-0000-0000-0000-000000000000","00000000-0000-0000-0000-000000000000","00000000-0000-0000-0000-000000000000","00000000-0000-0000-0000-000000000000" );
INSERT INTO TE_PARM VALUES ( 'A0xtumlsret','xtuml string return parm',0,'','',"00000000-0000-0000-0000-0000000001f6","00000000-0000-0000-0000-0000000000c0",'A0xtumlsret',0,"00000000-0000-0000-0000-000000000028",1,"00000000-0000-0000-0000-000000000000",'[ESCHER_SYS_MAX_STRING_LEN]',"00000000-0000-0000-0000-0000000001f5","00000000-0000-0000-0000-000000000000","00000000-0000-0000-0000-000000000000","00000000-0000-0000-0000-000000000000","00000000-0000-0000-0000-000000000000","00000000-0000-0000-0000-000000000000","00000000-0000-0000-0000-000000000000" );
INSERT INTO TE_PARM VALUES ( 'A0xtumlsret','xtuml string return parm',0,'','',"00000000-0000-0000-0000-0000000001f9","00000000-0000-0000-0000-0000000000bf",'A0xtumlsret',0,"00000000-0000-0000-0000-000000000028",1,"00000000-0000-0000-0000-000000000000",'[ESCHER_SYS_MAX_STRING_LEN]',"00000000-0000-0000-0000-0000000001f8","00000000-0000-0000-0000-000000000000","00000000-0000-0000-0000-000000000000","00000000-0000-0000-0000-000000000000","00000000-0000-0000-0000-000000000000","00000000-0000-0000-0000-000000000000","00000000-0000-0000-0000-000000000000" );
INSERT INTO TE_PARM VALUES ( 'A0xtumlsret','xtuml string return parm',0,'','',"00000000-0000-0000-0000-0000000001fc","00000000-0000-0000-0000-000000000000",'A0xtumlsret',0,"00000000-0000-0000-0000-000000000028",1,"00000000-0000-0000-0000-000000000000",'[ESCHER_SYS_MAX_STRING_LEN]',"00000000-0000-0000-0000-0000000001fb","00000000-0000-0000-0000-000000000000","00000000-0000-0000-0000-000000000000","00000000-0000-0000-0000-000000000000","00000000-0000-0000-0000-000000000000","00000000-0000-0000-0000-000000000000","00000000-0000-0000-0000-000000000000" );
INSERT INTO TE_PARM VALUES ( 'A0xtumlsret','xtuml string return parm',0,'','',"00000000-0000-0000-0000-00000000023c","00000000-0000-0000-0000-000000000100",'A0xtumlsret',0,"00000000-0000-0000-0000-000000000028",1,"00000000-0000-0000-0000-000000000000",'[ESCHER_SYS_MAX_STRING_LEN]',"00000000-0000-0000-0000-00000000023b","00000000-0000-0000-0000-000000000000","00000000-0000-0000-0000-000000000000","00000000-0000-0000-0000-000000000000","00000000-0000-0000-0000-000000000000","00000000-0000-0000-0000-000000000000","00000000-0000-0000-0000-000000000000" );
INSERT INTO TE_WHERE VALUES ( 0,'ADTTM_LD_AnyWhere1',0,"00000000-0000-0000-0000-0000000000e0" );
INSERT INTO TE_WHERE VALUES ( 0,'ADTTM_LD_AnyWhere2',1,"00000000-0000-0000-0000-0000000000e0" );
INSERT INTO TE_WHERE VALUES ( 0,'ADTTM_LD_AnyWhere3',2,"00000000-0000-0000-0000-0000000000e0" );
INSERT INTO TE_WHERE VALUES ( 0,'ADTTM_MML_AnyWhere1',0,"00000000-0000-0000-0000-000000000168" );
INSERT INTO TE_WHERE VALUES ( 0,'ADTTM_MML_AnyWhere2',1,"00000000-0000-0000-0000-000000000168" );
INSERT INTO TE_WHERE VALUES ( 0,'ADTTM_MML_AnyWhere3',2,"00000000-0000-0000-0000-000000000168" );
INSERT INTO TE_WHERE VALUES ( 0,'ADTTM_ME_AnyWhere1',0,"00000000-0000-0000-0000-0000000000fa" );
INSERT INTO TE_WHERE VALUES ( 0,'ADTTM_ME_AnyWhere2',1,"00000000-0000-0000-0000-0000000000fa" );
INSERT INTO TE_WHERE VALUES ( 0,'ADTTM_ME_AnyWhere3',2,"00000000-0000-0000-0000-0000000000fa" );
INSERT INTO TE_WHERE VALUES ( 0,'ADTTM_SC1_AnyWhere1',0,"00000000-0000-0000-0000-000000000158" );
INSERT INTO TE_WHERE VALUES ( 0,'ADTTM_SC1_AnyWhere2',1,"00000000-0000-0000-0000-000000000158" );
INSERT INTO TE_WHERE VALUES ( 0,'ADTTM_SC1_AnyWhere3',2,"00000000-0000-0000-0000-000000000158" );
INSERT INTO TE_WHERE VALUES ( 0,'ADTTM_SC2_AnyWhere1',0,"00000000-0000-0000-0000-000000000152" );
INSERT INTO TE_WHERE VALUES ( 0,'ADTTM_SC2_AnyWhere2',1,"00000000-0000-0000-0000-000000000152" );
INSERT INTO TE_WHERE VALUES ( 0,'ADTTM_SC2_AnyWhere3',2,"00000000-0000-0000-0000-000000000152" );
INSERT INTO TE_WHERE VALUES ( 0,'ADTTM_W_AnyWhere1',0,"00000000-0000-0000-0000-000000000112" );
INSERT INTO TE_WHERE VALUES ( 0,'ADTTM_W_AnyWhere2',1,"00000000-0000-0000-0000-000000000112" );
INSERT INTO TE_WHERE VALUES ( 0,'ADTTM_W_AnyWhere3',2,"00000000-0000-0000-0000-000000000112" );
INSERT INTO TE_WHERE VALUES ( 0,'ADTTM_TE_AnyWhere1',0,"00000000-0000-0000-0000-0000000000ed" );
INSERT INTO TE_WHERE VALUES ( 0,'ADTTM_TE_AnyWhere2',1,"00000000-0000-0000-0000-0000000000ed" );
INSERT INTO TE_WHERE VALUES ( 0,'ADTTM_TE_AnyWhere3',2,"00000000-0000-0000-0000-0000000000ed" );
INSERT INTO TE_WHERE VALUES ( 0,'ADTTM_TS_AnyWhere1',0,"00000000-0000-0000-0000-0000000000eb" );
INSERT INTO TE_WHERE VALUES ( 0,'ADTTM_TS_AnyWhere2',1,"00000000-0000-0000-0000-0000000000eb" );
INSERT INTO TE_WHERE VALUES ( 0,'ADTTM_TS_AnyWhere3',2,"00000000-0000-0000-0000-0000000000eb" );
INSERT INTO TE_WHERE VALUES ( 0,'ADTTM_OOD_AnyWhere1',0,"00000000-0000-0000-0000-0000000000dd" );
INSERT INTO TE_WHERE VALUES ( 0,'ADTTM_OOD_AnyWhere2',1,"00000000-0000-0000-0000-0000000000dd" );
INSERT INTO TE_WHERE VALUES ( 0,'ADTTM_OOD_AnyWhere3',2,"00000000-0000-0000-0000-0000000000dd" );
INSERT INTO TE_ATTR VALUES ( "00000000-0000-0000-0000-000000000225",1,1,0,0,0,'','LiefDeviceId','LiefDeviceId','',1,0,"00000000-0000-0000-0000-000000000000",'','ADTTM_LD','Escher_UniqueID_t',"00000000-0000-0000-0000-000000000000","00000000-0000-0000-0000-0000000000e1","00000000-0000-0000-0000-0000000000e0" );
INSERT INTO TE_ATTR VALUES ( "00000000-0000-0000-0000-000000000226",1,1,0,0,0,'','Environment','Environment','',1,0,"00000000-0000-0000-0000-000000000000",'','ADTTM_LD','ADTTM_sdt_EnvironmentPhysicalQuantities',"00000000-0000-0000-0000-000000000225","00000000-0000-0000-0000-000000000184","00000000-0000-0000-0000-0000000000e0" );
INSERT INTO TE_ATTR VALUES ( "00000000-0000-0000-0000-000000000227",1,1,1,0,0,'','Number','Number','',1,0,"00000000-0000-0000-0000-000000000000",'','ADTTM_LD','i_t',"00000000-0000-0000-0000-000000000226","00000000-0000-0000-0000-000000000185","00000000-0000-0000-0000-0000000000e0" );
INSERT INTO TE_ATTR VALUES ( "00000000-0000-0000-0000-000000000228",1,0,0,0,0,'','MiddleEntityId','MiddleEntityId','',1,0,"00000000-0000-0000-0000-000000000000",'','ADTTM_LD','Escher_UniqueID_t',"00000000-0000-0000-0000-000000000227","00000000-0000-0000-0000-000000000188","00000000-0000-0000-0000-0000000000e0" );
INSERT INTO TE_ATTR VALUES ( "00000000-0000-0000-0000-000000000229",1,1,1,0,0,'','RequestInterval','RequestInterval','',1,0,"00000000-0000-0000-0000-000000000000",'','ADTTM_LD','i_t',"00000000-0000-0000-0000-000000000228","00000000-0000-0000-0000-00000000018a","00000000-0000-0000-0000-0000000000e0" );
INSERT INTO TE_ATTR VALUES ( "00000000-0000-0000-0000-00000000022a",1,1,0,0,0,'','CurrentInterval','CurrentInterval','',1,0,"00000000-0000-0000-0000-000000000000",'','ADTTM_LD','i_t',"00000000-0000-0000-0000-000000000229","00000000-0000-0000-0000-00000000018b","00000000-0000-0000-0000-0000000000e0" );
INSERT INTO TE_ATTR VALUES ( "00000000-0000-0000-0000-00000000022b",0,0,0,0,0,'','DeviceStatus','DeviceStatus','',1,1,"00000000-0000-0000-0000-000000000000",'[ESCHER_SYS_MAX_STRING_LEN]','ADTTM_LD','c_t',"00000000-0000-0000-0000-00000000022a","00000000-0000-0000-0000-00000000018c","00000000-0000-0000-0000-0000000000e0" );
INSERT INTO TE_ATTR VALUES ( "00000000-0000-0000-0000-00000000022c",0,0,0,0,0,'','current_state','current_state','',1,0,"00000000-0000-0000-0000-000000000000",'','ADTTM_LD','',"00000000-0000-0000-0000-00000000022b","00000000-0000-0000-0000-00000000018d","00000000-0000-0000-0000-0000000000e0" );
INSERT INTO TE_ATTR VALUES ( "00000000-0000-0000-0000-00000000023d",1,0,0,0,0,'','MMLId','MMLId','',1,0,"00000000-0000-0000-0000-000000000000",'','ADTTM_MML','Escher_UniqueID_t',"00000000-0000-0000-0000-000000000000","00000000-0000-0000-0000-000000000169","00000000-0000-0000-0000-000000000168" );
INSERT INTO TE_ATTR VALUES ( "00000000-0000-0000-0000-00000000023e",1,0,0,0,0,'','MiddleEntityId','MiddleEntityId','',1,0,"00000000-0000-0000-0000-000000000000",'','ADTTM_MML','Escher_UniqueID_t',"00000000-0000-0000-0000-00000000023d","00000000-0000-0000-0000-00000000016d","00000000-0000-0000-0000-000000000168" );
INSERT INTO TE_ATTR VALUES ( "00000000-0000-0000-0000-00000000023f",1,0,0,0,0,'','LiefDeviceId','LiefDeviceId','',1,0,"00000000-0000-0000-0000-000000000000",'','ADTTM_MML','Escher_UniqueID_t',"00000000-0000-0000-0000-00000000023e","00000000-0000-0000-0000-000000000170","00000000-0000-0000-0000-000000000168" );
INSERT INTO TE_ATTR VALUES ( "00000000-0000-0000-0000-000000000240",1,0,0,0,0,'','MiddleEntityId','MiddleEntityId','',1,0,"00000000-0000-0000-0000-000000000000",'','ADTTM_ME','Escher_UniqueID_t',"00000000-0000-0000-0000-000000000000","00000000-0000-0000-0000-000000000160","00000000-0000-0000-0000-0000000000fa" );
INSERT INTO TE_ATTR VALUES ( "00000000-0000-0000-0000-000000000241",0,0,0,0,0,'','TopEntityId','TopEntityId','',1,0,"00000000-0000-0000-0000-000000000000",'','ADTTM_ME','Escher_UniqueID_t',"00000000-0000-0000-0000-000000000240","00000000-0000-0000-0000-000000000163","00000000-0000-0000-0000-0000000000fa" );
INSERT INTO TE_ATTR VALUES ( "00000000-0000-0000-0000-000000000242",1,1,1,0,0,'','Comfortable','Comfortable','',1,0,"00000000-0000-0000-0000-000000000000",'','ADTTM_ME','bool',"00000000-0000-0000-0000-000000000241","00000000-0000-0000-0000-000000000165","00000000-0000-0000-0000-0000000000fa" );
INSERT INTO TE_ATTR VALUES ( "00000000-0000-0000-0000-000000000243",1,1,1,0,0,'','PreferredTemperature','PreferredTemperature','',1,0,"00000000-0000-0000-0000-000000000000",'','ADTTM_ME','i_t',"00000000-0000-0000-0000-000000000242","00000000-0000-0000-0000-000000000166","00000000-0000-0000-0000-0000000000fa" );
INSERT INTO TE_ATTR VALUES ( "00000000-0000-0000-0000-000000000244",1,1,1,0,0,'','PreferredHumidity','PreferredHumidity','',1,0,"00000000-0000-0000-0000-000000000000",'','ADTTM_ME','i_t',"00000000-0000-0000-0000-000000000243","00000000-0000-0000-0000-000000000167","00000000-0000-0000-0000-0000000000fa" );
INSERT INTO TE_ATTR VALUES ( "00000000-0000-0000-0000-000000000247",1,0,0,0,0,'','TSId','TSId','',1,0,"00000000-0000-0000-0000-000000000000",'','ADTTM_SC1','Escher_UniqueID_t',"00000000-0000-0000-0000-000000000000","00000000-0000-0000-0000-00000000015a","00000000-0000-0000-0000-000000000158" );
INSERT INTO TE_ATTR VALUES ( "00000000-0000-0000-0000-000000000248",1,0,0,0,0,'','TSId','TSId','',1,0,"00000000-0000-0000-0000-000000000000",'','ADTTM_SC2','Escher_UniqueID_t',"00000000-0000-0000-0000-000000000000","00000000-0000-0000-0000-000000000156","00000000-0000-0000-0000-000000000152" );
INSERT INTO TE_ATTR VALUES ( "00000000-0000-0000-0000-000000000249",1,0,0,0,0,'','WId','WId','',1,0,"00000000-0000-0000-0000-000000000000",'','ADTTM_W','Escher_UniqueID_t',"00000000-0000-0000-0000-000000000000","00000000-0000-0000-0000-000000000113","00000000-0000-0000-0000-000000000112" );
INSERT INTO TE_ATTR VALUES ( "00000000-0000-0000-0000-00000000024a",0,0,0,0,0,'','current_state','current_state','',1,0,"00000000-0000-0000-0000-000000000000",'','ADTTM_W','',"00000000-0000-0000-0000-000000000249","00000000-0000-0000-0000-000000000114","00000000-0000-0000-0000-000000000112" );
INSERT INTO TE_ATTR VALUES ( "00000000-0000-0000-0000-00000000024b",0,0,0,0,0,'','LiefDeviceId','LiefDeviceId','',1,0,"00000000-0000-0000-0000-000000000000",'','ADTTM_W','Escher_UniqueID_t',"00000000-0000-0000-0000-00000000024a","00000000-0000-0000-0000-000000000119","00000000-0000-0000-0000-000000000112" );
INSERT INTO TE_ATTR VALUES ( "00000000-0000-0000-0000-000000000259",1,0,0,0,0,'','TopEntityId','TopEntityId','',1,0,"00000000-0000-0000-0000-000000000000",'','ADTTM_TE','Escher_UniqueID_t',"00000000-0000-0000-0000-000000000000","00000000-0000-0000-0000-00000000010e","00000000-0000-0000-0000-0000000000ed" );
INSERT INTO TE_ATTR VALUES ( "00000000-0000-0000-0000-00000000025a",1,1,1,0,0,'','X','X','',1,0,"00000000-0000-0000-0000-000000000000",'','ADTTM_TE','i_t',"00000000-0000-0000-0000-000000000259","00000000-0000-0000-0000-00000000010f","00000000-0000-0000-0000-0000000000ed" );
INSERT INTO TE_ATTR VALUES ( "00000000-0000-0000-0000-00000000025b",1,1,1,0,0,'','S','S','',1,1,"00000000-0000-0000-0000-000000000000",'[ESCHER_SYS_MAX_STRING_LEN]','ADTTM_TE','c_t',"00000000-0000-0000-0000-00000000025a","00000000-0000-0000-0000-000000000110","00000000-0000-0000-0000-0000000000ed" );
INSERT INTO TE_ATTR VALUES ( "00000000-0000-0000-0000-00000000025c",0,0,0,0,0,'','TestInterval','TestInterval','',1,0,"00000000-0000-0000-0000-000000000000",'','ADTTM_TE','i_t',"00000000-0000-0000-0000-00000000025b","00000000-0000-0000-0000-000000000111","00000000-0000-0000-0000-0000000000ed" );
INSERT INTO TE_ATTR VALUES ( "00000000-0000-0000-0000-00000000025f",1,0,0,0,0,'','TSId','TSId','',1,0,"00000000-0000-0000-0000-000000000000",'','ADTTM_TS','Escher_UniqueID_t',"00000000-0000-0000-0000-000000000000","00000000-0000-0000-0000-0000000000ec","00000000-0000-0000-0000-0000000000eb" );
INSERT INTO TE_ATTR VALUES ( "00000000-0000-0000-0000-000000000260",1,0,0,0,0,'','OodId','OodId','',1,0,"00000000-0000-0000-0000-000000000000",'','ADTTM_OOD','Escher_UniqueID_t',"00000000-0000-0000-0000-000000000000","00000000-0000-0000-0000-0000000000de","00000000-0000-0000-0000-0000000000dd" );
INSERT INTO TE_ATTR VALUES ( "00000000-0000-0000-0000-000000000261",1,0,0,0,0,'','left_LiefDeviceId','left_LiefDeviceId','',1,0,"00000000-0000-0000-0000-000000000000",'','ADTTM_OOD','Escher_UniqueID_t',"00000000-0000-0000-0000-000000000260","00000000-0000-0000-0000-0000000000e5","00000000-0000-0000-0000-0000000000dd" );
INSERT INTO TE_ATTR VALUES ( "00000000-0000-0000-0000-000000000262",1,0,0,0,0,'','right_LiefDeviceId','right_LiefDeviceId','',1,0,"00000000-0000-0000-0000-000000000000",'','ADTTM_OOD','Escher_UniqueID_t',"00000000-0000-0000-0000-000000000261","00000000-0000-0000-0000-0000000000e9","00000000-0000-0000-0000-0000000000dd" );
INSERT INTO TE_REL VALUES ( 6,1,1,1,0,0,"00000000-0000-0000-0000-000000000116" );
INSERT INTO TE_REL VALUES ( 5,0,0,0,0,0,"00000000-0000-0000-0000-00000000016a" );
INSERT INTO TE_REL VALUES ( 4,0,0,0,0,0,"00000000-0000-0000-0000-000000000153" );
INSERT INTO TE_REL VALUES ( 3,0,0,0,0,0,"00000000-0000-0000-0000-0000000000e2" );
INSERT INTO TE_REL VALUES ( 2,1,1,1,0,0,"00000000-0000-0000-0000-000000000108" );
INSERT INTO TE_REL VALUES ( 1,1,1,1,0,0,"00000000-0000-0000-0000-0000000000f9" );
INSERT INTO TE_EVT VALUES ( "00000000-0000-0000-0000-000000000234",'Measure',1,'ADTTM_LDevent1','ADTTM_LDEVENT1NUM',0,1,1,0,"00000000-0000-0000-0000-000000000000","00000000-0000-0000-0000-00000000013a","00000000-0000-0000-0000-00000000022d","00000000-0000-0000-0000-000000000235" );
INSERT INTO TE_EVT VALUES ( "00000000-0000-0000-0000-000000000235",'Measured',2,'ADTTM_LDevent2','ADTTM_LDEVENT2NUM',1,1,1,0,"00000000-0000-0000-0000-000000000000","00000000-0000-0000-0000-00000000018f","00000000-0000-0000-0000-00000000022d","00000000-0000-0000-0000-000000000000" );
INSERT INTO TE_EVT VALUES ( "00000000-0000-0000-0000-000000000256",'Create',1,'ADTTM_Wevent1','ADTTM_WEVENT1NUM',0,1,1,0,"00000000-0000-0000-0000-000000000000","00000000-0000-0000-0000-00000000011d","00000000-0000-0000-0000-00000000024c","00000000-0000-0000-0000-000000000257" );
INSERT INTO TE_EVT VALUES ( "00000000-0000-0000-0000-000000000257",'Start',2,'ADTTM_Wevent2','ADTTM_WEVENT2NUM',1,0,0,0,"00000000-0000-0000-0000-000000000000","00000000-0000-0000-0000-00000000011e","00000000-0000-0000-0000-00000000024c","00000000-0000-0000-0000-000000000258" );
INSERT INTO TE_EVT VALUES ( "00000000-0000-0000-0000-000000000258",'Done',3,'ADTTM_Wevent3','ADTTM_WEVENT3NUM',2,1,1,0,"00000000-0000-0000-0000-000000000000","00000000-0000-0000-0000-00000000011f","00000000-0000-0000-0000-00000000024c","00000000-0000-0000-0000-000000000000" );
INSERT INTO TE_STATE VALUES ( "00000000-0000-0000-0000-00000000022e",'Wait for Measure','ADTTM_LD_STATE_1',1,1,0,"00000000-0000-0000-0000-00000000018e","00000000-0000-0000-0000-000000000190","00000000-0000-0000-0000-000000000231" );
INSERT INTO TE_STATE VALUES ( "00000000-0000-0000-0000-000000000231",'Measured','ADTTM_LD_STATE_2',2,2,1,"00000000-0000-0000-0000-00000000018e","00000000-0000-0000-0000-000000000194","00000000-0000-0000-0000-000000000000" );
INSERT INTO TE_STATE VALUES ( "00000000-0000-0000-0000-00000000024d",'Created','ADTTM_W_STATE_1',1,1,0,"00000000-0000-0000-0000-00000000011b","00000000-0000-0000-0000-000000000120","00000000-0000-0000-0000-000000000250" );
INSERT INTO TE_STATE VALUES ( "00000000-0000-0000-0000-000000000250",'Working','ADTTM_W_STATE_2',2,2,1,"00000000-0000-0000-0000-00000000011b","00000000-0000-0000-0000-000000000130","00000000-0000-0000-0000-000000000253" );
INSERT INTO TE_STATE VALUES ( "00000000-0000-0000-0000-000000000253",'Completed','ADTTM_W_STATE_3',3,3,2,"00000000-0000-0000-0000-00000000011b","00000000-0000-0000-0000-00000000013c","00000000-0000-0000-0000-000000000000" );
INSERT INTO R_OIR VALUES ( "00000000-0000-0000-0000-0000000000ed","00000000-0000-0000-0000-0000000000f9","00000000-0000-0000-0000-000000000162","00000000-0000-0000-0000-000000000000" );
INSERT INTO R_OIR VALUES ( "00000000-0000-0000-0000-0000000000fa","00000000-0000-0000-0000-0000000000f9","00000000-0000-0000-0000-000000000161","00000000-0000-0000-0000-000000000000" );
INSERT INTO R_OIR VALUES ( "00000000-0000-0000-0000-0000000000fa","00000000-0000-0000-0000-000000000108","00000000-0000-0000-0000-000000000187","00000000-0000-0000-0000-000000000000" );
INSERT INTO R_OIR VALUES ( "00000000-0000-0000-0000-0000000000e0","00000000-0000-0000-0000-000000000108","00000000-0000-0000-0000-000000000186","00000000-0000-0000-0000-000000000000" );
INSERT INTO R_OIR VALUES ( "00000000-0000-0000-0000-0000000000e0","00000000-0000-0000-0000-0000000000e2","00000000-0000-0000-0000-0000000000e4","00000000-0000-0000-0000-000000000000" );
INSERT INTO R_OIR VALUES ( "00000000-0000-0000-0000-0000000000e0","00000000-0000-0000-0000-0000000000e2","00000000-0000-0000-0000-0000000000e8","00000000-0000-0000-0000-000000000000" );
INSERT INTO R_OIR VALUES ( "00000000-0000-0000-0000-0000000000dd","00000000-0000-0000-0000-0000000000e2","00000000-0000-0000-0000-0000000000e3","00000000-0000-0000-0000-000000000000" );
INSERT INTO R_OIR VALUES ( "00000000-0000-0000-0000-0000000000eb","00000000-0000-0000-0000-000000000153","00000000-0000-0000-0000-000000000155","00000000-0000-0000-0000-000000000000" );
INSERT INTO R_OIR VALUES ( "00000000-0000-0000-0000-000000000158","00000000-0000-0000-0000-000000000153","00000000-0000-0000-0000-000000000159","00000000-0000-0000-0000-000000000000" );
INSERT INTO R_OIR VALUES ( "00000000-0000-0000-0000-000000000152","00000000-0000-0000-0000-000000000153","00000000-0000-0000-0000-000000000154","00000000-0000-0000-0000-000000000000" );
INSERT INTO R_OIR VALUES ( "00000000-0000-0000-0000-0000000000fa","00000000-0000-0000-0000-00000000016a","00000000-0000-0000-0000-00000000016c","00000000-0000-0000-0000-000000000000" );
INSERT INTO R_OIR VALUES ( "00000000-0000-0000-0000-0000000000e0","00000000-0000-0000-0000-00000000016a","00000000-0000-0000-0000-00000000016f","00000000-0000-0000-0000-000000000000" );
INSERT INTO R_OIR VALUES ( "00000000-0000-0000-0000-000000000168","00000000-0000-0000-0000-00000000016a","00000000-0000-0000-0000-00000000016b","00000000-0000-0000-0000-000000000000" );
INSERT INTO R_OIR VALUES ( "00000000-0000-0000-0000-0000000000e0","00000000-0000-0000-0000-000000000116","00000000-0000-0000-0000-000000000118","00000000-0000-0000-0000-000000000000" );
INSERT INTO R_OIR VALUES ( "00000000-0000-0000-0000-000000000112","00000000-0000-0000-0000-000000000116","00000000-0000-0000-0000-000000000117","00000000-0000-0000-0000-000000000000" );
INSERT INTO TE_SM VALUES ( "00000000-0000-0000-0000-00000000022d",1,'ADTTM_LD_STATE_1','ADTTM_LD_StateEventMatrix','ADTTM_LD_acts','StateAction_t','ADTTM_LD_Events_u','ADTTM_LD_xacts',0,'state_name_strings',2,2,"00000000-0000-0000-0000-00000000018e",'ADTTM_LD',"00000000-0000-0000-0000-00000000022e","00000000-0000-0000-0000-000000000234",'"Wait for Measure","Measured"','"Measure","Measured"',0 );
INSERT INTO TE_SM VALUES ( "00000000-0000-0000-0000-00000000024c",1,'ADTTM_W_STATE_1','ADTTM_W_StateEventMatrix','ADTTM_W_acts','StateAction_t','ADTTM_W_Events_u','ADTTM_W_xacts',0,'state_name_strings',3,3,"00000000-0000-0000-0000-00000000011b",'ADTTM_W',"00000000-0000-0000-0000-00000000024d","00000000-0000-0000-0000-000000000256",'"Created","Working","Completed"','"Create","Start","Done"',0 );
INSERT INTO TE_CLASS VALUES ( "00000000-0000-0000-0000-00000000002e",'Lief Device',3,'LD','','ADTTM_LD','ADTTM_LD_CB',1,0,0,0,0,10,0,1,0,0,1,0,0,'ADTTM_LD_class','ADTTM_LD_CLASS_NUMBER','ADTTM_LD_CLASS_NUMBER_CB','ADTTM_LD_LinkCentral','ADTTM_LD_Dispatch','','%s,,%d,%s,%d,%d,''%s'',%d',',
    Escher_u128touuid( Escher_malloc( 39 ),  self->LiefDeviceId ),
    self->Environment,
    self->Number,
    Escher_u128touuid( Escher_malloc( 39 ),  self->MiddleEntityId ),
    self->RequestInterval,
    self->CurrentInterval,
    ( 0 != self->DeviceStatus ) ? self->DeviceStatus : "",
    self->current_state',"00000000-0000-0000-0000-00000000001a","00000000-0000-0000-0000-0000000000e0","00000000-0000-0000-0000-000000000036" );
INSERT INTO TE_CLASS VALUES ( "00000000-0000-0000-0000-00000000002f",'Mapping Middel To Lief',8,'MML','','ADTTM_MML','ADTTM_MML_CB',0,0,0,0,0,10,0,0,0,0,1,0,0,'ADTTM_MML_class','ADTTM_MML_CLASS_NUMBER','ADTTM_MML_CLASS_NUMBER_CB','ADTTM_MML_LinkCentral','','','%s,%s,%s',',
    Escher_u128touuid( Escher_malloc( 39 ),  self->MMLId ),
    Escher_u128touuid( Escher_malloc( 39 ),  self->MiddleEntityId ),
    Escher_u128touuid( Escher_malloc( 39 ),  self->LiefDeviceId )',"00000000-0000-0000-0000-00000000001a","00000000-0000-0000-0000-000000000168","00000000-0000-0000-0000-000000000033" );
INSERT INTO TE_CLASS VALUES ( "00000000-0000-0000-0000-000000000030",'Middle Entity',2,'ME','','ADTTM_ME','ADTTM_ME_CB',0,0,0,0,0,10,0,1,0,0,1,0,0,'ADTTM_ME_class','ADTTM_ME_CLASS_NUMBER','ADTTM_ME_CLASS_NUMBER_CB','ADTTM_ME_LinkCentral','','','%s,%s,%d,%d,%d',',
    Escher_u128touuid( Escher_malloc( 39 ),  self->MiddleEntityId ),
    Escher_u128touuid( Escher_malloc( 39 ),  self->TopEntityId ),
    self->Comfortable,
    self->PreferredTemperature,
    self->PreferredHumidity',"00000000-0000-0000-0000-00000000001a","00000000-0000-0000-0000-0000000000fa","00000000-0000-0000-0000-00000000002e" );
INSERT INTO TE_CLASS VALUES ( "00000000-0000-0000-0000-000000000031",'SubClass1',6,'SC1','','ADTTM_SC1','ADTTM_SC1_CB',0,0,0,0,0,10,0,0,0,0,1,0,0,'ADTTM_SC1_class','ADTTM_SC1_CLASS_NUMBER','ADTTM_SC1_CLASS_NUMBER_CB','ADTTM_SC1_LinkCentral','','','%s',',
    Escher_u128touuid( Escher_malloc( 39 ),  self->TSId )',"00000000-0000-0000-0000-00000000001a","00000000-0000-0000-0000-000000000158","00000000-0000-0000-0000-000000000032" );
INSERT INTO TE_CLASS VALUES ( "00000000-0000-0000-0000-000000000032",'SubClass2',7,'SC2','','ADTTM_SC2','ADTTM_SC2_CB',0,0,0,0,0,10,0,0,0,0,1,0,0,'ADTTM_SC2_class','ADTTM_SC2_CLASS_NUMBER','ADTTM_SC2_CLASS_NUMBER_CB','ADTTM_SC2_LinkCentral','','','%s',',
    Escher_u128touuid( Escher_malloc( 39 ),  self->TSId )',"00000000-0000-0000-0000-00000000001a","00000000-0000-0000-0000-000000000152","00000000-0000-0000-0000-00000000002f" );
INSERT INTO TE_CLASS VALUES ( "00000000-0000-0000-0000-000000000033",'Worker',9,'W','','ADTTM_W','ADTTM_W_CB',1,0,0,0,0,10,0,0,0,0,1,0,0,'ADTTM_W_class','ADTTM_W_CLASS_NUMBER','ADTTM_W_CLASS_NUMBER_CB','ADTTM_W_LinkCentral','ADTTM_W_Dispatch','','%s,%d,%s',',
    Escher_u128touuid( Escher_malloc( 39 ),  self->WId ),
    self->current_state,
    Escher_u128touuid( Escher_malloc( 39 ),  self->LiefDeviceId )',"00000000-0000-0000-0000-00000000001a","00000000-0000-0000-0000-000000000112","00000000-0000-0000-0000-000000000000" );
INSERT INTO TE_CLASS VALUES ( "00000000-0000-0000-0000-000000000034",'Top Entity',1,'TE','','ADTTM_TE','ADTTM_TE_CB',0,0,0,0,0,10,0,1,0,0,1,0,0,'ADTTM_TE_class','ADTTM_TE_CLASS_NUMBER','ADTTM_TE_CLASS_NUMBER_CB','ADTTM_TE_LinkCentral','','','%s,%d,''%s'',%d',',
    Escher_u128touuid( Escher_malloc( 39 ),  self->TopEntityId ),
    self->X,
    ( 0 != self->S ) ? self->S : "",
    self->TestInterval',"00000000-0000-0000-0000-00000000001a","00000000-0000-0000-0000-0000000000ed","00000000-0000-0000-0000-000000000030" );
INSERT INTO TE_CLASS VALUES ( "00000000-0000-0000-0000-000000000035",'TestSuper',5,'TS','','ADTTM_TS','ADTTM_TS_CB',0,0,0,0,0,10,0,0,0,0,1,0,0,'ADTTM_TS_class','ADTTM_TS_CLASS_NUMBER','ADTTM_TS_CLASS_NUMBER_CB','ADTTM_TS_LinkCentral','','','%s',',
    Escher_u128touuid( Escher_malloc( 39 ),  self->TSId )',"00000000-0000-0000-0000-00000000001a","00000000-0000-0000-0000-0000000000eb","00000000-0000-0000-0000-000000000031" );
INSERT INTO TE_CLASS VALUES ( "00000000-0000-0000-0000-000000000036",'Order of Device',4,'OOD','','ADTTM_OOD','ADTTM_OOD_CB',0,0,0,0,0,10,0,0,0,0,1,0,0,'ADTTM_OOD_class','ADTTM_OOD_CLASS_NUMBER','ADTTM_OOD_CLASS_NUMBER_CB','ADTTM_OOD_LinkCentral','','','%s,%s,%s',',
    Escher_u128touuid( Escher_malloc( 39 ),  self->OodId ),
    Escher_u128touuid( Escher_malloc( 39 ),  self->left_LiefDeviceId ),
    Escher_u128touuid( Escher_malloc( 39 ),  self->right_LiefDeviceId )',"00000000-0000-0000-0000-00000000001a","00000000-0000-0000-0000-0000000000dd","00000000-0000-0000-0000-000000000035" );
INSERT INTO TE_PREFIX VALUES ( 'Escher_','','Escher_','','ESCHER_','Escher_','','','','Escher_','pport_','rport_','channel_' );
INSERT INTO TE_SET VALUES ( 'SYS_MAX_CONTAINERS','Escher_Iterator_s','Escher_SetFactoryInit','Escher_InitSet','Escher_CopySet','Escher_ClearSet','Escher_SetUnion','Escher_SetIntersection','Escher_SetDifference','Escher_SetSymmetricDifference','Escher_SetInsertElement','Escher_SetInsertInstance','Escher_SetInsertBlock','Escher_SetRemoveElement','Escher_SetRemoveInstance','Escher_SetCardinality','Escher_SetContains','Escher_SetEquality','Escher_SetIsEmpty','Escher_SetGetAny','Escher_IteratorReset','Escher_IteratorNext','Escher_ObjectSet_s','Escher_SetElement_s','','' );
INSERT INTO TE_PERSIST VALUES ( 'sys_persist','','ESCHER_PERSIST_INST_CACHE_DEPTH','ESCHER_PERSIST_LINK_CACHE_DEPTH','check_mark_post','','Escher_link_t','','Escher_PersistFactoryInit','Escher_PersistenceCommit','Escher_PersistenceRestore','Escher_PersistDelete','domainnum','Escher_DomainNumber_t','classnum','Escher_ClassNumber_t','index','Escher_InstanceIndex_t','InstanceIdentifier_t','instance_identifier','s1_t','persist_dirty',1,0 );
INSERT INTO R_RTO VALUES ( "00000000-0000-0000-0000-0000000000ed","00000000-0000-0000-0000-0000000000f9","00000000-0000-0000-0000-000000000162",0 );
INSERT INTO R_RTO VALUES ( "00000000-0000-0000-0000-0000000000fa","00000000-0000-0000-0000-000000000108","00000000-0000-0000-0000-000000000187",0 );
INSERT INTO R_RTO VALUES ( "00000000-0000-0000-0000-0000000000e0","00000000-0000-0000-0000-0000000000e2","00000000-0000-0000-0000-0000000000e4",0 );
INSERT INTO R_RTO VALUES ( "00000000-0000-0000-0000-0000000000e0","00000000-0000-0000-0000-0000000000e2","00000000-0000-0000-0000-0000000000e8",0 );
INSERT INTO R_RTO VALUES ( "00000000-0000-0000-0000-0000000000eb","00000000-0000-0000-0000-000000000153","00000000-0000-0000-0000-000000000155",0 );
INSERT INTO R_RTO VALUES ( "00000000-0000-0000-0000-0000000000fa","00000000-0000-0000-0000-00000000016a","00000000-0000-0000-0000-00000000016c",0 );
INSERT INTO R_RTO VALUES ( "00000000-0000-0000-0000-0000000000e0","00000000-0000-0000-0000-00000000016a","00000000-0000-0000-0000-00000000016f",0 );
INSERT INTO R_RTO VALUES ( "00000000-0000-0000-0000-0000000000e0","00000000-0000-0000-0000-000000000116","00000000-0000-0000-0000-000000000118",0 );
INSERT INTO TE_EQ VALUES ( 'EVENT_IS_IGNORED','EVENT_CANT_HAPPEN','Escher_systemxtUMLevents','Escher_xtUML_event_pool','Escher_xtUMLEventConstant_t','Escher_xtUMLEvent_t','mc_event_base','ESCHER_SYS_MAX_XTUML_EVENTS','ESCHER_SYS_MAX_SELF_EVENTS','ESCHER_SYS_MAX_NONSELF_EVENTS','Escher_NewxtUMLEvent','Escher_AllocatextUMLEvent','Escher_DeletextUMLEvent','Escher_ModifyxtUMLEvent','Escher_SendSelfEvent','Escher_SendEvent','Escher_EventSearchAndDestroy','Escher_run_flag','e','' );
INSERT INTO TE_ILB VALUES ( '','ESCHER_SYS_MAX_INTERLEAVED_BRIDGES','ESCHER_SYS_MAX_INTERLEAVED_BRIDGE_DATA','InterleaveBridge','InterleaveBridgeDone','GetILBData','DispatchInterleaveBridge' );
INSERT INTO TE_THREAD VALUES ( 'sys_thread','Escher_thread_create','Escher_mutex_lock','Escher_mutex_unlock','Escher_nonbusy_wait','Escher_nonbusy_wake','Escher_thread_shutdown',0,'POSIX',0,1,'' );
INSERT INTO TE_FILE VALUES ( 'h','c','o','ADTTestModel_sys_main','sys_xtuml','sys_events','sys_nvs','NVS_bridge','sys_sets','ADTTestModel_sys_types','sys_thread','sys_trace','TIM_bridge','sys_user_co','','sys_persist','sys_xtumlload','sysc_interfaces','RegDefs','.','_ch','_ch','_ch','_ch','.','bridge.mark','system.mark','datatype.mark','event.mark','class.mark','domain.mark','sys_functions.arc','mc3020/arc','.' );
INSERT INTO TE_CALLOUT VALUES ( 'sys_user_co','UserInitializationCallout','UserPreOoaInitializationCallout','UserPostOoaInitializationCallout','UserBackgroundProcessingCallout','UserEventCantHappenCallout','UserPreShutdownCallout','UserPostShutdownCallout','UserEventNoInstanceCallout','UserEventFreeListEmptyCallout','UserEmptyHandleDetectedCallout','UserObjectPoolEmptyCallout','UserNodeListEmptyCallout','UserInterleavedBridgeOverflowCallout','UserSelfEventQueueEmptyCallout','UserNonSelfEventQueueEmptyCallout','UserPersistenceErrorCallout' );
INSERT INTO TE_STRING VALUES ( 'Escher_memset','Escher_memmove','Escher_strcpy','Escher_stradd','Escher_strlen','Escher_strcmp','Escher_strget','Escher_itoa','Escher_atoi','ESCHER_SYS_MAX_STRING_LEN','ESCHER_DEBUG_BUFFER_DEPTH','Escher_u128touuid','Escher_uuidtou128' );
INSERT INTO TE_TRACE VALUES ( 'COMP_MSG_START_TRACE','COMP_MSG_END_TRACE','STATE_TXN_START_TRACE','STATE_TXN_END_TRACE','STATE_TXN_IG_TRACE','STATE_TXN_CH_TRACE','OAL_ACTION_TRACE' );
INSERT INTO TE_COPYRIGHT VALUES ( 'your copyright statement can go here (from te_copyright.body)' );
INSERT INTO TE_DMA VALUES ( 'sys_memory','Escher_malloc','Escher_free',0 );
INSERT INTO TE_CONTAINER VALUES ( '' );
INSERT INTO R_RGO VALUES ( "00000000-0000-0000-0000-0000000000fa","00000000-0000-0000-0000-0000000000f9","00000000-0000-0000-0000-000000000161" );
INSERT INTO R_RGO VALUES ( "00000000-0000-0000-0000-0000000000e0","00000000-0000-0000-0000-000000000108","00000000-0000-0000-0000-000000000186" );
INSERT INTO R_RGO VALUES ( "00000000-0000-0000-0000-0000000000dd","00000000-0000-0000-0000-0000000000e2","00000000-0000-0000-0000-0000000000e3" );
INSERT INTO R_RGO VALUES ( "00000000-0000-0000-0000-000000000158","00000000-0000-0000-0000-000000000153","00000000-0000-0000-0000-000000000159" );
INSERT INTO R_RGO VALUES ( "00000000-0000-0000-0000-000000000152","00000000-0000-0000-0000-000000000153","00000000-0000-0000-0000-000000000154" );
INSERT INTO R_RGO VALUES ( "00000000-0000-0000-0000-000000000168","00000000-0000-0000-0000-00000000016a","00000000-0000-0000-0000-00000000016b" );
INSERT INTO R_RGO VALUES ( "00000000-0000-0000-0000-000000000112","00000000-0000-0000-0000-000000000116","00000000-0000-0000-0000-000000000117" );
INSERT INTO TE_DLIST VALUES ( '','Escher_SetRemoveDlistNode' );
INSERT INTO TE_SLIST VALUES ( '','Escher_SetRemoveNode' );
INSERT INTO TE_TARGET VALUES ( 'C','#ifdef	__cplusplus
extern	"C"	{
#endif','#ifdef	__cplusplus
}
#endif','main' );
INSERT INTO R_SIMP VALUES ( "00000000-0000-0000-0000-0000000000f9" );
INSERT INTO R_SIMP VALUES ( "00000000-0000-0000-0000-000000000108" );
INSERT INTO R_SIMP VALUES ( "00000000-0000-0000-0000-000000000116" );
INSERT INTO TE_RELINFO VALUES ( "00000000-0000-0000-0000-000000000000","00000000-0000-0000-0000-000000000000","00000000-0000-0000-0000-000000000000","00000000-0000-0000-0000-000000000000","00000000-0000-0000-0000-000000000000","00000000-0000-0000-0000-000000000000",0,0,'',0,0,0,0 );
INSERT INTO TE_RELSTORE VALUES ( '','','',0,'','self' );
INSERT INTO TE_INSTANCE VALUES ( 'Escher_CreateInstance','Escher_CreatePersistent','Escher_DeleteInstance','Escher_DeletePersistent','self','Escher_GetSelf','Escher_InstanceBase_t','Escher_iHandle_t','Escher_ClassFactoryInit','Escher_Object_s','ESCHER_SYS_MAX_OBJECT_EXTENT','ESCHER_SYS_MAX_ASSOCIATION_EXTENT','ESCHER_SYS_MAX_TRANSIENT_EXTENT','current_state','','Escher_GetDCI','Escher_GetEventDispatcher','Escher_GetThreadAssignment','' );
INSERT INTO TE_TIM VALUES ( 'ESCHER_SYS_MAX_XTUML_TIMERS',1,1,0,'ETimer_t','','' );
INSERT INTO TE_TYPEMAP VALUES ( 'Escher_InstanceIndex_t','u2_t','Escher_ClassSize_t','Escher_size_t','Escher_ClassNumber_t','u2_t','Escher_StateNumber_t','u1_t','Escher_DomainNumber_t','u1_t','Escher_EventNumber_t','u1_t','Escher_EventPriority_t','u1_t','Escher_EventFlags_t','u1_t','Escher_PolyEventRC_t','u1_t','Escher_SEMcell_t','u1_t','','','' );
INSERT INTO TE_EXTENT VALUES ( 'Escher_ObjectSet_s','Escher_Extent_t','active','inactive','','Escher_ClassSize_t','size','Escher_StateNumber_t','initial_state','Escher_SetElement_s*','container','Escher_iHandle_t','pool','Escher_InstanceIndex_t','population','Escher_ClassSize_t','size_no_rel','link_function' );
INSERT INTO TE_PAR VALUES ( 'expression',0,'',0,"00000000-0000-0000-0000-00000000025a","00000000-0000-0000-0000-0000000000d9" );
INSERT INTO R_PART VALUES ( "00000000-0000-0000-0000-0000000000ed","00000000-0000-0000-0000-0000000000f9","00000000-0000-0000-0000-000000000162",0,0,'' );
INSERT INTO R_PART VALUES ( "00000000-0000-0000-0000-0000000000fa","00000000-0000-0000-0000-000000000108","00000000-0000-0000-0000-000000000187",0,1,'' );
INSERT INTO R_PART VALUES ( "00000000-0000-0000-0000-0000000000e0","00000000-0000-0000-0000-000000000116","00000000-0000-0000-0000-000000000118",0,0,'target' );
INSERT INTO TE_DCI VALUES ( "00000000-0000-0000-0000-00000000001a",'ADTTM_CLASS_NUMBERS','ADTTM_CLASS_U','ADTTM_task_numbers','ADTTM_TASK_NUMBERS','ADTTM_MAX_CLASS_NUMBERS','ADTTM_STATE_MODELS','ADTTM_CLASS_INFO_INIT','ADTTM_class_info' );
INSERT INTO TE_CIA VALUES ( 'domain_class_info','Escher_Extent_t','active_count','domain_class_count','Escher_ClassNumber_t' );
INSERT INTO R_FORM VALUES ( "00000000-0000-0000-0000-0000000000fa","00000000-0000-0000-0000-0000000000f9","00000000-0000-0000-0000-000000000161",1,1,'child' );
INSERT INTO R_FORM VALUES ( "00000000-0000-0000-0000-0000000000e0","00000000-0000-0000-0000-000000000108","00000000-0000-0000-0000-000000000186",1,1,'measurement' );
INSERT INTO R_FORM VALUES ( "00000000-0000-0000-0000-000000000112","00000000-0000-0000-0000-000000000116","00000000-0000-0000-0000-000000000117",0,1,'' );
INSERT INTO R_ASSOC VALUES ( "00000000-0000-0000-0000-0000000000e2" );
INSERT INTO R_ASSOC VALUES ( "00000000-0000-0000-0000-00000000016a" );
INSERT INTO R_AONE VALUES ( "00000000-0000-0000-0000-0000000000e0","00000000-0000-0000-0000-0000000000e2","00000000-0000-0000-0000-0000000000e4",0,1,'right' );
INSERT INTO R_AONE VALUES ( "00000000-0000-0000-0000-0000000000fa","00000000-0000-0000-0000-00000000016a","00000000-0000-0000-0000-00000000016c",0,1,'middle' );
INSERT INTO TE_BLK VALUES ( "00000000-0000-0000-0000-000000000251","00000000-0000-0000-0000-000000000252",'i_t text_length;c_t text[ESCHER_SYS_MAX_STRING_LEN];','',1,'  ',"00000000-0000-0000-0000-0000000001b6" );
INSERT INTO TE_BLK VALUES ( "00000000-0000-0000-0000-00000000024a","00000000-0000-0000-0000-00000000024d",'','',4,'        ',"00000000-0000-0000-0000-000000000000" );
INSERT INTO TE_BLK VALUES ( "00000000-0000-0000-0000-000000000242","00000000-0000-0000-0000-000000000244",'ADTTM_LD * ld=0;Escher_ObjectSet_s ldSet_space={0}; Escher_ObjectSet_s * ldSet = &ldSet_space;','Escher_ClearSet( ldSet ); ',3,'      ',"00000000-0000-0000-0000-000000000000" );
INSERT INTO TE_BLK VALUES ( "00000000-0000-0000-0000-00000000023a","00000000-0000-0000-0000-00000000023c",'ADTTM_ME * me=0;Escher_ObjectSet_s meSet_space={0}; Escher_ObjectSet_s * meSet = &meSet_space;','Escher_ClearSet( meSet ); ',2,'    ',"00000000-0000-0000-0000-000000000000" );
INSERT INTO TE_BLK VALUES ( "00000000-0000-0000-0000-000000000236","00000000-0000-0000-0000-000000000237",'ADTTM_TE * te=0;Escher_ObjectSet_s teSet_space={0}; Escher_ObjectSet_s * teSet = &teSet_space;','Escher_ClearSet( teSet );',1,'  ',"00000000-0000-0000-0000-0000000001b7" );
INSERT INTO TE_BLK VALUES ( "00000000-0000-0000-0000-000000000213","00000000-0000-0000-0000-000000000224",'ADTTM_LD * liefDevice;','',4,'        ',"00000000-0000-0000-0000-000000000000" );
INSERT INTO TE_BLK VALUES ( "00000000-0000-0000-0000-0000000001fb","00000000-0000-0000-0000-000000000201",'i_t dindex;ADTTM_ME * middleEntity;','',3,'      ',"00000000-0000-0000-0000-000000000000" );
INSERT INTO TE_BLK VALUES ( "00000000-0000-0000-0000-0000000001ec","00000000-0000-0000-0000-0000000001ef",'i_t index;','',2,'    ',"00000000-0000-0000-0000-000000000000" );
INSERT INTO TE_BLK VALUES ( "00000000-0000-0000-0000-0000000001e8","00000000-0000-0000-0000-0000000001e9",'ADTTM_TE * topEntity=0;','',1,'  ',"00000000-0000-0000-0000-0000000001b8" );
INSERT INTO TE_BLK VALUES ( "00000000-0000-0000-0000-0000000001c1","00000000-0000-0000-0000-0000000001c2",'ADTTM_ME * middleEntity=0;Escher_ObjectSet_s liefDevices_space={0}; Escher_ObjectSet_s * liefDevices = &liefDevices_space;ADTTM_LD * liefDevice=0;ADTTM_TE * topEntity=0;ADTTM_LD * liefDeice=0;','Escher_ClearSet( liefDevices ); ',1,'  ',"00000000-0000-0000-0000-0000000001b9" );
INSERT INTO TE_BLK VALUES ( "00000000-0000-0000-0000-0000000001a5","00000000-0000-0000-0000-0000000001a6",'Escher_ObjectSet_s middleEntities_space={0}; Escher_ObjectSet_s * middleEntities = &middleEntities_space;ADTTM_ME * middleEntity=0;Escher_ObjectSet_s middileEntities_space={0}; Escher_ObjectSet_s * middileEntities = &middileEntities_space;','Escher_ClearSet( middleEntities );Escher_ClearSet( middileEntities );',1,'  ',"00000000-0000-0000-0000-0000000001ba" );
INSERT INTO TE_BLK VALUES ( "00000000-0000-0000-0000-0000000001a2","00000000-0000-0000-0000-000000000000",'','',1,'  ',"00000000-0000-0000-0000-000000000000" );
INSERT INTO TE_BLK VALUES ( "00000000-0000-0000-0000-00000000019e","00000000-0000-0000-0000-000000000000",'','',1,'  ',"00000000-0000-0000-0000-000000000000" );
INSERT INTO TE_BLK VALUES ( "00000000-0000-0000-0000-000000000197","00000000-0000-0000-0000-000000000198",'','',1,'  ',"00000000-0000-0000-0000-000000000233" );
INSERT INTO TE_BLK VALUES ( "00000000-0000-0000-0000-000000000193","00000000-0000-0000-0000-000000000000",'','',1,'  ',"00000000-0000-0000-0000-000000000230" );
INSERT INTO TE_BLK VALUES ( "00000000-0000-0000-0000-00000000017d","00000000-0000-0000-0000-00000000017e",'c_t result[ESCHER_SYS_MAX_STRING_LEN];','',1,'  ',"00000000-0000-0000-0000-00000000023b" );
INSERT INTO TE_BLK VALUES ( "00000000-0000-0000-0000-000000000178","00000000-0000-0000-0000-000000000000",'','',1,'  ',"00000000-0000-0000-0000-000000000239" );
INSERT INTO TE_BLK VALUES ( "00000000-0000-0000-0000-000000000175","00000000-0000-0000-0000-000000000000",'','',1,'  ',"00000000-0000-0000-0000-000000000237" );
INSERT INTO TE_BLK VALUES ( "00000000-0000-0000-0000-00000000015f","00000000-0000-0000-0000-000000000000",'','',1,'  ',"00000000-0000-0000-0000-000000000246" );
INSERT INTO TE_BLK VALUES ( "00000000-0000-0000-0000-000000000151","00000000-0000-0000-0000-000000000000",'','',1,'  ',"00000000-0000-0000-0000-000000000000" );
INSERT INTO TE_BLK VALUES ( "00000000-0000-0000-0000-00000000014d","00000000-0000-0000-0000-000000000000",'','',1,'  ',"00000000-0000-0000-0000-000000000000" );
INSERT INTO TE_BLK VALUES ( "00000000-0000-0000-0000-000000000149","00000000-0000-0000-0000-000000000000",'','',1,'  ',"00000000-0000-0000-0000-000000000000" );
INSERT INTO TE_BLK VALUES ( "00000000-0000-0000-0000-00000000013f","00000000-0000-0000-0000-000000000140",'ADTTM_LD * ld=0;','',1,'  ',"00000000-0000-0000-0000-000000000255" );
INSERT INTO TE_BLK VALUES ( "00000000-0000-0000-0000-000000000133","00000000-0000-0000-0000-000000000134",'ADTTM_LD * ld=0;','',1,'  ',"00000000-0000-0000-0000-000000000252" );
INSERT INTO TE_BLK VALUES ( "00000000-0000-0000-0000-000000000128","00000000-0000-0000-0000-00000000012f",'','',2,'    ',"00000000-0000-0000-0000-000000000000" );
INSERT INTO TE_BLK VALUES ( "00000000-0000-0000-0000-000000000123","00000000-0000-0000-0000-000000000124",'ADTTM_LD * ld=0;','',1,'  ',"00000000-0000-0000-0000-00000000024f" );
INSERT INTO TE_BLK VALUES ( "00000000-0000-0000-0000-0000000000fc","00000000-0000-0000-0000-000000000103",'Escher_ObjectSet_s ldSet_space={0}; Escher_ObjectSet_s * ldSet = &ldSet_space;','Escher_ClearSet( ldSet ); ',2,'    ',"00000000-0000-0000-0000-000000000000" );
INSERT INTO TE_BLK VALUES ( "00000000-0000-0000-0000-0000000000f0","00000000-0000-0000-0000-0000000000f1",'ADTTM_ME * md=0;i_t numOfLD;Escher_ObjectSet_s mdSet_space={0}; Escher_ObjectSet_s * mdSet = &mdSet_space;','Escher_ClearSet( mdSet ); ',1,'  ',"00000000-0000-0000-0000-00000000025e" );
INSERT INTO TE_BLK VALUES ( "00000000-0000-0000-0000-0000000000d4","00000000-0000-0000-0000-000000000000",'','',1,'  ',"00000000-0000-0000-0000-0000000001fb" );
INSERT INTO TE_BLK VALUES ( "00000000-0000-0000-0000-0000000000d1","00000000-0000-0000-0000-000000000000",'','',1,'  ',"00000000-0000-0000-0000-0000000001f8" );
INSERT INTO TE_BLK VALUES ( "00000000-0000-0000-0000-0000000000cd","00000000-0000-0000-0000-000000000000",'','',1,'  ',"00000000-0000-0000-0000-0000000001f5" );
INSERT INTO TE_BLK VALUES ( "00000000-0000-0000-0000-0000000000c9","00000000-0000-0000-0000-000000000000",'','',1,'  ',"00000000-0000-0000-0000-0000000001f2" );
INSERT INTO TE_BLK VALUES ( "00000000-0000-0000-0000-0000000000c5","00000000-0000-0000-0000-000000000000",'','',1,'  ',"00000000-0000-0000-0000-0000000001ef" );
INSERT INTO TE_BLK VALUES ( "00000000-0000-0000-0000-0000000000c1","00000000-0000-0000-0000-000000000000",'','',1,'  ',"00000000-0000-0000-0000-0000000001ed" );
INSERT INTO TE_BLK VALUES ( "00000000-0000-0000-0000-0000000000bd","00000000-0000-0000-0000-000000000000",'','',1,'  ',"00000000-0000-0000-0000-0000000001eb" );
INSERT INTO TE_BLK VALUES ( "00000000-0000-0000-0000-0000000000b9","00000000-0000-0000-0000-000000000000",'','',1,'  ',"00000000-0000-0000-0000-0000000001e9" );
INSERT INTO TE_BLK VALUES ( "00000000-0000-0000-0000-0000000000b5","00000000-0000-0000-0000-000000000000",'','',1,'  ',"00000000-0000-0000-0000-0000000001e7" );
INSERT INTO TE_BLK VALUES ( "00000000-0000-0000-0000-0000000000b1","00000000-0000-0000-0000-000000000000",'','',1,'  ',"00000000-0000-0000-0000-0000000001e4" );
INSERT INTO TE_BLK VALUES ( "00000000-0000-0000-0000-0000000000ad","00000000-0000-0000-0000-000000000000",'','',1,'  ',"00000000-0000-0000-0000-0000000001e1" );
INSERT INTO TE_BLK VALUES ( "00000000-0000-0000-0000-0000000000a9","00000000-0000-0000-0000-000000000000",'','',1,'  ',"00000000-0000-0000-0000-0000000001de" );
INSERT INTO TE_BLK VALUES ( "00000000-0000-0000-0000-0000000000a3","00000000-0000-0000-0000-000000000000",'','',1,'  ',"00000000-0000-0000-0000-0000000001db" );
INSERT INTO TE_BLK VALUES ( "00000000-0000-0000-0000-00000000009f","00000000-0000-0000-0000-000000000000",'','',1,'  ',"00000000-0000-0000-0000-0000000001d8" );
INSERT INTO TE_BLK VALUES ( "00000000-0000-0000-0000-00000000009a","00000000-0000-0000-0000-000000000000",'','',1,'  ',"00000000-0000-0000-0000-0000000001d5" );
INSERT INTO TE_BLK VALUES ( "00000000-0000-0000-0000-000000000096","00000000-0000-0000-0000-000000000000",'','',1,'  ',"00000000-0000-0000-0000-0000000001d2" );
INSERT INTO TE_BLK VALUES ( "00000000-0000-0000-0000-000000000091","00000000-0000-0000-0000-000000000000",'','',1,'  ',"00000000-0000-0000-0000-0000000001cf" );
INSERT INTO TE_BLK VALUES ( "00000000-0000-0000-0000-00000000008b","00000000-0000-0000-0000-000000000000",'','',1,'  ',"00000000-0000-0000-0000-0000000001cc" );
INSERT INTO TE_BLK VALUES ( "00000000-0000-0000-0000-000000000086","00000000-0000-0000-0000-000000000000",'','',1,'  ',"00000000-0000-0000-0000-0000000001c9" );
INSERT INTO TE_BLK VALUES ( "00000000-0000-0000-0000-000000000082","00000000-0000-0000-0000-000000000000",'','',1,'  ',"00000000-0000-0000-0000-0000000001c6" );
INSERT INTO TE_BLK VALUES ( "00000000-0000-0000-0000-00000000007e","00000000-0000-0000-0000-000000000000",'','',1,'  ',"00000000-0000-0000-0000-0000000001c4" );
INSERT INTO TE_BLK VALUES ( "00000000-0000-0000-0000-00000000007a","00000000-0000-0000-0000-000000000000",'','',1,'  ',"00000000-0000-0000-0000-0000000001c1" );
INSERT INTO TE_BLK VALUES ( "00000000-0000-0000-0000-000000000075","00000000-0000-0000-0000-000000000000",'','',1,'  ',"00000000-0000-0000-0000-0000000001be" );
INSERT INTO TE_BLK VALUES ( "00000000-0000-0000-0000-000000000070","00000000-0000-0000-0000-000000000000",'','',1,'  ',"00000000-0000-0000-0000-0000000001bc" );
INSERT INTO TE_BLK VALUES ( "00000000-0000-0000-0000-000000000068","00000000-0000-0000-0000-000000000000",'','',1,'  ',"00000000-0000-0000-0000-000000000202" );
INSERT INTO TE_BLK VALUES ( "00000000-0000-0000-0000-000000000064","00000000-0000-0000-0000-000000000000",'','',1,'  ',"00000000-0000-0000-0000-000000000200" );
INSERT INTO TE_BLK VALUES ( "00000000-0000-0000-0000-000000000061","00000000-0000-0000-0000-000000000000",'','',1,'  ',"00000000-0000-0000-0000-0000000001fe" );
INSERT INTO TE_BLK VALUES ( "00000000-0000-0000-0000-00000000005b","00000000-0000-0000-0000-000000000000",'','',1,'  ',"00000000-0000-0000-0000-000000000224" );
INSERT INTO TE_BLK VALUES ( "00000000-0000-0000-0000-000000000056","00000000-0000-0000-0000-000000000000",'','',1,'  ',"00000000-0000-0000-0000-000000000222" );
INSERT INTO TE_BLK VALUES ( "00000000-0000-0000-0000-00000000004e","00000000-0000-0000-0000-000000000000",'','',1,'  ',"00000000-0000-0000-0000-000000000220" );
INSERT INTO TE_BLK VALUES ( "00000000-0000-0000-0000-00000000004a","00000000-0000-0000-0000-000000000000",'','',1,'  ',"00000000-0000-0000-0000-00000000021e" );
INSERT INTO TE_BLK VALUES ( "00000000-0000-0000-0000-000000000045","00000000-0000-0000-0000-000000000000",'','',1,'  ',"00000000-0000-0000-0000-00000000021c" );
INSERT INTO TE_BLK VALUES ( "00000000-0000-0000-0000-00000000003f","00000000-0000-0000-0000-000000000000",'','',1,'  ',"00000000-0000-0000-0000-00000000021a" );
INSERT INTO TE_BLK VALUES ( "00000000-0000-0000-0000-00000000003b","00000000-0000-0000-0000-000000000000",'','',1,'  ',"00000000-0000-0000-0000-000000000218" );
INSERT INTO TE_BLK VALUES ( "00000000-0000-0000-0000-000000000036","00000000-0000-0000-0000-000000000000",'','',1,'  ',"00000000-0000-0000-0000-000000000216" );
INSERT INTO TE_BLK VALUES ( "00000000-0000-0000-0000-00000000002f","00000000-0000-0000-0000-000000000000",'','',1,'  ',"00000000-0000-0000-0000-000000000214" );
INSERT INTO TE_BLK VALUES ( "00000000-0000-0000-0000-00000000002b","00000000-0000-0000-0000-000000000000",'','',1,'  ',"00000000-0000-0000-0000-000000000212" );
INSERT INTO TE_BLK VALUES ( "00000000-0000-0000-0000-000000000027","00000000-0000-0000-0000-000000000000",'','',1,'  ',"00000000-0000-0000-0000-000000000210" );
INSERT INTO TE_BLK VALUES ( "00000000-0000-0000-0000-000000000023","00000000-0000-0000-0000-000000000000",'','',1,'  ',"00000000-0000-0000-0000-00000000020e" );
INSERT INTO TE_BLK VALUES ( "00000000-0000-0000-0000-00000000001f","00000000-0000-0000-0000-000000000000",'','',1,'  ',"00000000-0000-0000-0000-00000000020c" );
INSERT INTO TE_BLK VALUES ( "00000000-0000-0000-0000-00000000001b","00000000-0000-0000-0000-000000000000",'','',1,'  ',"00000000-0000-0000-0000-00000000020a" );
INSERT INTO TE_BLK VALUES ( "00000000-0000-0000-0000-000000000017","00000000-0000-0000-0000-000000000000",'','',1,'  ',"00000000-0000-0000-0000-000000000208" );
INSERT INTO TE_BLK VALUES ( "00000000-0000-0000-0000-000000000013","00000000-0000-0000-0000-000000000000",'','',1,'  ',"00000000-0000-0000-0000-000000000206" );
INSERT INTO TE_BLK VALUES ( "00000000-0000-0000-0000-000000000009","00000000-0000-0000-0000-000000000000",'','',1,'  ',"00000000-0000-0000-0000-000000000204" );
INSERT INTO TE_LNK VALUES ( "00000000-0000-0000-0000-000000000189",1,'measurement',2,'->LD[R2.measurement]','',"00000000-0000-0000-0000-000000000000","00000000-0000-0000-0000-000000000248",'LD_R2_measurement','iLD_R2_measurement','me','ADTTM_LD',1,1,'form' );
INSERT INTO TE_LNK VALUES ( "00000000-0000-0000-0000-00000000018a",1,'child',1,'->ME[R1.child]','',"00000000-0000-0000-0000-000000000000","00000000-0000-0000-0000-000000000240",'ME_R1_child','iME_R1_child','te','ADTTM_ME',1,1,'form' );
INSERT INTO TE_LNK VALUES ( "00000000-0000-0000-0000-00000000018b",1,'measurement',2,'->LD[R2.measurement]','',"00000000-0000-0000-0000-000000000000","00000000-0000-0000-0000-0000000001d8",'LD_R2_measurement','iLD_R2_measurement','middleEntity','ADTTM_LD',1,1,'form' );
INSERT INTO TE_LNK VALUES ( "00000000-0000-0000-0000-00000000018c",1,'measurement',2,'->LD[R2.measurement]','',"00000000-0000-0000-0000-000000000000","00000000-0000-0000-0000-0000000001d5",'LD_R2_measurement','iLD_R2_measurement','middleEntity','ADTTM_LD',1,1,'form' );
INSERT INTO TE_LNK VALUES ( "00000000-0000-0000-0000-00000000018d",1,'measurement',2,'->LD[R2.measurement]','',"00000000-0000-0000-0000-000000000000","00000000-0000-0000-0000-0000000001d1",'LD_R2_measurement','iLD_R2_measurement','middleEntity','ADTTM_LD',1,1,'form' );
INSERT INTO TE_LNK VALUES ( "00000000-0000-0000-0000-00000000018e",1,'measurement',2,'->LD[R2.measurement]','',"00000000-0000-0000-0000-000000000000","00000000-0000-0000-0000-0000000001cc",'LD_R2_measurement','iLD_R2_measurement','middleEntity','ADTTM_LD',1,1,'form' );
INSERT INTO TE_LNK VALUES ( "00000000-0000-0000-0000-00000000018f",0,'',1,'->TE[R1]','',"00000000-0000-0000-0000-000000000000","00000000-0000-0000-0000-0000000001c8",'TE_R1','iTE_R1','middleEntity','ADTTM_TE',1,1,'part' );
INSERT INTO TE_LNK VALUES ( "00000000-0000-0000-0000-000000000190",0,'target',6,'->LD[R6.target]','',"00000000-0000-0000-0000-000000000000","00000000-0000-0000-0000-000000000144",'LD_R6_target','iLD_R6_target','self','ADTTM_LD',1,1,'part' );
INSERT INTO TE_LNK VALUES ( "00000000-0000-0000-0000-000000000191",0,'target',6,'->LD[R6.target]','',"00000000-0000-0000-0000-000000000000","00000000-0000-0000-0000-000000000138",'LD_R6_target','iLD_R6_target','self','ADTTM_LD',1,1,'part' );
INSERT INTO TE_LNK VALUES ( "00000000-0000-0000-0000-000000000192",1,'measurement',2,'->LD[R2.measurement]','',"00000000-0000-0000-0000-000000000000","00000000-0000-0000-0000-000000000107",'LD_R2_measurement','iLD_R2_measurement','md','ADTTM_LD',1,1,'form' );
INSERT INTO TE_LNK VALUES ( "00000000-0000-0000-0000-000000000193",1,'child',1,'->ME[R1.child]','',"00000000-0000-0000-0000-000000000000","00000000-0000-0000-0000-0000000000f8",'ME_R1_child','iME_R1_child','self','ADTTM_ME',1,1,'form' );
INSERT INTO TE_ASSIGN VALUES ( 1,0,'','i_t numOfLD',2,'numOfLD','0',"00000000-0000-0000-0000-000000000001",0 );
INSERT INTO TE_BRIDGE VALUES ( '','',"00000000-0000-0000-0000-000000000017" );
INSERT INTO TE_CREATE_EVENT VALUES ( "00000000-0000-0000-0000-000000000000",0,'','','','','','',"00000000-0000-0000-0000-000000000008" );
INSERT INTO TE_CREATE_INSTANCE VALUES ( "00000000-0000-0000-0000-000000000000",0,'','',"00000000-0000-0000-0000-000000000002" );
INSERT INTO R_AOTH VALUES ( "00000000-0000-0000-0000-0000000000e0","00000000-0000-0000-0000-0000000000e2","00000000-0000-0000-0000-0000000000e8",0,1,'left' );
INSERT INTO R_AOTH VALUES ( "00000000-0000-0000-0000-0000000000e0","00000000-0000-0000-0000-00000000016a","00000000-0000-0000-0000-00000000016f",0,1,'lief' );
INSERT INTO TE_DELETE_INSTANCE VALUES ( "00000000-0000-0000-0000-000000000000",'',0,"00000000-0000-0000-0000-000000000007" );
INSERT INTO TE_ELIF VALUES ( '',"00000000-0000-0000-0000-000000000006" );
INSERT INTO TE_EVENT_PARAMETERS VALUES ( '','','','',"00000000-0000-0000-0000-000000000010" );
INSERT INTO TE_FOR VALUES ( 1,'ADTTM_ME','md','mdSet',"00000000-0000-0000-0000-000000000003" );
INSERT INTO TE_FUNCTION VALUES ( '','',"00000000-0000-0000-0000-000000000018" );
INSERT INTO TE_GENERATE VALUES ( "00000000-0000-0000-0000-000000000000",0,'','','','',"00000000-0000-0000-0000-000000000011" );
INSERT INTO TE_GENERATE_CREATOR_EVENT VALUES ( "00000000-0000-0000-0000-000000000000",0,'','','','',"00000000-0000-0000-0000-000000000012" );
INSERT INTO TE_GENERATE_PRECREATED_EVENT VALUES ( 0,'',"00000000-0000-0000-0000-00000000000f" );
INSERT INTO TE_GENERATE_TO_CLASS VALUES ( "00000000-0000-0000-0000-000000000000",0,'','','','',"00000000-0000-0000-0000-000000000013" );
INSERT INTO R_ASSR VALUES ( "00000000-0000-0000-0000-0000000000dd","00000000-0000-0000-0000-0000000000e2","00000000-0000-0000-0000-0000000000e3",0 );
INSERT INTO R_ASSR VALUES ( "00000000-0000-0000-0000-000000000168","00000000-0000-0000-0000-00000000016a","00000000-0000-0000-0000-00000000016b",0 );
INSERT INTO TE_IF VALUES ( '',"00000000-0000-0000-0000-000000000004" );
INSERT INTO TE_IOP VALUES ( '','',"00000000-0000-0000-0000-000000000015" );
INSERT INTO TE_OPERATION VALUES ( 0,'','','',"00000000-0000-0000-0000-000000000016" );
INSERT INTO TE_RELATE VALUES ( "00000000-0000-0000-0000-000000000000","00000000-0000-0000-0000-000000000000","00000000-0000-0000-0000-000000000000",0,0,'','','',"00000000-0000-0000-0000-000000000009" );
INSERT INTO TE_RELATE_USING VALUES ( "00000000-0000-0000-0000-000000000000","00000000-0000-0000-0000-000000000000","00000000-0000-0000-0000-000000000000","00000000-0000-0000-0000-000000000000",0,0,'','','','','','',"00000000-0000-0000-0000-00000000000a" );
INSERT INTO TE_RETURN VALUES ( '','','',"00000000-0000-0000-0000-000000000019" );
INSERT INTO TE_SELECT VALUES ( "00000000-0000-0000-0000-000000000000",1,'ADTTM_ME','Middle Entity','','any','middleEntity',"00000000-0000-0000-0000-00000000000d" );
INSERT INTO TE_SELECT_RELATED VALUES ( "00000000-0000-0000-0000-000000000244","00000000-0000-0000-0000-000000000189","00000000-0000-0000-0000-000000000247","00000000-0000-0000-0000-000000000000","00000000-0000-0000-0000-000000000243","00000000-0000-0000-0000-000000000000",0,'','','many',1,'ldSet','ldSet',0,'me','me','ADTTM_ME' );
INSERT INTO TE_SELECT_RELATED VALUES ( "00000000-0000-0000-0000-00000000023c","00000000-0000-0000-0000-00000000018a","00000000-0000-0000-0000-00000000023f","00000000-0000-0000-0000-000000000000","00000000-0000-0000-0000-00000000023b","00000000-0000-0000-0000-000000000000",0,'','','many',1,'meSet','meSet',0,'te','te','ADTTM_TE' );
INSERT INTO TE_SELECT_RELATED VALUES ( "00000000-0000-0000-0000-0000000001cd","00000000-0000-0000-0000-00000000018c","00000000-0000-0000-0000-0000000001d4","00000000-0000-0000-0000-000000000000","00000000-0000-0000-0000-0000000001c4","00000000-0000-0000-0000-000000000000",0,'','','many',1,'liefDevices','liefDevices',0,'middleEntity','middleEntity','ADTTM_ME' );
INSERT INTO TE_SELECT_RELATED VALUES ( "00000000-0000-0000-0000-0000000001c5","00000000-0000-0000-0000-00000000018e","00000000-0000-0000-0000-0000000001cb","00000000-0000-0000-0000-000000000000","00000000-0000-0000-0000-0000000001c4","00000000-0000-0000-0000-000000000000",0,'','','any',1,'liefDevice','liefDevice',0,'middleEntity','middleEntity','ADTTM_ME' );
INSERT INTO TE_SELECT_RELATED VALUES ( "00000000-0000-0000-0000-0000000001c3","00000000-0000-0000-0000-00000000018f","00000000-0000-0000-0000-0000000001c7","00000000-0000-0000-0000-000000000000","00000000-0000-0000-0000-0000000001c4","00000000-0000-0000-0000-000000000000",0,'','','one',1,'topEntity','topEntity',0,'middleEntity','middleEntity','ADTTM_ME' );
INSERT INTO TE_SELECT_RELATED VALUES ( "00000000-0000-0000-0000-000000000140","00000000-0000-0000-0000-000000000190","00000000-0000-0000-0000-000000000143","00000000-0000-0000-0000-000000000000","00000000-0000-0000-0000-000000000145","00000000-0000-0000-0000-000000000000",0,'','','one',1,'ld','ld',0,'self','self','ADTTM_W' );
INSERT INTO TE_SELECT_RELATED VALUES ( "00000000-0000-0000-0000-000000000134","00000000-0000-0000-0000-000000000191","00000000-0000-0000-0000-000000000137","00000000-0000-0000-0000-000000000000","00000000-0000-0000-0000-00000000013b","00000000-0000-0000-0000-000000000000",0,'','','one',1,'ld','ld',0,'self','self','ADTTM_W' );
INSERT INTO TE_SELECT_RELATED VALUES ( "00000000-0000-0000-0000-000000000103","00000000-0000-0000-0000-000000000192","00000000-0000-0000-0000-000000000106","00000000-0000-0000-0000-000000000000","00000000-0000-0000-0000-0000000000fd","00000000-0000-0000-0000-000000000000",0,'','','many',1,'ldSet','ldSet',0,'md','md','ADTTM_ME' );
INSERT INTO TE_SELECT_RELATED VALUES ( "00000000-0000-0000-0000-0000000000f2","00000000-0000-0000-0000-000000000193","00000000-0000-0000-0000-0000000000f7","00000000-0000-0000-0000-000000000000","00000000-0000-0000-0000-000000000101","00000000-0000-0000-0000-000000000000",0,'','','many',1,'mdSet','mdSet',0,'self','self','ADTTM_TE' );
INSERT INTO TE_SELECT_RELATED VALUES ( "00000000-0000-0000-0000-0000000001d2","00000000-0000-0000-0000-00000000018b","00000000-0000-0000-0000-0000000001d6","00000000-0000-0000-0000-0000000001d7","00000000-0000-0000-0000-0000000001c4","00000000-0000-0000-0000-000000000000",1,'( ((ADTTM_LD *)xtUML_detect_empty_handle( selected, "LD", "SELECTED.Environment" ))->Environment.Humidity > 50 ) && ( ((ADTTM_LD *)xtUML_detect_empty_handle( selected, "LD", "SELECTED.CurrentInterval" ))->CurrentInterval < 10000 )','( SELECTED.Environment.Humidity > 50 ) and ( SELECTED.CurrentInterval < 10000 )','many',0,'liefDevices','liefDevices',0,'middleEntity','middleEntity','ADTTM_ME' );
INSERT INTO TE_SELECT_RELATED VALUES ( "00000000-0000-0000-0000-0000000001c9","00000000-0000-0000-0000-00000000018d","00000000-0000-0000-0000-0000000001cf","00000000-0000-0000-0000-0000000001d0","00000000-0000-0000-0000-0000000001c4","00000000-0000-0000-0000-000000000000",1,'((ADTTM_LD *)xtUML_detect_empty_handle( selected, "LD", "SELECTED.Environment" ))->Environment.Temperature == 25','SELECTED.Environment.Temperature == 25','any',1,'liefDeice','liefDeice',0,'middleEntity','middleEntity','ADTTM_ME' );
INSERT INTO TE_SELECT_WHERE VALUES ( "00000000-0000-0000-0000-000000000000",1,'ADTTM_LD','Lief Device','@iotpnp','any','ld','selected','((ADTTM_LD *)xtUML_detect_empty_handle( selected, "LD", "SELECTED.LiefDeviceId" ))->LiefDeviceId == rcvd_evt->p_targetId',0,0,"00000000-0000-0000-0000-00000000000e" );
INSERT INTO TE_SGN VALUES ( "00000000-0000-0000-0000-000000000000",0,'','','','',"00000000-0000-0000-0000-000000000014" );
INSERT INTO R_SUBSUP VALUES ( "00000000-0000-0000-0000-000000000153" );
INSERT INTO TE_UNRELATE VALUES ( "00000000-0000-0000-0000-000000000000","00000000-0000-0000-0000-000000000000","00000000-0000-0000-0000-000000000000",0,0,'','','',"00000000-0000-0000-0000-00000000000b" );
INSERT INTO R_SUPER VALUES ( "00000000-0000-0000-0000-0000000000eb","00000000-0000-0000-0000-000000000153","00000000-0000-0000-0000-000000000155" );
INSERT INTO TE_UNRELATE_USING VALUES ( "00000000-0000-0000-0000-000000000000","00000000-0000-0000-0000-000000000000","00000000-0000-0000-0000-000000000000","00000000-0000-0000-0000-000000000000",0,0,'','','','','','',"00000000-0000-0000-0000-00000000000c" );
INSERT INTO R_SUB VALUES ( "00000000-0000-0000-0000-000000000158","00000000-0000-0000-0000-000000000153","00000000-0000-0000-0000-000000000159" );
INSERT INTO R_SUB VALUES ( "00000000-0000-0000-0000-000000000152","00000000-0000-0000-0000-000000000153","00000000-0000-0000-0000-000000000154" );
INSERT INTO TE_WHILE VALUES ( '',"00000000-0000-0000-0000-000000000005" );
INSERT INTO S_SDT VALUES ( "00000000-0000-0000-0000-0000000000d6" );
INSERT INTO S_MBR VALUES ( "00000000-0000-0000-0000-0000000000d7",'Temperature','',"00000000-0000-0000-0000-0000000000d6","00000000-0000-0000-0000-000000000066","00000000-0000-0000-0000-000000000000",'' );
INSERT INTO S_MBR VALUES ( "00000000-0000-0000-0000-0000000000d8",'Humidity','',"00000000-0000-0000-0000-0000000000d6","00000000-0000-0000-0000-000000000066","00000000-0000-0000-0000-0000000000d7",'' );
INSERT INTO S_MBR VALUES ( "00000000-0000-0000-0000-0000000000d9",'AtmosphericPressure','',"00000000-0000-0000-0000-0000000000d6","00000000-0000-0000-0000-000000000066","00000000-0000-0000-0000-0000000000d8",'' );
INSERT INTO S_MBR VALUES ( "00000000-0000-0000-0000-0000000000da",'CO2Concentration','',"00000000-0000-0000-0000-0000000000d6","00000000-0000-0000-0000-000000000066","00000000-0000-0000-0000-0000000000d9",'' );
INSERT INTO S_MBR VALUES ( "00000000-0000-0000-0000-0000000000db",'Brightness','',"00000000-0000-0000-0000-0000000000d6","00000000-0000-0000-0000-000000000066","00000000-0000-0000-0000-0000000000da",'' );
INSERT INTO S_MBR VALUES ( "00000000-0000-0000-0000-0000000000dc",'Timestamp','',"00000000-0000-0000-0000-0000000000d6","00000000-0000-0000-0000-00000000002d","00000000-0000-0000-0000-0000000000db",'' );
INSERT INTO S_EE VALUES ( "00000000-0000-0000-0000-000000000005",'Time','@constructor(Kae.DomainModel.Csharp.Framework.ExternalEntities.TIM.impl.TIMImpl)
The Time external entity provides date, timestamp, and timer related operations.','TIM',"00000000-0000-0000-0000-000000000000",'','Time',1 );
INSERT INTO S_EE VALUES ( "00000000-0000-0000-0000-00000000005c",'Random','@constructor(new:Kae.DomainModel.Csharp.Framework.ExternalEntity.RND.RNDImpl,namespace:new:Kae.DomainModel.Csharp.Framework.ExternalEntity.RND);builtin(true)','RND',"00000000-0000-0000-0000-000000000000",'','Random',1 );
INSERT INTO S_EE VALUES ( "00000000-0000-0000-0000-000000000069",'String Utility','@constructor(new:Kae.DomainModel.Csharp.Framework.ExternalEntity.STR.STRImpl,namespace:Kae.DomainModel.Csharp.Framework.ExternalEntity.STR);builtin(true)
','STR',"00000000-0000-0000-0000-000000000000",'','String Utility',1 );
INSERT INTO C_C VALUES ( "00000000-0000-0000-0000-000000000003","00000000-0000-0000-0000-000000000000","00000000-0000-0000-0000-000000000000",'ADTTM','',0,"00000000-0000-0000-0000-000000000000",0,'','' );
INSERT INTO SM_SM VALUES ( "00000000-0000-0000-0000-00000000011b",'',0 );
INSERT INTO SM_SM VALUES ( "00000000-0000-0000-0000-00000000018e",'',0 );
INSERT INTO SM_STATE VALUES ( "00000000-0000-0000-0000-000000000120","00000000-0000-0000-0000-00000000011b","00000000-0000-0000-0000-000000000000",'Created',1,0 );
INSERT INTO SM_STATE VALUES ( "00000000-0000-0000-0000-000000000130","00000000-0000-0000-0000-00000000011b","00000000-0000-0000-0000-000000000000",'Working',2,0 );
INSERT INTO SM_STATE VALUES ( "00000000-0000-0000-0000-00000000013c","00000000-0000-0000-0000-00000000011b","00000000-0000-0000-0000-000000000000",'Completed',3,1 );
INSERT INTO SM_STATE VALUES ( "00000000-0000-0000-0000-000000000190","00000000-0000-0000-0000-00000000018e","00000000-0000-0000-0000-000000000000",'Wait for Measure',1,0 );
INSERT INTO SM_STATE VALUES ( "00000000-0000-0000-0000-000000000194","00000000-0000-0000-0000-00000000018e","00000000-0000-0000-0000-000000000000",'Measured',2,0 );
INSERT INTO SM_EVT VALUES ( "00000000-0000-0000-0000-00000000011d","00000000-0000-0000-0000-00000000011b","00000000-0000-0000-0000-000000000000",1,'Create',0,'','W1','' );
INSERT INTO SM_EVT VALUES ( "00000000-0000-0000-0000-00000000011e","00000000-0000-0000-0000-00000000011b","00000000-0000-0000-0000-000000000000",2,'Start',0,'','W2','' );
INSERT INTO SM_EVT VALUES ( "00000000-0000-0000-0000-00000000011f","00000000-0000-0000-0000-00000000011b","00000000-0000-0000-0000-000000000000",3,'Done',0,'','W3','' );
INSERT INTO SM_EVT VALUES ( "00000000-0000-0000-0000-00000000013a","00000000-0000-0000-0000-00000000018e","00000000-0000-0000-0000-000000000000",1,'Measure',0,'','LD1','' );
INSERT INTO SM_EVT VALUES ( "00000000-0000-0000-0000-00000000018f","00000000-0000-0000-0000-00000000018e","00000000-0000-0000-0000-000000000000",2,'Measured',0,'','LD2','' );
INSERT INTO SM_SEME VALUES ( "00000000-0000-0000-0000-000000000120","00000000-0000-0000-0000-00000000011d","00000000-0000-0000-0000-00000000011b","00000000-0000-0000-0000-000000000000" );
INSERT INTO SM_SEME VALUES ( "00000000-0000-0000-0000-000000000120","00000000-0000-0000-0000-00000000011e","00000000-0000-0000-0000-00000000011b","00000000-0000-0000-0000-000000000000" );
INSERT INTO SM_SEME VALUES ( "00000000-0000-0000-0000-000000000120","00000000-0000-0000-0000-00000000011f","00000000-0000-0000-0000-00000000011b","00000000-0000-0000-0000-000000000000" );
INSERT INTO SM_SEME VALUES ( "00000000-0000-0000-0000-000000000130","00000000-0000-0000-0000-00000000011d","00000000-0000-0000-0000-00000000011b","00000000-0000-0000-0000-000000000000" );
INSERT INTO SM_SEME VALUES ( "00000000-0000-0000-0000-000000000130","00000000-0000-0000-0000-00000000011e","00000000-0000-0000-0000-00000000011b","00000000-0000-0000-0000-000000000000" );
INSERT INTO SM_SEME VALUES ( "00000000-0000-0000-0000-000000000130","00000000-0000-0000-0000-00000000011f","00000000-0000-0000-0000-00000000011b","00000000-0000-0000-0000-000000000000" );
INSERT INTO SM_SEME VALUES ( "00000000-0000-0000-0000-00000000013c","00000000-0000-0000-0000-00000000011d","00000000-0000-0000-0000-00000000011b","00000000-0000-0000-0000-000000000000" );
INSERT INTO SM_SEME VALUES ( "00000000-0000-0000-0000-00000000013c","00000000-0000-0000-0000-00000000011e","00000000-0000-0000-0000-00000000011b","00000000-0000-0000-0000-000000000000" );
INSERT INTO SM_SEME VALUES ( "00000000-0000-0000-0000-00000000013c","00000000-0000-0000-0000-00000000011f","00000000-0000-0000-0000-00000000011b","00000000-0000-0000-0000-000000000000" );
INSERT INTO SM_SEME VALUES ( "00000000-0000-0000-0000-000000000190","00000000-0000-0000-0000-00000000013a","00000000-0000-0000-0000-00000000018e","00000000-0000-0000-0000-000000000000" );
INSERT INTO SM_SEME VALUES ( "00000000-0000-0000-0000-000000000190","00000000-0000-0000-0000-00000000018f","00000000-0000-0000-0000-00000000018e","00000000-0000-0000-0000-000000000000" );
INSERT INTO SM_SEME VALUES ( "00000000-0000-0000-0000-000000000194","00000000-0000-0000-0000-00000000013a","00000000-0000-0000-0000-00000000018e","00000000-0000-0000-0000-000000000000" );
INSERT INTO SM_SEME VALUES ( "00000000-0000-0000-0000-000000000194","00000000-0000-0000-0000-00000000018f","00000000-0000-0000-0000-00000000018e","00000000-0000-0000-0000-000000000000" );
INSERT INTO SM_NSTXN VALUES ( "00000000-0000-0000-0000-00000000014a","00000000-0000-0000-0000-00000000011b","00000000-0000-0000-0000-000000000120","00000000-0000-0000-0000-00000000011e","00000000-0000-0000-0000-000000000000" );
INSERT INTO SM_NSTXN VALUES ( "00000000-0000-0000-0000-00000000014e","00000000-0000-0000-0000-00000000011b","00000000-0000-0000-0000-000000000130","00000000-0000-0000-0000-00000000011f","00000000-0000-0000-0000-000000000000" );
INSERT INTO SM_NSTXN VALUES ( "00000000-0000-0000-0000-00000000019b","00000000-0000-0000-0000-00000000018e","00000000-0000-0000-0000-000000000190","00000000-0000-0000-0000-00000000013a","00000000-0000-0000-0000-000000000000" );
INSERT INTO SM_NSTXN VALUES ( "00000000-0000-0000-0000-00000000019f","00000000-0000-0000-0000-00000000018e","00000000-0000-0000-0000-000000000194","00000000-0000-0000-0000-00000000018f","00000000-0000-0000-0000-000000000000" );
INSERT INTO SM_CH VALUES ( "00000000-0000-0000-0000-000000000120","00000000-0000-0000-0000-00000000011d","00000000-0000-0000-0000-00000000011b","00000000-0000-0000-0000-000000000000",'' );
INSERT INTO SM_CH VALUES ( "00000000-0000-0000-0000-000000000120","00000000-0000-0000-0000-00000000011f","00000000-0000-0000-0000-00000000011b","00000000-0000-0000-0000-000000000000",'' );
INSERT INTO SM_CH VALUES ( "00000000-0000-0000-0000-000000000130","00000000-0000-0000-0000-00000000011d","00000000-0000-0000-0000-00000000011b","00000000-0000-0000-0000-000000000000",'' );
INSERT INTO SM_CH VALUES ( "00000000-0000-0000-0000-000000000130","00000000-0000-0000-0000-00000000011e","00000000-0000-0000-0000-00000000011b","00000000-0000-0000-0000-000000000000",'' );
INSERT INTO SM_CH VALUES ( "00000000-0000-0000-0000-00000000013c","00000000-0000-0000-0000-00000000011d","00000000-0000-0000-0000-00000000011b","00000000-0000-0000-0000-000000000000",'' );
INSERT INTO SM_CH VALUES ( "00000000-0000-0000-0000-00000000013c","00000000-0000-0000-0000-00000000011e","00000000-0000-0000-0000-00000000011b","00000000-0000-0000-0000-000000000000",'' );
INSERT INTO SM_CH VALUES ( "00000000-0000-0000-0000-00000000013c","00000000-0000-0000-0000-00000000011f","00000000-0000-0000-0000-00000000011b","00000000-0000-0000-0000-000000000000",'' );
INSERT INTO SM_CH VALUES ( "00000000-0000-0000-0000-000000000190","00000000-0000-0000-0000-00000000018f","00000000-0000-0000-0000-00000000018e","00000000-0000-0000-0000-000000000000",'' );
INSERT INTO SM_CH VALUES ( "00000000-0000-0000-0000-000000000194","00000000-0000-0000-0000-00000000013a","00000000-0000-0000-0000-00000000018e","00000000-0000-0000-0000-000000000000",'' );
INSERT INTO SM_TXN VALUES ( "00000000-0000-0000-0000-000000000146","00000000-0000-0000-0000-00000000011b","00000000-0000-0000-0000-000000000120","00000000-0000-0000-0000-000000000000" );
INSERT INTO SM_TXN VALUES ( "00000000-0000-0000-0000-00000000014a","00000000-0000-0000-0000-00000000011b","00000000-0000-0000-0000-000000000130","00000000-0000-0000-0000-000000000000" );
INSERT INTO SM_TXN VALUES ( "00000000-0000-0000-0000-00000000014e","00000000-0000-0000-0000-00000000011b","00000000-0000-0000-0000-00000000013c","00000000-0000-0000-0000-000000000000" );
INSERT INTO SM_TXN VALUES ( "00000000-0000-0000-0000-00000000019b","00000000-0000-0000-0000-00000000018e","00000000-0000-0000-0000-000000000194","00000000-0000-0000-0000-000000000000" );
INSERT INTO SM_TXN VALUES ( "00000000-0000-0000-0000-00000000019f","00000000-0000-0000-0000-00000000018e","00000000-0000-0000-0000-000000000190","00000000-0000-0000-0000-000000000000" );
INSERT INTO SM_CRTXN VALUES ( "00000000-0000-0000-0000-000000000146","00000000-0000-0000-0000-00000000011b","00000000-0000-0000-0000-00000000011d","00000000-0000-0000-0000-000000000000" );
INSERT INTO SM_MOORE VALUES ( "00000000-0000-0000-0000-00000000011b" );
INSERT INTO SM_MOORE VALUES ( "00000000-0000-0000-0000-00000000018e" );
INSERT INTO SM_MOAH VALUES ( "00000000-0000-0000-0000-000000000121","00000000-0000-0000-0000-00000000011b","00000000-0000-0000-0000-000000000120" );
INSERT INTO SM_MOAH VALUES ( "00000000-0000-0000-0000-000000000131","00000000-0000-0000-0000-00000000011b","00000000-0000-0000-0000-000000000130" );
INSERT INTO SM_MOAH VALUES ( "00000000-0000-0000-0000-00000000013d","00000000-0000-0000-0000-00000000011b","00000000-0000-0000-0000-00000000013c" );
INSERT INTO SM_MOAH VALUES ( "00000000-0000-0000-0000-000000000191","00000000-0000-0000-0000-00000000018e","00000000-0000-0000-0000-000000000190" );
INSERT INTO SM_MOAH VALUES ( "00000000-0000-0000-0000-000000000195","00000000-0000-0000-0000-00000000018e","00000000-0000-0000-0000-000000000194" );
INSERT INTO SM_AH VALUES ( "00000000-0000-0000-0000-000000000121","00000000-0000-0000-0000-00000000011b" );
INSERT INTO SM_AH VALUES ( "00000000-0000-0000-0000-000000000131","00000000-0000-0000-0000-00000000011b" );
INSERT INTO SM_AH VALUES ( "00000000-0000-0000-0000-00000000013d","00000000-0000-0000-0000-00000000011b" );
INSERT INTO SM_AH VALUES ( "00000000-0000-0000-0000-000000000147","00000000-0000-0000-0000-00000000011b" );
INSERT INTO SM_AH VALUES ( "00000000-0000-0000-0000-00000000014b","00000000-0000-0000-0000-00000000011b" );
INSERT INTO SM_AH VALUES ( "00000000-0000-0000-0000-00000000014f","00000000-0000-0000-0000-00000000011b" );
INSERT INTO SM_AH VALUES ( "00000000-0000-0000-0000-000000000191","00000000-0000-0000-0000-00000000018e" );
INSERT INTO SM_AH VALUES ( "00000000-0000-0000-0000-000000000195","00000000-0000-0000-0000-00000000018e" );
INSERT INTO SM_AH VALUES ( "00000000-0000-0000-0000-00000000019c","00000000-0000-0000-0000-00000000018e" );
INSERT INTO SM_AH VALUES ( "00000000-0000-0000-0000-0000000001a0","00000000-0000-0000-0000-00000000018e" );
INSERT INTO SM_ACT VALUES ( "00000000-0000-0000-0000-000000000121","00000000-0000-0000-0000-00000000011b",1,'SELECT ANY ld FROM INSTANCES OF LD WHERE SELECTED.LiefDeviceId == param.targetId;
IF NOT_EMPTY ld
	RELATE SELF TO ld ACROSS R6;
END IF;
','',0 );
INSERT INTO SM_ACT VALUES ( "00000000-0000-0000-0000-000000000131","00000000-0000-0000-0000-00000000011b",1,'SELECT ONE ld RELATED BY SELF->LD[R6.''target''];
GENERATE LD1:Measure TO ld;
GENERATE W3:Done TO SELF;
','',0 );
INSERT INTO SM_ACT VALUES ( "00000000-0000-0000-0000-00000000013d","00000000-0000-0000-0000-00000000011b",1,'SELECT ONE ld RELATED BY SELF->LD[R6.''target''];
UNRELATE ld FROM SELF ACROSS R6;
','',0 );
INSERT INTO SM_ACT VALUES ( "00000000-0000-0000-0000-000000000147","00000000-0000-0000-0000-00000000011b",1,'','',0 );
INSERT INTO SM_ACT VALUES ( "00000000-0000-0000-0000-00000000014b","00000000-0000-0000-0000-00000000011b",1,'','',0 );
INSERT INTO SM_ACT VALUES ( "00000000-0000-0000-0000-00000000014f","00000000-0000-0000-0000-00000000011b",1,'','',0 );
INSERT INTO SM_ACT VALUES ( "00000000-0000-0000-0000-000000000191","00000000-0000-0000-0000-00000000018e",1,'','',0 );
INSERT INTO SM_ACT VALUES ( "00000000-0000-0000-0000-000000000195","00000000-0000-0000-0000-00000000018e",1,'SELF.MeasureEnvironment();
GENERATE LD2:Measured TO SELF;','',0 );
INSERT INTO SM_ACT VALUES ( "00000000-0000-0000-0000-00000000019c","00000000-0000-0000-0000-00000000018e",1,'','',0 );
INSERT INTO SM_ACT VALUES ( "00000000-0000-0000-0000-0000000001a0","00000000-0000-0000-0000-00000000018e",1,'','',0 );
INSERT INTO SM_EVTDI VALUES ( "00000000-0000-0000-0000-00000000011c","00000000-0000-0000-0000-00000000011b",'targetId','',"00000000-0000-0000-0000-0000000000df",'',"00000000-0000-0000-0000-00000000011d","00000000-0000-0000-0000-000000000000" );
INSERT INTO SM_ISM VALUES ( "00000000-0000-0000-0000-00000000011b","00000000-0000-0000-0000-000000000112" );
INSERT INTO SM_ISM VALUES ( "00000000-0000-0000-0000-00000000018e","00000000-0000-0000-0000-0000000000e0" );
INSERT INTO SM_SEVT VALUES ( "00000000-0000-0000-0000-00000000011d","00000000-0000-0000-0000-00000000011b","00000000-0000-0000-0000-000000000000" );
INSERT INTO SM_SEVT VALUES ( "00000000-0000-0000-0000-00000000011e","00000000-0000-0000-0000-00000000011b","00000000-0000-0000-0000-000000000000" );
INSERT INTO SM_SEVT VALUES ( "00000000-0000-0000-0000-00000000011f","00000000-0000-0000-0000-00000000011b","00000000-0000-0000-0000-000000000000" );
INSERT INTO SM_SEVT VALUES ( "00000000-0000-0000-0000-00000000013a","00000000-0000-0000-0000-00000000018e","00000000-0000-0000-0000-000000000000" );
INSERT INTO SM_SEVT VALUES ( "00000000-0000-0000-0000-00000000018f","00000000-0000-0000-0000-00000000018e","00000000-0000-0000-0000-000000000000" );
INSERT INTO SM_LEVT VALUES ( "00000000-0000-0000-0000-00000000011d","00000000-0000-0000-0000-00000000011b","00000000-0000-0000-0000-000000000000" );
INSERT INTO SM_LEVT VALUES ( "00000000-0000-0000-0000-00000000011e","00000000-0000-0000-0000-00000000011b","00000000-0000-0000-0000-000000000000" );
INSERT INTO SM_LEVT VALUES ( "00000000-0000-0000-0000-00000000011f","00000000-0000-0000-0000-00000000011b","00000000-0000-0000-0000-000000000000" );
INSERT INTO SM_LEVT VALUES ( "00000000-0000-0000-0000-00000000013a","00000000-0000-0000-0000-00000000018e","00000000-0000-0000-0000-000000000000" );
INSERT INTO SM_LEVT VALUES ( "00000000-0000-0000-0000-00000000018f","00000000-0000-0000-0000-00000000018e","00000000-0000-0000-0000-000000000000" );
INSERT INTO SM_TAH VALUES ( "00000000-0000-0000-0000-000000000147","00000000-0000-0000-0000-00000000011b","00000000-0000-0000-0000-000000000146" );
INSERT INTO SM_TAH VALUES ( "00000000-0000-0000-0000-00000000014b","00000000-0000-0000-0000-00000000011b","00000000-0000-0000-0000-00000000014a" );
INSERT INTO SM_TAH VALUES ( "00000000-0000-0000-0000-00000000014f","00000000-0000-0000-0000-00000000011b","00000000-0000-0000-0000-00000000014e" );
INSERT INTO SM_TAH VALUES ( "00000000-0000-0000-0000-00000000019c","00000000-0000-0000-0000-00000000018e","00000000-0000-0000-0000-00000000019b" );
INSERT INTO SM_TAH VALUES ( "00000000-0000-0000-0000-0000000001a0","00000000-0000-0000-0000-00000000018e","00000000-0000-0000-0000-00000000019f" );
INSERT INTO E_GEN VALUES ( "00000000-0000-0000-0000-000000000135","00000000-0000-0000-0000-000000000136" );
INSERT INTO E_GEN VALUES ( "00000000-0000-0000-0000-000000000139","00000000-0000-0000-0000-00000000013b" );
INSERT INTO E_GEN VALUES ( "00000000-0000-0000-0000-000000000199","00000000-0000-0000-0000-00000000019a" );
INSERT INTO E_ESS VALUES ( "00000000-0000-0000-0000-000000000135",1,0,2,10,2,14,1,32,0,0,0,0 );
INSERT INTO E_ESS VALUES ( "00000000-0000-0000-0000-000000000139",1,0,3,10,3,13,1,32,0,0,0,0 );
INSERT INTO E_ESS VALUES ( "00000000-0000-0000-0000-000000000199",1,0,2,10,2,14,0,0,0,0,0,0 );
INSERT INTO E_GES VALUES ( "00000000-0000-0000-0000-000000000135" );
INSERT INTO E_GES VALUES ( "00000000-0000-0000-0000-000000000139" );
INSERT INTO E_GES VALUES ( "00000000-0000-0000-0000-000000000199" );
INSERT INTO E_GSME VALUES ( "00000000-0000-0000-0000-000000000135","00000000-0000-0000-0000-00000000013a" );
INSERT INTO E_GSME VALUES ( "00000000-0000-0000-0000-000000000139","00000000-0000-0000-0000-00000000011f" );
INSERT INTO E_GSME VALUES ( "00000000-0000-0000-0000-000000000199","00000000-0000-0000-0000-00000000018f" );
INSERT INTO PE_PE VALUES ( "00000000-0000-0000-0000-000000000003",1,"00000000-0000-0000-0000-000000000002","00000000-0000-0000-0000-000000000000",2 );
INSERT INTO PE_PE VALUES ( "00000000-0000-0000-0000-000000000004",1,"00000000-0000-0000-0000-000000000000","00000000-0000-0000-0000-000000000003",7 );
INSERT INTO PE_PE VALUES ( "00000000-0000-0000-0000-000000000005",1,"00000000-0000-0000-0000-000000000004","00000000-0000-0000-0000-000000000000",5 );
INSERT INTO PE_PE VALUES ( "00000000-0000-0000-0000-00000000005c",1,"00000000-0000-0000-0000-000000000004","00000000-0000-0000-0000-000000000000",5 );
INSERT INTO PE_PE VALUES ( "00000000-0000-0000-0000-000000000069",1,"00000000-0000-0000-0000-000000000004","00000000-0000-0000-0000-000000000000",5 );
INSERT INTO PE_PE VALUES ( "00000000-0000-0000-0000-0000000000d5",1,"00000000-0000-0000-0000-000000000000","00000000-0000-0000-0000-000000000003",7 );
INSERT INTO PE_PE VALUES ( "00000000-0000-0000-0000-0000000000d6",1,"00000000-0000-0000-0000-0000000000d5","00000000-0000-0000-0000-000000000000",3 );
INSERT INTO PE_PE VALUES ( "00000000-0000-0000-0000-0000000000dd",1,"00000000-0000-0000-0000-0000000000d5","00000000-0000-0000-0000-000000000000",4 );
INSERT INTO PE_PE VALUES ( "00000000-0000-0000-0000-0000000000eb",1,"00000000-0000-0000-0000-0000000000d5","00000000-0000-0000-0000-000000000000",4 );
INSERT INTO PE_PE VALUES ( "00000000-0000-0000-0000-0000000000ed",1,"00000000-0000-0000-0000-0000000000d5","00000000-0000-0000-0000-000000000000",4 );
INSERT INTO PE_PE VALUES ( "00000000-0000-0000-0000-000000000112",1,"00000000-0000-0000-0000-0000000000d5","00000000-0000-0000-0000-000000000000",4 );
INSERT INTO PE_PE VALUES ( "00000000-0000-0000-0000-000000000152",1,"00000000-0000-0000-0000-0000000000d5","00000000-0000-0000-0000-000000000000",4 );
INSERT INTO PE_PE VALUES ( "00000000-0000-0000-0000-000000000158",1,"00000000-0000-0000-0000-0000000000d5","00000000-0000-0000-0000-000000000000",4 );
INSERT INTO PE_PE VALUES ( "00000000-0000-0000-0000-0000000000fa",1,"00000000-0000-0000-0000-0000000000d5","00000000-0000-0000-0000-000000000000",4 );
INSERT INTO PE_PE VALUES ( "00000000-0000-0000-0000-000000000168",1,"00000000-0000-0000-0000-0000000000d5","00000000-0000-0000-0000-000000000000",4 );
INSERT INTO PE_PE VALUES ( "00000000-0000-0000-0000-0000000000e0",1,"00000000-0000-0000-0000-0000000000d5","00000000-0000-0000-0000-000000000000",4 );
INSERT INTO PE_PE VALUES ( "00000000-0000-0000-0000-0000000000f9",1,"00000000-0000-0000-0000-0000000000d5","00000000-0000-0000-0000-000000000000",9 );
INSERT INTO PE_PE VALUES ( "00000000-0000-0000-0000-000000000108",1,"00000000-0000-0000-0000-0000000000d5","00000000-0000-0000-0000-000000000000",9 );
INSERT INTO PE_PE VALUES ( "00000000-0000-0000-0000-0000000000e2",1,"00000000-0000-0000-0000-0000000000d5","00000000-0000-0000-0000-000000000000",9 );
INSERT INTO PE_PE VALUES ( "00000000-0000-0000-0000-000000000153",1,"00000000-0000-0000-0000-0000000000d5","00000000-0000-0000-0000-000000000000",9 );
INSERT INTO PE_PE VALUES ( "00000000-0000-0000-0000-00000000016a",1,"00000000-0000-0000-0000-0000000000d5","00000000-0000-0000-0000-000000000000",9 );
INSERT INTO PE_PE VALUES ( "00000000-0000-0000-0000-000000000116",1,"00000000-0000-0000-0000-0000000000d5","00000000-0000-0000-0000-000000000000",9 );
INSERT INTO PE_PE VALUES ( "00000000-0000-0000-0000-0000000001a3",1,"00000000-0000-0000-0000-0000000000d5","00000000-0000-0000-0000-000000000000",1 );
INSERT INTO PE_PE VALUES ( "00000000-0000-0000-0000-0000000001bf",1,"00000000-0000-0000-0000-0000000000d5","00000000-0000-0000-0000-000000000000",1 );
INSERT INTO PE_PE VALUES ( "00000000-0000-0000-0000-0000000001e6",1,"00000000-0000-0000-0000-0000000000d5","00000000-0000-0000-0000-000000000000",1 );
INSERT INTO PE_PE VALUES ( "00000000-0000-0000-0000-000000000234",1,"00000000-0000-0000-0000-0000000000d5","00000000-0000-0000-0000-000000000000",1 );
INSERT INTO PE_PE VALUES ( "00000000-0000-0000-0000-00000000024f",1,"00000000-0000-0000-0000-0000000000d5","00000000-0000-0000-0000-000000000000",1 );
INSERT INTO PE_PE VALUES ( "00000000-0000-0000-0000-00000000005e",1,"00000000-0000-0000-0000-000000000000","00000000-0000-0000-0000-000000000000",3 );
INSERT INTO PE_PE VALUES ( "00000000-0000-0000-0000-000000000041",1,"00000000-0000-0000-0000-000000000000","00000000-0000-0000-0000-000000000000",3 );
INSERT INTO PE_PE VALUES ( "00000000-0000-0000-0000-00000000000c",1,"00000000-0000-0000-0000-000000000000","00000000-0000-0000-0000-000000000000",3 );
INSERT INTO PE_PE VALUES ( "00000000-0000-0000-0000-000000000066",1,"00000000-0000-0000-0000-000000000000","00000000-0000-0000-0000-000000000000",3 );
INSERT INTO PE_PE VALUES ( "00000000-0000-0000-0000-00000000006c",1,"00000000-0000-0000-0000-000000000000","00000000-0000-0000-0000-000000000000",3 );
INSERT INTO PE_PE VALUES ( "00000000-0000-0000-0000-0000000000df",1,"00000000-0000-0000-0000-000000000000","00000000-0000-0000-0000-000000000000",3 );
INSERT INTO PE_PE VALUES ( "00000000-0000-0000-0000-000000000115",1,"00000000-0000-0000-0000-000000000000","00000000-0000-0000-0000-000000000000",3 );
INSERT INTO PE_PE VALUES ( "00000000-0000-0000-0000-0000000000e7",1,"00000000-0000-0000-0000-000000000000","00000000-0000-0000-0000-000000000000",3 );
INSERT INTO PE_PE VALUES ( "00000000-0000-0000-0000-000000000100",1,"00000000-0000-0000-0000-000000000000","00000000-0000-0000-0000-000000000000",3 );
INSERT INTO PE_PE VALUES ( "00000000-0000-0000-0000-000000000102",1,"00000000-0000-0000-0000-000000000000","00000000-0000-0000-0000-000000000000",3 );
INSERT INTO PE_PE VALUES ( "00000000-0000-0000-0000-000000000034",1,"00000000-0000-0000-0000-000000000000","00000000-0000-0000-0000-000000000000",3 );
INSERT INTO PE_PE VALUES ( "00000000-0000-0000-0000-00000000025b",1,"00000000-0000-0000-0000-000000000000","00000000-0000-0000-0000-000000000000",3 );
INSERT INTO PE_PE VALUES ( "00000000-0000-0000-0000-00000000025c",1,"00000000-0000-0000-0000-000000000000","00000000-0000-0000-0000-000000000000",3 );
INSERT INTO PE_PE VALUES ( "00000000-0000-0000-0000-00000000025d",1,"00000000-0000-0000-0000-000000000000","00000000-0000-0000-0000-000000000000",3 );
INSERT INTO PE_PE VALUES ( "00000000-0000-0000-0000-000000000007",1,"00000000-0000-0000-0000-000000000000","00000000-0000-0000-0000-000000000000",3 );
INSERT INTO PE_PE VALUES ( "00000000-0000-0000-0000-000000000031",1,"00000000-0000-0000-0000-000000000000","00000000-0000-0000-0000-000000000000",3 );
INSERT INTO PE_PE VALUES ( "00000000-0000-0000-0000-00000000002d",1,"00000000-0000-0000-0000-000000000000","00000000-0000-0000-0000-000000000000",3 );
INSERT INTO S_DT VALUES ( "00000000-0000-0000-0000-0000000000d6","00000000-0000-0000-0000-000000000000",'EnvironmentPhysicalQuantities','','' );
INSERT INTO S_DT VALUES ( "00000000-0000-0000-0000-00000000005e","00000000-0000-0000-0000-000000000000",'void','','' );
INSERT INTO S_DT VALUES ( "00000000-0000-0000-0000-000000000041","00000000-0000-0000-0000-000000000000",'boolean','','' );
INSERT INTO S_DT VALUES ( "00000000-0000-0000-0000-00000000000c","00000000-0000-0000-0000-000000000000",'integer','','' );
INSERT INTO S_DT VALUES ( "00000000-0000-0000-0000-000000000066","00000000-0000-0000-0000-000000000000",'real','','' );
INSERT INTO S_DT VALUES ( "00000000-0000-0000-0000-00000000006c","00000000-0000-0000-0000-000000000000",'string','','' );
INSERT INTO S_DT VALUES ( "00000000-0000-0000-0000-0000000000df","00000000-0000-0000-0000-000000000000",'unique_id','','' );
INSERT INTO S_DT VALUES ( "00000000-0000-0000-0000-000000000115","00000000-0000-0000-0000-000000000000",'state<State_Model>','','' );
INSERT INTO S_DT VALUES ( "00000000-0000-0000-0000-0000000000e7","00000000-0000-0000-0000-000000000000",'same_as<Base_Attribute>','','' );
INSERT INTO S_DT VALUES ( "00000000-0000-0000-0000-000000000100","00000000-0000-0000-0000-000000000000",'inst_ref<Object>','','' );
INSERT INTO S_DT VALUES ( "00000000-0000-0000-0000-000000000102","00000000-0000-0000-0000-000000000000",'inst_ref_set<Object>','','' );
INSERT INTO S_DT VALUES ( "00000000-0000-0000-0000-000000000034","00000000-0000-0000-0000-000000000000",'inst<Event>','','' );
INSERT INTO S_DT VALUES ( "00000000-0000-0000-0000-00000000025b","00000000-0000-0000-0000-000000000000",'inst<Mapping>','','' );
INSERT INTO S_DT VALUES ( "00000000-0000-0000-0000-00000000025c","00000000-0000-0000-0000-000000000000",'inst_ref<Mapping>','','' );
INSERT INTO S_DT VALUES ( "00000000-0000-0000-0000-00000000025d","00000000-0000-0000-0000-000000000000",'component_ref','','' );
INSERT INTO S_DT VALUES ( "00000000-0000-0000-0000-000000000007","00000000-0000-0000-0000-000000000000",'date','','' );
INSERT INTO S_DT VALUES ( "00000000-0000-0000-0000-000000000031","00000000-0000-0000-0000-000000000000",'inst_ref<Timer>','','' );
INSERT INTO S_DT VALUES ( "00000000-0000-0000-0000-00000000002d","00000000-0000-0000-0000-000000000000",'timestamp','','' );
