-- root-types-contained: SystemModel_c,PackageableElement_c,DataType_c,CoreDataType_c,UserDataType_c
-- BP 7.1 content: StreamData syschar: 3 persistence-version: 7.1.6

INSERT INTO S_SYS
	VALUES ("f9c35d69-d88c-4370-8bf2-12496b4980db",
	'ADTTestModel',
	1);
INSERT INTO EP_PKG
	VALUES ("fbc446cb-b636-4c63-8a1e-747f56f7ffbc",
	"f9c35d69-d88c-4370-8bf2-12496b4980db",
	"f9c35d69-d88c-4370-8bf2-12496b4980db",
	'ADTTM',
	'',
	0);
INSERT INTO PE_PE
	VALUES ("d2fa75dd-1f3e-4293-b239-8a5ea48e4ab4",
	1,
	"fbc446cb-b636-4c63-8a1e-747f56f7ffbc",
	"00000000-0000-0000-0000-000000000000",
	2);
INSERT INTO C_C
	VALUES ("d2fa75dd-1f3e-4293-b239-8a5ea48e4ab4",
	"00000000-0000-0000-0000-000000000000",
	"00000000-0000-0000-0000-000000000000",
	'ADTTM',
	'',
	0,
	"00000000-0000-0000-0000-000000000000",
	0,
	'',
	'');
INSERT INTO PE_PE
	VALUES ("1bc03809-ee63-403a-82a7-e5db1acbd8fa",
	1,
	"00000000-0000-0000-0000-000000000000",
	"d2fa75dd-1f3e-4293-b239-8a5ea48e4ab4",
	7);
INSERT INTO EP_PKG
	VALUES ("1bc03809-ee63-403a-82a7-e5db1acbd8fa",
	"00000000-0000-0000-0000-000000000000",
	"f9c35d69-d88c-4370-8bf2-12496b4980db",
	'External Entities',
	'',
	0);
INSERT INTO PE_PE
	VALUES ("b9214c80-fe1b-4ab9-a5d3-f133e7a7807d",
	1,
	"1bc03809-ee63-403a-82a7-e5db1acbd8fa",
	"00000000-0000-0000-0000-000000000000",
	5);
INSERT INTO S_EE
	VALUES ("b9214c80-fe1b-4ab9-a5d3-f133e7a7807d",
	'Time',
	'@constructor(Kae.DomainModel.Csharp.Framework.ExternalEntities.TIM.impl.TIMImpl)
The Time external entity provides date, timestamp, and timer related operations.',
	'TIM',
	"00000000-0000-0000-0000-000000000000",
	'',
	'Time',
	1);
INSERT INTO S_BRG
	VALUES ("1ae5d8bd-49f4-490c-ae82-7c9335e4084c",
	"b9214c80-fe1b-4ab9-a5d3-f133e7a7807d",
	'current_date',
	'',
	1,
	"ba5eda7a-def5-0000-0000-00000000000e",
	'',
	1,
	'',
	0);
INSERT INTO ACT_BRB
	VALUES ("f59db602-982d-49e4-ac05-b5023fcd3dd8",
	"1ae5d8bd-49f4-490c-ae82-7c9335e4084c");
INSERT INTO ACT_ACT
	VALUES ("f59db602-982d-49e4-ac05-b5023fcd3dd8",
	'bridge',
	0,
	"3b67d2f0-b937-4cc2-9867-8f73ca3fc457",
	"00000000-0000-0000-0000-000000000000",
	0,
	'Time::current_date',
	"00000000-0000-0000-0000-000000000000");
INSERT INTO ACT_BLK
	VALUES ("3b67d2f0-b937-4cc2-9867-8f73ca3fc457",
	0,
	0,
	0,
	'',
	'',
	'',
	0,
	0,
	0,
	0,
	0,
	0,
	0,
	0,
	0,
	0,
	0,
	0,
	0,
	"f59db602-982d-49e4-ac05-b5023fcd3dd8",
	"00000000-0000-0000-0000-000000000000");
INSERT INTO S_BRG
	VALUES ("dc7b09d0-a585-413b-b60d-6eaf1e3992f2",
	"b9214c80-fe1b-4ab9-a5d3-f133e7a7807d",
	'create_date',
	'',
	1,
	"ba5eda7a-def5-0000-0000-00000000000e",
	'',
	1,
	'',
	0);
INSERT INTO S_BPARM
	VALUES ("3c409062-5db3-4989-ab0b-7c0569afa726",
	"dc7b09d0-a585-413b-b60d-6eaf1e3992f2",
	'second',
	"ba5eda7a-def5-0000-0000-000000000002",
	0,
	'',
	"7080b6f7-d569-4b3b-b6ee-d56a7e9080bd",
	'');
INSERT INTO S_BPARM
	VALUES ("ed621ed3-0572-4a71-a754-d15310c559f2",
	"dc7b09d0-a585-413b-b60d-6eaf1e3992f2",
	'minute',
	"ba5eda7a-def5-0000-0000-000000000002",
	0,
	'',
	"84f50af4-e557-4634-bfbe-1f1e4959c73f",
	'');
INSERT INTO S_BPARM
	VALUES ("84f50af4-e557-4634-bfbe-1f1e4959c73f",
	"dc7b09d0-a585-413b-b60d-6eaf1e3992f2",
	'hour',
	"ba5eda7a-def5-0000-0000-000000000002",
	0,
	'',
	"dbc6f22a-6e93-4a17-b147-85d2c6e1afcb",
	'');
INSERT INTO S_BPARM
	VALUES ("dbc6f22a-6e93-4a17-b147-85d2c6e1afcb",
	"dc7b09d0-a585-413b-b60d-6eaf1e3992f2",
	'day',
	"ba5eda7a-def5-0000-0000-000000000002",
	0,
	'',
	"00000000-0000-0000-0000-000000000000",
	'');
INSERT INTO S_BPARM
	VALUES ("7080b6f7-d569-4b3b-b6ee-d56a7e9080bd",
	"dc7b09d0-a585-413b-b60d-6eaf1e3992f2",
	'month',
	"ba5eda7a-def5-0000-0000-000000000002",
	0,
	'',
	"ed621ed3-0572-4a71-a754-d15310c559f2",
	'');
INSERT INTO S_BPARM
	VALUES ("f31d4047-0a4b-4302-a93a-ef82e93ddeef",
	"dc7b09d0-a585-413b-b60d-6eaf1e3992f2",
	'year',
	"ba5eda7a-def5-0000-0000-000000000002",
	0,
	'',
	"3c409062-5db3-4989-ab0b-7c0569afa726",
	'');
INSERT INTO ACT_BRB
	VALUES ("a172b85b-8ed1-4344-8862-04c0c09bfcb3",
	"dc7b09d0-a585-413b-b60d-6eaf1e3992f2");
INSERT INTO ACT_ACT
	VALUES ("a172b85b-8ed1-4344-8862-04c0c09bfcb3",
	'bridge',
	0,
	"2c0d32d3-5695-43a2-b053-392fbbb21b23",
	"00000000-0000-0000-0000-000000000000",
	0,
	'Time::create_date',
	"00000000-0000-0000-0000-000000000000");
INSERT INTO ACT_BLK
	VALUES ("2c0d32d3-5695-43a2-b053-392fbbb21b23",
	0,
	0,
	0,
	'',
	'',
	'',
	0,
	0,
	0,
	0,
	0,
	0,
	0,
	0,
	0,
	0,
	0,
	0,
	0,
	"a172b85b-8ed1-4344-8862-04c0c09bfcb3",
	"00000000-0000-0000-0000-000000000000");
INSERT INTO S_BRG
	VALUES ("ae5d58d9-a40c-4f00-bd00-a87a039a0517",
	"b9214c80-fe1b-4ab9-a5d3-f133e7a7807d",
	'get_second',
	'',
	1,
	"ba5eda7a-def5-0000-0000-000000000002",
	'',
	1,
	'',
	0);
INSERT INTO S_BPARM
	VALUES ("3cb5e475-99c7-4220-beb2-55644d3b1253",
	"ae5d58d9-a40c-4f00-bd00-a87a039a0517",
	'date',
	"ba5eda7a-def5-0000-0000-00000000000e",
	0,
	'',
	"00000000-0000-0000-0000-000000000000",
	'');
INSERT INTO ACT_BRB
	VALUES ("bc7ec13b-1d4a-43d2-a0a9-fc882bc58834",
	"ae5d58d9-a40c-4f00-bd00-a87a039a0517");
INSERT INTO ACT_ACT
	VALUES ("bc7ec13b-1d4a-43d2-a0a9-fc882bc58834",
	'bridge',
	0,
	"8877bf86-6d9d-4a10-995f-1bd27b066fd5",
	"00000000-0000-0000-0000-000000000000",
	0,
	'Time::get_second',
	"00000000-0000-0000-0000-000000000000");
INSERT INTO ACT_BLK
	VALUES ("8877bf86-6d9d-4a10-995f-1bd27b066fd5",
	0,
	0,
	0,
	'',
	'',
	'',
	0,
	0,
	0,
	0,
	0,
	0,
	0,
	0,
	0,
	0,
	0,
	0,
	0,
	"bc7ec13b-1d4a-43d2-a0a9-fc882bc58834",
	"00000000-0000-0000-0000-000000000000");
INSERT INTO S_BRG
	VALUES ("a4af110f-bcbb-4f62-a391-84b031c02b98",
	"b9214c80-fe1b-4ab9-a5d3-f133e7a7807d",
	'get_minute',
	'',
	1,
	"ba5eda7a-def5-0000-0000-000000000002",
	'',
	1,
	'',
	0);
INSERT INTO S_BPARM
	VALUES ("11a23cc0-af4a-4cbb-ba73-ac0810e546a2",
	"a4af110f-bcbb-4f62-a391-84b031c02b98",
	'date',
	"ba5eda7a-def5-0000-0000-00000000000e",
	0,
	'',
	"00000000-0000-0000-0000-000000000000",
	'');
INSERT INTO ACT_BRB
	VALUES ("0838f790-fa18-4ce0-9189-dc388c8521b5",
	"a4af110f-bcbb-4f62-a391-84b031c02b98");
INSERT INTO ACT_ACT
	VALUES ("0838f790-fa18-4ce0-9189-dc388c8521b5",
	'bridge',
	0,
	"ea807f77-687d-49e5-a8ac-4dc44a2e8959",
	"00000000-0000-0000-0000-000000000000",
	0,
	'Time::get_minute',
	"00000000-0000-0000-0000-000000000000");
INSERT INTO ACT_BLK
	VALUES ("ea807f77-687d-49e5-a8ac-4dc44a2e8959",
	0,
	0,
	0,
	'',
	'',
	'',
	0,
	0,
	0,
	0,
	0,
	0,
	0,
	0,
	0,
	0,
	0,
	0,
	0,
	"0838f790-fa18-4ce0-9189-dc388c8521b5",
	"00000000-0000-0000-0000-000000000000");
INSERT INTO S_BRG
	VALUES ("aac0da19-5700-40ee-809e-9068ab907d6c",
	"b9214c80-fe1b-4ab9-a5d3-f133e7a7807d",
	'get_hour',
	'',
	1,
	"ba5eda7a-def5-0000-0000-000000000002",
	'',
	1,
	'',
	0);
INSERT INTO S_BPARM
	VALUES ("f13ea5cb-a40c-450c-95e1-8fc25978ef83",
	"aac0da19-5700-40ee-809e-9068ab907d6c",
	'date',
	"ba5eda7a-def5-0000-0000-00000000000e",
	0,
	'',
	"00000000-0000-0000-0000-000000000000",
	'');
INSERT INTO ACT_BRB
	VALUES ("ef71b525-2ab8-42bb-a575-9bdf3b5552ea",
	"aac0da19-5700-40ee-809e-9068ab907d6c");
INSERT INTO ACT_ACT
	VALUES ("ef71b525-2ab8-42bb-a575-9bdf3b5552ea",
	'bridge',
	0,
	"2d3fb2a9-59ea-4a60-9645-d6fdcd7c9382",
	"00000000-0000-0000-0000-000000000000",
	0,
	'Time::get_hour',
	"00000000-0000-0000-0000-000000000000");
INSERT INTO ACT_BLK
	VALUES ("2d3fb2a9-59ea-4a60-9645-d6fdcd7c9382",
	0,
	0,
	0,
	'',
	'',
	'',
	0,
	0,
	0,
	0,
	0,
	0,
	0,
	0,
	0,
	0,
	0,
	0,
	0,
	"ef71b525-2ab8-42bb-a575-9bdf3b5552ea",
	"00000000-0000-0000-0000-000000000000");
INSERT INTO S_BRG
	VALUES ("1fdcc4ac-6909-45ff-bb5d-5d82b50335ee",
	"b9214c80-fe1b-4ab9-a5d3-f133e7a7807d",
	'get_day',
	'',
	1,
	"ba5eda7a-def5-0000-0000-000000000002",
	'',
	1,
	'',
	0);
INSERT INTO S_BPARM
	VALUES ("83c4e4d5-5e06-41e4-bee1-c311423af4cb",
	"1fdcc4ac-6909-45ff-bb5d-5d82b50335ee",
	'date',
	"ba5eda7a-def5-0000-0000-00000000000e",
	0,
	'',
	"00000000-0000-0000-0000-000000000000",
	'');
INSERT INTO ACT_BRB
	VALUES ("11d7f7c6-3a0f-4d81-8efb-1dcf67127dff",
	"1fdcc4ac-6909-45ff-bb5d-5d82b50335ee");
INSERT INTO ACT_ACT
	VALUES ("11d7f7c6-3a0f-4d81-8efb-1dcf67127dff",
	'bridge',
	0,
	"64eec4de-88ae-4c4e-b0e4-d1b4fe091222",
	"00000000-0000-0000-0000-000000000000",
	0,
	'Time::get_day',
	"00000000-0000-0000-0000-000000000000");
INSERT INTO ACT_BLK
	VALUES ("64eec4de-88ae-4c4e-b0e4-d1b4fe091222",
	0,
	0,
	0,
	'',
	'',
	'',
	0,
	0,
	0,
	0,
	0,
	0,
	0,
	0,
	0,
	0,
	0,
	0,
	0,
	"11d7f7c6-3a0f-4d81-8efb-1dcf67127dff",
	"00000000-0000-0000-0000-000000000000");
INSERT INTO S_BRG
	VALUES ("d848b78a-9a1b-43e1-8fe0-71782950806b",
	"b9214c80-fe1b-4ab9-a5d3-f133e7a7807d",
	'get_month',
	'',
	1,
	"ba5eda7a-def5-0000-0000-000000000002",
	'',
	1,
	'',
	0);
INSERT INTO S_BPARM
	VALUES ("8f0d44a7-55f1-40ff-bcb0-aadb6550e578",
	"d848b78a-9a1b-43e1-8fe0-71782950806b",
	'date',
	"ba5eda7a-def5-0000-0000-00000000000e",
	0,
	'',
	"00000000-0000-0000-0000-000000000000",
	'');
INSERT INTO ACT_BRB
	VALUES ("9e571932-f82b-4c7e-990e-ceea14e13974",
	"d848b78a-9a1b-43e1-8fe0-71782950806b");
INSERT INTO ACT_ACT
	VALUES ("9e571932-f82b-4c7e-990e-ceea14e13974",
	'bridge',
	0,
	"67d15c44-c2b4-4ba3-814a-a11f579a3e3b",
	"00000000-0000-0000-0000-000000000000",
	0,
	'Time::get_month',
	"00000000-0000-0000-0000-000000000000");
INSERT INTO ACT_BLK
	VALUES ("67d15c44-c2b4-4ba3-814a-a11f579a3e3b",
	0,
	0,
	0,
	'',
	'',
	'',
	0,
	0,
	0,
	0,
	0,
	0,
	0,
	0,
	0,
	0,
	0,
	0,
	0,
	"9e571932-f82b-4c7e-990e-ceea14e13974",
	"00000000-0000-0000-0000-000000000000");
INSERT INTO S_BRG
	VALUES ("e6972479-c0cd-4194-896a-547cb8eceefc",
	"b9214c80-fe1b-4ab9-a5d3-f133e7a7807d",
	'get_year',
	'',
	1,
	"ba5eda7a-def5-0000-0000-000000000002",
	'',
	1,
	'',
	0);
INSERT INTO S_BPARM
	VALUES ("9c181d25-309f-4a4e-913e-44229ee75284",
	"e6972479-c0cd-4194-896a-547cb8eceefc",
	'date',
	"ba5eda7a-def5-0000-0000-00000000000e",
	0,
	'',
	"00000000-0000-0000-0000-000000000000",
	'');
INSERT INTO ACT_BRB
	VALUES ("ecd7aef3-9585-424c-8e39-d575e4f407f7",
	"e6972479-c0cd-4194-896a-547cb8eceefc");
INSERT INTO ACT_ACT
	VALUES ("ecd7aef3-9585-424c-8e39-d575e4f407f7",
	'bridge',
	0,
	"501e52f7-a0dd-4f33-b89a-98bdbace690b",
	"00000000-0000-0000-0000-000000000000",
	0,
	'Time::get_year',
	"00000000-0000-0000-0000-000000000000");
INSERT INTO ACT_BLK
	VALUES ("501e52f7-a0dd-4f33-b89a-98bdbace690b",
	0,
	0,
	0,
	'',
	'',
	'',
	0,
	0,
	0,
	0,
	0,
	0,
	0,
	0,
	0,
	0,
	0,
	0,
	0,
	"ecd7aef3-9585-424c-8e39-d575e4f407f7",
	"00000000-0000-0000-0000-000000000000");
INSERT INTO S_BRG
	VALUES ("d58611e5-e835-4a5d-8a12-76c1da1ed0b2",
	"b9214c80-fe1b-4ab9-a5d3-f133e7a7807d",
	'current_clock',
	'',
	1,
	"ba5eda7a-def5-0000-0000-000000000010",
	'',
	1,
	'',
	0);
INSERT INTO ACT_BRB
	VALUES ("5dd011fe-79d4-46b2-be32-0301b22972d2",
	"d58611e5-e835-4a5d-8a12-76c1da1ed0b2");
INSERT INTO ACT_ACT
	VALUES ("5dd011fe-79d4-46b2-be32-0301b22972d2",
	'bridge',
	0,
	"8e954150-f729-4249-8903-06501654f91d",
	"00000000-0000-0000-0000-000000000000",
	0,
	'Time::current_clock',
	"00000000-0000-0000-0000-000000000000");
INSERT INTO ACT_BLK
	VALUES ("8e954150-f729-4249-8903-06501654f91d",
	0,
	0,
	0,
	'',
	'',
	'',
	0,
	0,
	0,
	0,
	0,
	0,
	0,
	0,
	0,
	0,
	0,
	0,
	0,
	"5dd011fe-79d4-46b2-be32-0301b22972d2",
	"00000000-0000-0000-0000-000000000000");
INSERT INTO S_BRG
	VALUES ("32604ab2-b811-4048-9906-c64ea6cdaaf6",
	"b9214c80-fe1b-4ab9-a5d3-f133e7a7807d",
	'timer_start',
	'',
	1,
	"ba5eda7a-def5-0000-0000-00000000000f",
	'',
	1,
	'',
	0);
INSERT INTO S_BPARM
	VALUES ("81a0ee81-6726-44cf-8429-f04a033c32d0",
	"32604ab2-b811-4048-9906-c64ea6cdaaf6",
	'microseconds',
	"ba5eda7a-def5-0000-0000-000000000002",
	0,
	'',
	"ff743ae0-21d8-43ff-8922-fe93029ead1f",
	'');
INSERT INTO S_BPARM
	VALUES ("ff743ae0-21d8-43ff-8922-fe93029ead1f",
	"32604ab2-b811-4048-9906-c64ea6cdaaf6",
	'event_inst',
	"ba5eda7a-def5-0000-0000-00000000000a",
	0,
	'',
	"00000000-0000-0000-0000-000000000000",
	'');
INSERT INTO ACT_BRB
	VALUES ("5541fe92-eb7b-4557-862f-d0a3899fa89b",
	"32604ab2-b811-4048-9906-c64ea6cdaaf6");
INSERT INTO ACT_ACT
	VALUES ("5541fe92-eb7b-4557-862f-d0a3899fa89b",
	'bridge',
	0,
	"e2a6dafc-f564-4c3c-b133-662a0d62672b",
	"00000000-0000-0000-0000-000000000000",
	0,
	'Time::timer_start',
	"00000000-0000-0000-0000-000000000000");
INSERT INTO ACT_BLK
	VALUES ("e2a6dafc-f564-4c3c-b133-662a0d62672b",
	0,
	0,
	0,
	'',
	'',
	'',
	0,
	0,
	0,
	0,
	0,
	0,
	0,
	0,
	0,
	0,
	0,
	0,
	0,
	"5541fe92-eb7b-4557-862f-d0a3899fa89b",
	"00000000-0000-0000-0000-000000000000");
INSERT INTO S_BRG
	VALUES ("fd870c4a-5b5a-48cd-8d62-79de07072c29",
	"b9214c80-fe1b-4ab9-a5d3-f133e7a7807d",
	'timer_start_recurring',
	'',
	1,
	"ba5eda7a-def5-0000-0000-00000000000f",
	'',
	1,
	'',
	0);
INSERT INTO S_BPARM
	VALUES ("76a0cabd-2962-4a97-b525-7f1f93e1c013",
	"fd870c4a-5b5a-48cd-8d62-79de07072c29",
	'microseconds',
	"ba5eda7a-def5-0000-0000-000000000002",
	0,
	'',
	"2b033e52-5490-4a6f-be5d-cd9f5b60fead",
	'');
INSERT INTO S_BPARM
	VALUES ("2b033e52-5490-4a6f-be5d-cd9f5b60fead",
	"fd870c4a-5b5a-48cd-8d62-79de07072c29",
	'event_inst',
	"ba5eda7a-def5-0000-0000-00000000000a",
	0,
	'',
	"00000000-0000-0000-0000-000000000000",
	'');
INSERT INTO ACT_BRB
	VALUES ("1867e571-0e0a-4c48-b5ed-04d94e6aafc0",
	"fd870c4a-5b5a-48cd-8d62-79de07072c29");
INSERT INTO ACT_ACT
	VALUES ("1867e571-0e0a-4c48-b5ed-04d94e6aafc0",
	'bridge',
	0,
	"6a0019cd-880c-47b5-bb8b-121945998bb1",
	"00000000-0000-0000-0000-000000000000",
	0,
	'Time::timer_start_recurring',
	"00000000-0000-0000-0000-000000000000");
INSERT INTO ACT_BLK
	VALUES ("6a0019cd-880c-47b5-bb8b-121945998bb1",
	0,
	0,
	0,
	'',
	'',
	'',
	0,
	0,
	0,
	0,
	0,
	0,
	0,
	0,
	0,
	0,
	0,
	0,
	0,
	"1867e571-0e0a-4c48-b5ed-04d94e6aafc0",
	"00000000-0000-0000-0000-000000000000");
INSERT INTO S_BRG
	VALUES ("b78236fd-81f1-4e9c-b21b-a579fc7d2e5d",
	"b9214c80-fe1b-4ab9-a5d3-f133e7a7807d",
	'timer_remaining_time',
	'',
	1,
	"ba5eda7a-def5-0000-0000-000000000002",
	'',
	1,
	'',
	0);
INSERT INTO S_BPARM
	VALUES ("3d3fb99d-43ae-4f31-a376-fcd35d441ccf",
	"b78236fd-81f1-4e9c-b21b-a579fc7d2e5d",
	'timer_inst_ref',
	"ba5eda7a-def5-0000-0000-00000000000f",
	0,
	'',
	"00000000-0000-0000-0000-000000000000",
	'');
INSERT INTO ACT_BRB
	VALUES ("ca923d5e-06e2-498c-a034-20e97348846b",
	"b78236fd-81f1-4e9c-b21b-a579fc7d2e5d");
INSERT INTO ACT_ACT
	VALUES ("ca923d5e-06e2-498c-a034-20e97348846b",
	'bridge',
	0,
	"95aea2c1-1f61-4557-a1a2-2bd2fc961e1e",
	"00000000-0000-0000-0000-000000000000",
	0,
	'Time::timer_remaining_time',
	"00000000-0000-0000-0000-000000000000");
INSERT INTO ACT_BLK
	VALUES ("95aea2c1-1f61-4557-a1a2-2bd2fc961e1e",
	0,
	0,
	0,
	'',
	'',
	'',
	0,
	0,
	0,
	0,
	0,
	0,
	0,
	0,
	0,
	0,
	0,
	0,
	0,
	"ca923d5e-06e2-498c-a034-20e97348846b",
	"00000000-0000-0000-0000-000000000000");
INSERT INTO S_BRG
	VALUES ("e01bf420-6c79-4f77-b634-6022bebe453c",
	"b9214c80-fe1b-4ab9-a5d3-f133e7a7807d",
	'timer_reset_time',
	'',
	1,
	"ba5eda7a-def5-0000-0000-000000000001",
	'',
	1,
	'',
	0);
INSERT INTO S_BPARM
	VALUES ("8a261ace-287d-47f6-b68c-8cf4a203bde2",
	"e01bf420-6c79-4f77-b634-6022bebe453c",
	'timer_inst_ref',
	"ba5eda7a-def5-0000-0000-00000000000f",
	0,
	'',
	"72027744-a0f8-4a19-bfec-fdf9adaa701b",
	'');
INSERT INTO S_BPARM
	VALUES ("72027744-a0f8-4a19-bfec-fdf9adaa701b",
	"e01bf420-6c79-4f77-b634-6022bebe453c",
	'microseconds',
	"ba5eda7a-def5-0000-0000-000000000002",
	0,
	'',
	"00000000-0000-0000-0000-000000000000",
	'');
INSERT INTO ACT_BRB
	VALUES ("c618bbc4-f0ec-4134-9094-2d9e18001761",
	"e01bf420-6c79-4f77-b634-6022bebe453c");
INSERT INTO ACT_ACT
	VALUES ("c618bbc4-f0ec-4134-9094-2d9e18001761",
	'bridge',
	0,
	"981e9cd0-3c4d-4f21-a55c-114acdd199e8",
	"00000000-0000-0000-0000-000000000000",
	0,
	'Time::timer_reset_time',
	"00000000-0000-0000-0000-000000000000");
INSERT INTO ACT_BLK
	VALUES ("981e9cd0-3c4d-4f21-a55c-114acdd199e8",
	0,
	0,
	0,
	'',
	'',
	'',
	0,
	0,
	0,
	0,
	0,
	0,
	0,
	0,
	0,
	0,
	0,
	0,
	0,
	"c618bbc4-f0ec-4134-9094-2d9e18001761",
	"00000000-0000-0000-0000-000000000000");
INSERT INTO S_BRG
	VALUES ("db650e62-b64e-4d10-82b4-17a5003dedc3",
	"b9214c80-fe1b-4ab9-a5d3-f133e7a7807d",
	'timer_add_time',
	'',
	1,
	"ba5eda7a-def5-0000-0000-000000000001",
	'',
	1,
	'',
	0);
INSERT INTO S_BPARM
	VALUES ("55fbd982-7165-435e-942e-55d07602e8ac",
	"db650e62-b64e-4d10-82b4-17a5003dedc3",
	'timer_inst_ref',
	"ba5eda7a-def5-0000-0000-00000000000f",
	0,
	'',
	"ca6eff43-76b2-4617-88a2-229917d7d382",
	'');
INSERT INTO S_BPARM
	VALUES ("ca6eff43-76b2-4617-88a2-229917d7d382",
	"db650e62-b64e-4d10-82b4-17a5003dedc3",
	'microseconds',
	"ba5eda7a-def5-0000-0000-000000000002",
	0,
	'',
	"00000000-0000-0000-0000-000000000000",
	'');
INSERT INTO ACT_BRB
	VALUES ("3a3f9609-baa9-4aa8-9161-7eedf99813ba",
	"db650e62-b64e-4d10-82b4-17a5003dedc3");
INSERT INTO ACT_ACT
	VALUES ("3a3f9609-baa9-4aa8-9161-7eedf99813ba",
	'bridge',
	0,
	"c935df84-c15a-4ac7-a7c2-7a038139da87",
	"00000000-0000-0000-0000-000000000000",
	0,
	'Time::timer_add_time',
	"00000000-0000-0000-0000-000000000000");
INSERT INTO ACT_BLK
	VALUES ("c935df84-c15a-4ac7-a7c2-7a038139da87",
	0,
	0,
	0,
	'',
	'',
	'',
	0,
	0,
	0,
	0,
	0,
	0,
	0,
	0,
	0,
	0,
	0,
	0,
	0,
	"3a3f9609-baa9-4aa8-9161-7eedf99813ba",
	"00000000-0000-0000-0000-000000000000");
INSERT INTO S_BRG
	VALUES ("af588fb4-7280-4113-b70a-7d1d96c001a7",
	"b9214c80-fe1b-4ab9-a5d3-f133e7a7807d",
	'timer_cancel',
	'',
	1,
	"ba5eda7a-def5-0000-0000-000000000001",
	'',
	1,
	'',
	0);
INSERT INTO S_BPARM
	VALUES ("06529eec-e7b8-4ca9-bc5e-0f98b90e5cdf",
	"af588fb4-7280-4113-b70a-7d1d96c001a7",
	'timer_inst_ref',
	"ba5eda7a-def5-0000-0000-00000000000f",
	0,
	'',
	"00000000-0000-0000-0000-000000000000",
	'');
INSERT INTO ACT_BRB
	VALUES ("4164f8c5-2501-449a-9722-b6bb872eef7b",
	"af588fb4-7280-4113-b70a-7d1d96c001a7");
INSERT INTO ACT_ACT
	VALUES ("4164f8c5-2501-449a-9722-b6bb872eef7b",
	'bridge',
	0,
	"6529e1ab-0a66-413b-aeb7-be4184d7ec38",
	"00000000-0000-0000-0000-000000000000",
	0,
	'Time::timer_cancel',
	"00000000-0000-0000-0000-000000000000");
INSERT INTO ACT_BLK
	VALUES ("6529e1ab-0a66-413b-aeb7-be4184d7ec38",
	0,
	0,
	0,
	'',
	'',
	'',
	0,
	0,
	0,
	0,
	0,
	0,
	0,
	0,
	0,
	0,
	0,
	0,
	0,
	"4164f8c5-2501-449a-9722-b6bb872eef7b",
	"00000000-0000-0000-0000-000000000000");
INSERT INTO S_BRG
	VALUES ("81a8401c-37b0-49ad-ad52-01907b0fc674",
	"b9214c80-fe1b-4ab9-a5d3-f133e7a7807d",
	'time_add',
	'',
	0,
	"ba5eda7a-def5-0000-0000-000000000010",
	'',
	1,
	'',
	0);
INSERT INTO S_BPARM
	VALUES ("9554057e-e433-47a0-8c50-555c7bce21d7",
	"81a8401c-37b0-49ad-ad52-01907b0fc674",
	'days',
	"ba5eda7a-def5-0000-0000-000000000002",
	0,
	'',
	"00000000-0000-0000-0000-000000000000",
	'');
INSERT INTO S_BPARM
	VALUES ("3f284853-354f-49ef-b255-f81113edc9a6",
	"81a8401c-37b0-49ad-ad52-01907b0fc674",
	'hours',
	"ba5eda7a-def5-0000-0000-000000000002",
	0,
	'',
	"9554057e-e433-47a0-8c50-555c7bce21d7",
	'');
INSERT INTO S_BPARM
	VALUES ("c01136af-b06c-4d04-99a8-4c9505c5aaaf",
	"81a8401c-37b0-49ad-ad52-01907b0fc674",
	'minutes',
	"ba5eda7a-def5-0000-0000-000000000002",
	0,
	'',
	"3f284853-354f-49ef-b255-f81113edc9a6",
	'');
INSERT INTO S_BPARM
	VALUES ("a3e80ab3-0702-4036-96cf-4dff53036675",
	"81a8401c-37b0-49ad-ad52-01907b0fc674",
	'seconds',
	"ba5eda7a-def5-0000-0000-000000000002",
	0,
	'',
	"c01136af-b06c-4d04-99a8-4c9505c5aaaf",
	'');
INSERT INTO S_BPARM
	VALUES ("6b2c6480-d7be-401e-9b9b-62922d20e581",
	"81a8401c-37b0-49ad-ad52-01907b0fc674",
	'time',
	"ba5eda7a-def5-0000-0000-000000000010",
	0,
	'',
	"a3e80ab3-0702-4036-96cf-4dff53036675",
	'');
INSERT INTO ACT_BRB
	VALUES ("c166d101-3785-419d-9b50-199ee9f8b824",
	"81a8401c-37b0-49ad-ad52-01907b0fc674");
INSERT INTO ACT_ACT
	VALUES ("c166d101-3785-419d-9b50-199ee9f8b824",
	'bridge',
	0,
	"4ae258df-6c9e-4337-bcfa-80f3c6383f6f",
	"00000000-0000-0000-0000-000000000000",
	0,
	'Time::time_add',
	"00000000-0000-0000-0000-000000000000");
INSERT INTO ACT_BLK
	VALUES ("4ae258df-6c9e-4337-bcfa-80f3c6383f6f",
	0,
	0,
	0,
	'',
	'',
	'',
	0,
	0,
	0,
	0,
	0,
	0,
	0,
	0,
	0,
	0,
	0,
	0,
	0,
	"c166d101-3785-419d-9b50-199ee9f8b824",
	"00000000-0000-0000-0000-000000000000");
INSERT INTO S_BRG
	VALUES ("89e58f81-3b55-4acf-ab36-066c3a0feb48",
	"b9214c80-fe1b-4ab9-a5d3-f133e7a7807d",
	'time_duration',
	'',
	0,
	"ba5eda7a-def5-0000-0000-000000000002",
	'',
	1,
	'',
	0);
INSERT INTO S_BPARM
	VALUES ("5dbd1538-f7ae-4134-ab58-b4d671e85a08",
	"89e58f81-3b55-4acf-ab36-066c3a0feb48",
	'timestamp1',
	"ba5eda7a-def5-0000-0000-000000000010",
	0,
	'',
	"00000000-0000-0000-0000-000000000000",
	'');
INSERT INTO S_BPARM
	VALUES ("1e50f3e6-ec43-470b-b1e4-5e8efefb4ad8",
	"89e58f81-3b55-4acf-ab36-066c3a0feb48",
	'timestamp2',
	"ba5eda7a-def5-0000-0000-000000000010",
	0,
	'',
	"5dbd1538-f7ae-4134-ab58-b4d671e85a08",
	'');
INSERT INTO ACT_BRB
	VALUES ("13f324a4-6c7e-4c8b-8afb-f1551708c0a8",
	"89e58f81-3b55-4acf-ab36-066c3a0feb48");
INSERT INTO ACT_ACT
	VALUES ("13f324a4-6c7e-4c8b-8afb-f1551708c0a8",
	'bridge',
	0,
	"b6e412da-905d-4113-a6bb-5e1f2bfb2643",
	"00000000-0000-0000-0000-000000000000",
	0,
	'Time::time_duration',
	"00000000-0000-0000-0000-000000000000");
INSERT INTO ACT_BLK
	VALUES ("b6e412da-905d-4113-a6bb-5e1f2bfb2643",
	0,
	0,
	0,
	'',
	'',
	'',
	0,
	0,
	0,
	0,
	0,
	0,
	0,
	0,
	0,
	0,
	0,
	0,
	0,
	"13f324a4-6c7e-4c8b-8afb-f1551708c0a8",
	"00000000-0000-0000-0000-000000000000");
INSERT INTO PE_PE
	VALUES ("95803702-951e-4215-8381-e70acf17e14b",
	1,
	"1bc03809-ee63-403a-82a7-e5db1acbd8fa",
	"00000000-0000-0000-0000-000000000000",
	5);
INSERT INTO S_EE
	VALUES ("95803702-951e-4215-8381-e70acf17e14b",
	'Random',
	'@constructor(new:Kae.DomainModel.Csharp.Framework.ExternalEntity.RND.RNDImpl,namespace:new:Kae.DomainModel.Csharp.Framework.ExternalEntity.RND);builtin(true)',
	'RND',
	"00000000-0000-0000-0000-000000000000",
	'',
	'Random',
	1);
INSERT INTO S_BRG
	VALUES ("95ffd72e-1e2f-4419-a824-0f053693a38e",
	"95803702-951e-4215-8381-e70acf17e14b",
	'seed',
	'',
	0,
	"ba5eda7a-def5-0000-0000-000000000000",
	'',
	1,
	'',
	0);
INSERT INTO S_BPARM
	VALUES ("15c667d1-5367-4a4c-be60-2d91f936372d",
	"95ffd72e-1e2f-4419-a824-0f053693a38e",
	'seed',
	"ba5eda7a-def5-0000-0000-000000000002",
	0,
	'',
	"00000000-0000-0000-0000-000000000000",
	'');
INSERT INTO ACT_BRB
	VALUES ("29c077fe-3cb7-45c8-9418-3db5d8dc9ade",
	"95ffd72e-1e2f-4419-a824-0f053693a38e");
INSERT INTO ACT_ACT
	VALUES ("29c077fe-3cb7-45c8-9418-3db5d8dc9ade",
	'bridge',
	0,
	"1bc833ba-b664-4e64-967e-4b9c27b8f129",
	"00000000-0000-0000-0000-000000000000",
	0,
	'Random::seed',
	"00000000-0000-0000-0000-000000000000");
INSERT INTO ACT_BLK
	VALUES ("1bc833ba-b664-4e64-967e-4b9c27b8f129",
	0,
	0,
	0,
	'',
	'',
	'',
	0,
	0,
	0,
	0,
	0,
	0,
	0,
	0,
	0,
	0,
	0,
	0,
	0,
	"29c077fe-3cb7-45c8-9418-3db5d8dc9ade",
	"00000000-0000-0000-0000-000000000000");
INSERT INTO S_BRG
	VALUES ("5264913b-2a0c-4b24-9530-fe28493724be",
	"95803702-951e-4215-8381-e70acf17e14b",
	'nextinteger',
	'',
	0,
	"ba5eda7a-def5-0000-0000-000000000002",
	'',
	1,
	'',
	0);
INSERT INTO ACT_BRB
	VALUES ("233f3aa7-0cbf-4d1b-8d21-751623ae0c39",
	"5264913b-2a0c-4b24-9530-fe28493724be");
INSERT INTO ACT_ACT
	VALUES ("233f3aa7-0cbf-4d1b-8d21-751623ae0c39",
	'bridge',
	0,
	"8d51a59c-fd80-4a98-9421-7a3112134f02",
	"00000000-0000-0000-0000-000000000000",
	0,
	'Random::nextinteger',
	"00000000-0000-0000-0000-000000000000");
INSERT INTO ACT_BLK
	VALUES ("8d51a59c-fd80-4a98-9421-7a3112134f02",
	0,
	0,
	0,
	'',
	'',
	'',
	0,
	0,
	0,
	0,
	0,
	0,
	0,
	0,
	0,
	0,
	0,
	0,
	0,
	"233f3aa7-0cbf-4d1b-8d21-751623ae0c39",
	"00000000-0000-0000-0000-000000000000");
INSERT INTO S_BRG
	VALUES ("9f0c2f3a-9715-4af3-92c4-214e0310d754",
	"95803702-951e-4215-8381-e70acf17e14b",
	'nextreal',
	'',
	0,
	"ba5eda7a-def5-0000-0000-000000000003",
	'',
	1,
	'',
	0);
INSERT INTO ACT_BRB
	VALUES ("dd28242f-c754-4ab3-ae37-08322e959004",
	"9f0c2f3a-9715-4af3-92c4-214e0310d754");
INSERT INTO ACT_ACT
	VALUES ("dd28242f-c754-4ab3-ae37-08322e959004",
	'bridge',
	0,
	"ec6ebbce-6871-47c5-b49d-07f46b1cd70e",
	"00000000-0000-0000-0000-000000000000",
	0,
	'Random::nextreal',
	"00000000-0000-0000-0000-000000000000");
INSERT INTO ACT_BLK
	VALUES ("ec6ebbce-6871-47c5-b49d-07f46b1cd70e",
	0,
	0,
	0,
	'',
	'',
	'',
	0,
	0,
	0,
	0,
	0,
	0,
	0,
	0,
	0,
	0,
	0,
	0,
	0,
	"dd28242f-c754-4ab3-ae37-08322e959004",
	"00000000-0000-0000-0000-000000000000");
INSERT INTO PE_PE
	VALUES ("7f8f7fab-c269-4117-adff-5927d658625a",
	1,
	"1bc03809-ee63-403a-82a7-e5db1acbd8fa",
	"00000000-0000-0000-0000-000000000000",
	5);
INSERT INTO S_EE
	VALUES ("7f8f7fab-c269-4117-adff-5927d658625a",
	'String Utility',
	'@constructor(new:Kae.DomainModel.Csharp.Framework.ExternalEntity.STR.STRImpl,namespace:Kae.DomainModel.Csharp.Framework.ExternalEntity.STR);builtin(true)
',
	'STR',
	"00000000-0000-0000-0000-000000000000",
	'',
	'String Utility',
	1);
INSERT INTO S_BRG
	VALUES ("a2a151fc-9d35-4825-b75b-4a578e854f6a",
	"7f8f7fab-c269-4117-adff-5927d658625a",
	'charindex',
	'',
	0,
	"ba5eda7a-def5-0000-0000-000000000002",
	'',
	1,
	'',
	0);
INSERT INTO S_BPARM
	VALUES ("abaee57d-433e-4642-b889-837d02ccdb8b",
	"a2a151fc-9d35-4825-b75b-4a578e854f6a",
	'expressionToFind',
	"ba5eda7a-def5-0000-0000-000000000004",
	0,
	'',
	"00000000-0000-0000-0000-000000000000",
	'');
INSERT INTO S_BPARM
	VALUES ("e4e2bb02-b964-405c-9bae-b9cb1e43e253",
	"a2a151fc-9d35-4825-b75b-4a578e854f6a",
	'expressionToSearch',
	"ba5eda7a-def5-0000-0000-000000000004",
	0,
	'',
	"abaee57d-433e-4642-b889-837d02ccdb8b",
	'');
INSERT INTO S_BPARM
	VALUES ("227b6638-2582-489d-9d07-67fd0e0f8b45",
	"a2a151fc-9d35-4825-b75b-4a578e854f6a",
	'startLocation',
	"ba5eda7a-def5-0000-0000-000000000002",
	0,
	'',
	"e4e2bb02-b964-405c-9bae-b9cb1e43e253",
	'');
INSERT INTO ACT_BRB
	VALUES ("a3ec406a-c46c-410a-8c07-d2432bb4e147",
	"a2a151fc-9d35-4825-b75b-4a578e854f6a");
INSERT INTO ACT_ACT
	VALUES ("a3ec406a-c46c-410a-8c07-d2432bb4e147",
	'bridge',
	0,
	"9cbf4507-a66f-4be0-822a-e8cf2cfa3082",
	"00000000-0000-0000-0000-000000000000",
	0,
	'String Utility::charindex',
	"00000000-0000-0000-0000-000000000000");
INSERT INTO ACT_BLK
	VALUES ("9cbf4507-a66f-4be0-822a-e8cf2cfa3082",
	0,
	0,
	0,
	'',
	'',
	'',
	0,
	0,
	0,
	0,
	0,
	0,
	0,
	0,
	0,
	0,
	0,
	0,
	0,
	"a3ec406a-c46c-410a-8c07-d2432bb4e147",
	"00000000-0000-0000-0000-000000000000");
INSERT INTO S_BRG
	VALUES ("4af6d9ba-1f6d-414e-b247-39ea45f88ba3",
	"7f8f7fab-c269-4117-adff-5927d658625a",
	'concat',
	'',
	0,
	"ba5eda7a-def5-0000-0000-000000000004",
	'',
	1,
	'',
	0);
INSERT INTO S_BPARM
	VALUES ("bd290e1d-1555-49c5-862e-32934b4bae0a",
	"4af6d9ba-1f6d-414e-b247-39ea45f88ba3",
	'expression1',
	"ba5eda7a-def5-0000-0000-000000000004",
	0,
	'',
	"00000000-0000-0000-0000-000000000000",
	'');
INSERT INTO S_BPARM
	VALUES ("176218ad-d9b1-4b40-bb75-794f5a056cee",
	"4af6d9ba-1f6d-414e-b247-39ea45f88ba3",
	'expression2',
	"ba5eda7a-def5-0000-0000-000000000004",
	0,
	'',
	"bd290e1d-1555-49c5-862e-32934b4bae0a",
	'');
INSERT INTO ACT_BRB
	VALUES ("f7247477-325d-444c-8126-349fb5ca2e39",
	"4af6d9ba-1f6d-414e-b247-39ea45f88ba3");
INSERT INTO ACT_ACT
	VALUES ("f7247477-325d-444c-8126-349fb5ca2e39",
	'bridge',
	0,
	"9907d58a-237a-45c4-bc15-9fbe3ad96c71",
	"00000000-0000-0000-0000-000000000000",
	0,
	'String Utility::concat',
	"00000000-0000-0000-0000-000000000000");
INSERT INTO ACT_BLK
	VALUES ("9907d58a-237a-45c4-bc15-9fbe3ad96c71",
	0,
	0,
	0,
	'',
	'',
	'',
	0,
	0,
	0,
	0,
	0,
	0,
	0,
	0,
	0,
	0,
	0,
	0,
	0,
	"f7247477-325d-444c-8126-349fb5ca2e39",
	"00000000-0000-0000-0000-000000000000");
INSERT INTO S_BRG
	VALUES ("032cbad3-c439-4e17-9cc0-ea41ad106d8e",
	"7f8f7fab-c269-4117-adff-5927d658625a",
	'left',
	'',
	0,
	"ba5eda7a-def5-0000-0000-000000000004",
	'',
	1,
	'',
	0);
INSERT INTO S_BPARM
	VALUES ("c89598db-c755-4940-b163-863e2856313e",
	"032cbad3-c439-4e17-9cc0-ea41ad106d8e",
	'expression',
	"ba5eda7a-def5-0000-0000-000000000004",
	0,
	'',
	"00000000-0000-0000-0000-000000000000",
	'');
INSERT INTO S_BPARM
	VALUES ("e0de8141-32ae-45e0-bd84-76730db45a38",
	"032cbad3-c439-4e17-9cc0-ea41ad106d8e",
	'length',
	"ba5eda7a-def5-0000-0000-000000000002",
	0,
	'',
	"c89598db-c755-4940-b163-863e2856313e",
	'');
INSERT INTO ACT_BRB
	VALUES ("e7ed6124-4fd9-4069-9070-9a636dfe19b8",
	"032cbad3-c439-4e17-9cc0-ea41ad106d8e");
INSERT INTO ACT_ACT
	VALUES ("e7ed6124-4fd9-4069-9070-9a636dfe19b8",
	'bridge',
	0,
	"5ae7bc3e-b9f0-496a-9997-2a903609d26b",
	"00000000-0000-0000-0000-000000000000",
	0,
	'String Utility::left',
	"00000000-0000-0000-0000-000000000000");
INSERT INTO ACT_BLK
	VALUES ("5ae7bc3e-b9f0-496a-9997-2a903609d26b",
	0,
	0,
	0,
	'',
	'',
	'',
	0,
	0,
	0,
	0,
	0,
	0,
	0,
	0,
	0,
	0,
	0,
	0,
	0,
	"e7ed6124-4fd9-4069-9070-9a636dfe19b8",
	"00000000-0000-0000-0000-000000000000");
INSERT INTO S_BRG
	VALUES ("6d12732d-52ac-44be-8d79-9f4fc6f9f3e3",
	"7f8f7fab-c269-4117-adff-5927d658625a",
	'len',
	'',
	0,
	"ba5eda7a-def5-0000-0000-000000000002",
	'',
	1,
	'',
	0);
INSERT INTO S_BPARM
	VALUES ("e060e9df-0dc2-493d-b4f7-cac46c3a43d2",
	"6d12732d-52ac-44be-8d79-9f4fc6f9f3e3",
	'expression',
	"ba5eda7a-def5-0000-0000-000000000004",
	0,
	'',
	"00000000-0000-0000-0000-000000000000",
	'');
INSERT INTO ACT_BRB
	VALUES ("4371dc58-211c-4182-ac98-7b39ff7f3919",
	"6d12732d-52ac-44be-8d79-9f4fc6f9f3e3");
INSERT INTO ACT_ACT
	VALUES ("4371dc58-211c-4182-ac98-7b39ff7f3919",
	'bridge',
	0,
	"ae015cb2-6060-4c93-ba1d-8fecd04cbae2",
	"00000000-0000-0000-0000-000000000000",
	0,
	'String Utility::len',
	"00000000-0000-0000-0000-000000000000");
INSERT INTO ACT_BLK
	VALUES ("ae015cb2-6060-4c93-ba1d-8fecd04cbae2",
	0,
	0,
	0,
	'',
	'',
	'',
	0,
	0,
	0,
	0,
	0,
	0,
	0,
	0,
	0,
	0,
	0,
	0,
	0,
	"4371dc58-211c-4182-ac98-7b39ff7f3919",
	"00000000-0000-0000-0000-000000000000");
INSERT INTO S_BRG
	VALUES ("6e99d6da-4bdc-4c56-a777-046a63fedfb5",
	"7f8f7fab-c269-4117-adff-5927d658625a",
	'lower',
	'',
	0,
	"ba5eda7a-def5-0000-0000-000000000004",
	'',
	1,
	'',
	0);
INSERT INTO S_BPARM
	VALUES ("8aca2284-b728-46f8-8330-491c1732e666",
	"6e99d6da-4bdc-4c56-a777-046a63fedfb5",
	'expression',
	"ba5eda7a-def5-0000-0000-000000000004",
	0,
	'',
	"00000000-0000-0000-0000-000000000000",
	'');
INSERT INTO ACT_BRB
	VALUES ("1f853fd2-c606-4e39-8565-a68f0eb780eb",
	"6e99d6da-4bdc-4c56-a777-046a63fedfb5");
INSERT INTO ACT_ACT
	VALUES ("1f853fd2-c606-4e39-8565-a68f0eb780eb",
	'bridge',
	0,
	"9d37ac89-fc39-471a-b562-5d89eeba9414",
	"00000000-0000-0000-0000-000000000000",
	0,
	'String Utility::lower',
	"00000000-0000-0000-0000-000000000000");
INSERT INTO ACT_BLK
	VALUES ("9d37ac89-fc39-471a-b562-5d89eeba9414",
	0,
	0,
	0,
	'',
	'',
	'',
	0,
	0,
	0,
	0,
	0,
	0,
	0,
	0,
	0,
	0,
	0,
	0,
	0,
	"1f853fd2-c606-4e39-8565-a68f0eb780eb",
	"00000000-0000-0000-0000-000000000000");
INSERT INTO S_BRG
	VALUES ("85d04a6f-b315-44f3-87a9-77c79bca3a4c",
	"7f8f7fab-c269-4117-adff-5927d658625a",
	'ltrim',
	'',
	0,
	"ba5eda7a-def5-0000-0000-000000000004",
	'',
	1,
	'',
	0);
INSERT INTO S_BPARM
	VALUES ("e684b8e0-69d3-4a34-a68b-184bbd8235a9",
	"85d04a6f-b315-44f3-87a9-77c79bca3a4c",
	'expression',
	"ba5eda7a-def5-0000-0000-000000000004",
	0,
	'',
	"00000000-0000-0000-0000-000000000000",
	'');
INSERT INTO ACT_BRB
	VALUES ("eabbec9a-e156-4f27-bd0a-1aab9a93eeec",
	"85d04a6f-b315-44f3-87a9-77c79bca3a4c");
INSERT INTO ACT_ACT
	VALUES ("eabbec9a-e156-4f27-bd0a-1aab9a93eeec",
	'bridge',
	0,
	"9f8f8ef3-795f-4366-833f-47f400751a49",
	"00000000-0000-0000-0000-000000000000",
	0,
	'String Utility::ltrim',
	"00000000-0000-0000-0000-000000000000");
INSERT INTO ACT_BLK
	VALUES ("9f8f8ef3-795f-4366-833f-47f400751a49",
	0,
	0,
	0,
	'',
	'',
	'',
	0,
	0,
	0,
	0,
	0,
	0,
	0,
	0,
	0,
	0,
	0,
	0,
	0,
	"eabbec9a-e156-4f27-bd0a-1aab9a93eeec",
	"00000000-0000-0000-0000-000000000000");
INSERT INTO S_BRG
	VALUES ("99230903-a3a8-480f-b832-61e6e6d47142",
	"7f8f7fab-c269-4117-adff-5927d658625a",
	'match',
	'',
	0,
	"ba5eda7a-def5-0000-0000-000000000004",
	'',
	1,
	'',
	0);
INSERT INTO S_BPARM
	VALUES ("5fe6d7a8-6f94-4fe3-847f-f225acc8e335",
	"99230903-a3a8-480f-b832-61e6e6d47142",
	'pattern',
	"ba5eda7a-def5-0000-0000-000000000004",
	0,
	'',
	"00000000-0000-0000-0000-000000000000",
	'');
INSERT INTO S_BPARM
	VALUES ("5b9ece46-1b68-42d7-9221-fcfa14d3d0de",
	"99230903-a3a8-480f-b832-61e6e6d47142",
	'expression',
	"ba5eda7a-def5-0000-0000-000000000004",
	0,
	'',
	"5fe6d7a8-6f94-4fe3-847f-f225acc8e335",
	'');
INSERT INTO ACT_BRB
	VALUES ("fd12819e-a224-495f-8aff-79faeb5649d9",
	"99230903-a3a8-480f-b832-61e6e6d47142");
INSERT INTO ACT_ACT
	VALUES ("fd12819e-a224-495f-8aff-79faeb5649d9",
	'bridge',
	0,
	"10170d96-ad6d-45db-8535-c2427bd4c0cf",
	"00000000-0000-0000-0000-000000000000",
	0,
	'String Utility::match',
	"00000000-0000-0000-0000-000000000000");
INSERT INTO ACT_BLK
	VALUES ("10170d96-ad6d-45db-8535-c2427bd4c0cf",
	0,
	0,
	0,
	'',
	'',
	'',
	0,
	0,
	0,
	0,
	0,
	0,
	0,
	0,
	0,
	0,
	0,
	0,
	0,
	"fd12819e-a224-495f-8aff-79faeb5649d9",
	"00000000-0000-0000-0000-000000000000");
INSERT INTO S_BRG
	VALUES ("f12bf9c5-0690-4870-9292-eff596d83980",
	"7f8f7fab-c269-4117-adff-5927d658625a",
	'replace',
	'',
	0,
	"ba5eda7a-def5-0000-0000-000000000004",
	'',
	1,
	'',
	0);
INSERT INTO S_BPARM
	VALUES ("c93c5712-3766-4360-af66-700712ccce91",
	"f12bf9c5-0690-4870-9292-eff596d83980",
	'expression',
	"ba5eda7a-def5-0000-0000-000000000004",
	0,
	'',
	"00000000-0000-0000-0000-000000000000",
	'');
INSERT INTO S_BPARM
	VALUES ("8a9db27e-6591-4a6c-b9ab-4cfcf2f01746",
	"f12bf9c5-0690-4870-9292-eff596d83980",
	'pattern',
	"ba5eda7a-def5-0000-0000-000000000004",
	0,
	'',
	"c93c5712-3766-4360-af66-700712ccce91",
	'');
INSERT INTO S_BPARM
	VALUES ("efa66d25-6c2f-4303-b151-84aba2a9e665",
	"f12bf9c5-0690-4870-9292-eff596d83980",
	'replacement',
	"ba5eda7a-def5-0000-0000-000000000004",
	0,
	'',
	"8a9db27e-6591-4a6c-b9ab-4cfcf2f01746",
	'');
INSERT INTO ACT_BRB
	VALUES ("9684ab83-4111-4944-a92a-da3044761f2c",
	"f12bf9c5-0690-4870-9292-eff596d83980");
INSERT INTO ACT_ACT
	VALUES ("9684ab83-4111-4944-a92a-da3044761f2c",
	'bridge',
	0,
	"8b9d9708-1281-4bb1-a56c-7c08ecf5fc01",
	"00000000-0000-0000-0000-000000000000",
	0,
	'String Utility::replace',
	"00000000-0000-0000-0000-000000000000");
INSERT INTO ACT_BLK
	VALUES ("8b9d9708-1281-4bb1-a56c-7c08ecf5fc01",
	0,
	0,
	0,
	'',
	'',
	'',
	0,
	0,
	0,
	0,
	0,
	0,
	0,
	0,
	0,
	0,
	0,
	0,
	0,
	"9684ab83-4111-4944-a92a-da3044761f2c",
	"00000000-0000-0000-0000-000000000000");
INSERT INTO S_BRG
	VALUES ("8c10c69f-3402-410a-bb58-3c3a912e690a",
	"7f8f7fab-c269-4117-adff-5927d658625a",
	'replicate',
	'',
	0,
	"ba5eda7a-def5-0000-0000-000000000004",
	'',
	1,
	'',
	0);
INSERT INTO S_BPARM
	VALUES ("5f63b97c-dd0c-4203-8557-19247bbce694",
	"8c10c69f-3402-410a-bb58-3c3a912e690a",
	'expression',
	"ba5eda7a-def5-0000-0000-000000000004",
	0,
	'',
	"00000000-0000-0000-0000-000000000000",
	'');
INSERT INTO S_BPARM
	VALUES ("8d207a96-96c2-4878-bc5c-3e77296ca4d1",
	"8c10c69f-3402-410a-bb58-3c3a912e690a",
	'round',
	"ba5eda7a-def5-0000-0000-000000000002",
	0,
	'',
	"5f63b97c-dd0c-4203-8557-19247bbce694",
	'');
INSERT INTO ACT_BRB
	VALUES ("89eb6538-7d95-403f-a446-197852224145",
	"8c10c69f-3402-410a-bb58-3c3a912e690a");
INSERT INTO ACT_ACT
	VALUES ("89eb6538-7d95-403f-a446-197852224145",
	'bridge',
	0,
	"5d03580c-21bf-42f3-8eaa-d1b4ec996713",
	"00000000-0000-0000-0000-000000000000",
	0,
	'String Utility::replicate',
	"00000000-0000-0000-0000-000000000000");
INSERT INTO ACT_BLK
	VALUES ("5d03580c-21bf-42f3-8eaa-d1b4ec996713",
	0,
	0,
	0,
	'',
	'',
	'',
	0,
	0,
	0,
	0,
	0,
	0,
	0,
	0,
	0,
	0,
	0,
	0,
	0,
	"89eb6538-7d95-403f-a446-197852224145",
	"00000000-0000-0000-0000-000000000000");
INSERT INTO S_BRG
	VALUES ("d8cf8189-eaf5-416c-946e-1fe6085c48b9",
	"7f8f7fab-c269-4117-adff-5927d658625a",
	'reverse',
	'',
	0,
	"ba5eda7a-def5-0000-0000-000000000004",
	'',
	1,
	'',
	0);
INSERT INTO S_BPARM
	VALUES ("00ff50f5-688b-4864-ae09-a153f9c89f10",
	"d8cf8189-eaf5-416c-946e-1fe6085c48b9",
	'expression',
	"ba5eda7a-def5-0000-0000-000000000004",
	0,
	'',
	"00000000-0000-0000-0000-000000000000",
	'');
INSERT INTO ACT_BRB
	VALUES ("8eeb53e6-44f4-45e6-a165-c44ec5dd9572",
	"d8cf8189-eaf5-416c-946e-1fe6085c48b9");
INSERT INTO ACT_ACT
	VALUES ("8eeb53e6-44f4-45e6-a165-c44ec5dd9572",
	'bridge',
	0,
	"378524fd-85d4-404d-a124-d4a2d6e1d4c8",
	"00000000-0000-0000-0000-000000000000",
	0,
	'String Utility::reverse',
	"00000000-0000-0000-0000-000000000000");
INSERT INTO ACT_BLK
	VALUES ("378524fd-85d4-404d-a124-d4a2d6e1d4c8",
	0,
	0,
	0,
	'',
	'',
	'',
	0,
	0,
	0,
	0,
	0,
	0,
	0,
	0,
	0,
	0,
	0,
	0,
	0,
	"8eeb53e6-44f4-45e6-a165-c44ec5dd9572",
	"00000000-0000-0000-0000-000000000000");
INSERT INTO S_BRG
	VALUES ("af13011e-bfb8-434d-86cb-2d8537945685",
	"7f8f7fab-c269-4117-adff-5927d658625a",
	'right',
	'',
	0,
	"ba5eda7a-def5-0000-0000-000000000004",
	'',
	1,
	'',
	0);
INSERT INTO S_BPARM
	VALUES ("f95c5f41-4c46-4719-abbe-8cfe669791d4",
	"af13011e-bfb8-434d-86cb-2d8537945685",
	'expression',
	"ba5eda7a-def5-0000-0000-000000000004",
	0,
	'',
	"00000000-0000-0000-0000-000000000000",
	'');
INSERT INTO S_BPARM
	VALUES ("efa0e3af-5756-4989-9bb4-04d10258f34b",
	"af13011e-bfb8-434d-86cb-2d8537945685",
	'length',
	"ba5eda7a-def5-0000-0000-000000000002",
	0,
	'',
	"f95c5f41-4c46-4719-abbe-8cfe669791d4",
	'');
INSERT INTO ACT_BRB
	VALUES ("af49f029-60d3-46b0-9601-6b3de462e53c",
	"af13011e-bfb8-434d-86cb-2d8537945685");
INSERT INTO ACT_ACT
	VALUES ("af49f029-60d3-46b0-9601-6b3de462e53c",
	'bridge',
	0,
	"2a903bb8-3186-44c8-9385-78a39f22bb99",
	"00000000-0000-0000-0000-000000000000",
	0,
	'String Utility::right',
	"00000000-0000-0000-0000-000000000000");
INSERT INTO ACT_BLK
	VALUES ("2a903bb8-3186-44c8-9385-78a39f22bb99",
	0,
	0,
	0,
	'',
	'',
	'',
	0,
	0,
	0,
	0,
	0,
	0,
	0,
	0,
	0,
	0,
	0,
	0,
	0,
	"af49f029-60d3-46b0-9601-6b3de462e53c",
	"00000000-0000-0000-0000-000000000000");
INSERT INTO S_BRG
	VALUES ("3e16a2ad-5c30-4698-b8f6-5186d972d840",
	"7f8f7fab-c269-4117-adff-5927d658625a",
	'rtrim',
	'',
	0,
	"ba5eda7a-def5-0000-0000-000000000004",
	'',
	1,
	'',
	0);
INSERT INTO S_BPARM
	VALUES ("3570dd7f-8ff7-45b1-97a3-7e34f14379db",
	"3e16a2ad-5c30-4698-b8f6-5186d972d840",
	'expression',
	"ba5eda7a-def5-0000-0000-000000000004",
	0,
	'',
	"00000000-0000-0000-0000-000000000000",
	'');
INSERT INTO ACT_BRB
	VALUES ("312990e4-8eac-421a-a316-1654c729109b",
	"3e16a2ad-5c30-4698-b8f6-5186d972d840");
INSERT INTO ACT_ACT
	VALUES ("312990e4-8eac-421a-a316-1654c729109b",
	'bridge',
	0,
	"b93f0c5e-fdba-4f84-997e-81f02d9b625f",
	"00000000-0000-0000-0000-000000000000",
	0,
	'String Utility::rtrim',
	"00000000-0000-0000-0000-000000000000");
INSERT INTO ACT_BLK
	VALUES ("b93f0c5e-fdba-4f84-997e-81f02d9b625f",
	0,
	0,
	0,
	'',
	'',
	'',
	0,
	0,
	0,
	0,
	0,
	0,
	0,
	0,
	0,
	0,
	0,
	0,
	0,
	"312990e4-8eac-421a-a316-1654c729109b",
	"00000000-0000-0000-0000-000000000000");
INSERT INTO S_BRG
	VALUES ("7a57c6f0-8387-44a8-b754-8918c6655b60",
	"7f8f7fab-c269-4117-adff-5927d658625a",
	'substring',
	'',
	0,
	"ba5eda7a-def5-0000-0000-000000000004",
	'',
	1,
	'',
	0);
INSERT INTO S_BPARM
	VALUES ("d58078e2-079c-43a3-8635-ac75edacdcf8",
	"7a57c6f0-8387-44a8-b754-8918c6655b60",
	'expression',
	"ba5eda7a-def5-0000-0000-000000000004",
	0,
	'',
	"00000000-0000-0000-0000-000000000000",
	'');
INSERT INTO S_BPARM
	VALUES ("7d1c31b7-4ba7-4941-a024-82f03f68b549",
	"7a57c6f0-8387-44a8-b754-8918c6655b60",
	'start',
	"ba5eda7a-def5-0000-0000-000000000002",
	0,
	'',
	"d58078e2-079c-43a3-8635-ac75edacdcf8",
	'');
INSERT INTO S_BPARM
	VALUES ("7ad44232-cc36-4166-96e0-3bd7995d6c0c",
	"7a57c6f0-8387-44a8-b754-8918c6655b60",
	'length',
	"ba5eda7a-def5-0000-0000-000000000002",
	0,
	'',
	"7d1c31b7-4ba7-4941-a024-82f03f68b549",
	'');
INSERT INTO ACT_BRB
	VALUES ("5335bfae-a14e-4aae-8f4c-cb46573dc259",
	"7a57c6f0-8387-44a8-b754-8918c6655b60");
INSERT INTO ACT_ACT
	VALUES ("5335bfae-a14e-4aae-8f4c-cb46573dc259",
	'bridge',
	0,
	"6d83ba9c-adb8-45ca-a5e7-bf17bd606b04",
	"00000000-0000-0000-0000-000000000000",
	0,
	'String Utility::substring',
	"00000000-0000-0000-0000-000000000000");
INSERT INTO ACT_BLK
	VALUES ("6d83ba9c-adb8-45ca-a5e7-bf17bd606b04",
	0,
	0,
	0,
	'',
	'',
	'',
	0,
	0,
	0,
	0,
	0,
	0,
	0,
	0,
	0,
	0,
	0,
	0,
	0,
	"5335bfae-a14e-4aae-8f4c-cb46573dc259",
	"00000000-0000-0000-0000-000000000000");
INSERT INTO S_BRG
	VALUES ("f267d8ed-b539-44dc-b4df-2d63526437ee",
	"7f8f7fab-c269-4117-adff-5927d658625a",
	'trim',
	'',
	0,
	"ba5eda7a-def5-0000-0000-000000000004",
	'',
	1,
	'',
	0);
INSERT INTO S_BPARM
	VALUES ("3bb8ff7c-33b7-4fad-b7e5-7b4e83644eb5",
	"f267d8ed-b539-44dc-b4df-2d63526437ee",
	'expression',
	"ba5eda7a-def5-0000-0000-000000000004",
	0,
	'',
	"00000000-0000-0000-0000-000000000000",
	'');
INSERT INTO ACT_BRB
	VALUES ("82ee4589-7fa7-461b-9baa-92026b7e8e04",
	"f267d8ed-b539-44dc-b4df-2d63526437ee");
INSERT INTO ACT_ACT
	VALUES ("82ee4589-7fa7-461b-9baa-92026b7e8e04",
	'bridge',
	0,
	"23e9154f-b03b-447a-b563-15f93064c115",
	"00000000-0000-0000-0000-000000000000",
	0,
	'String Utility::trim',
	"00000000-0000-0000-0000-000000000000");
INSERT INTO ACT_BLK
	VALUES ("23e9154f-b03b-447a-b563-15f93064c115",
	0,
	0,
	0,
	'',
	'',
	'',
	0,
	0,
	0,
	0,
	0,
	0,
	0,
	0,
	0,
	0,
	0,
	0,
	0,
	"82ee4589-7fa7-461b-9baa-92026b7e8e04",
	"00000000-0000-0000-0000-000000000000");
INSERT INTO S_BRG
	VALUES ("8f783dfd-4649-4157-bc83-b53741a53653",
	"7f8f7fab-c269-4117-adff-5927d658625a",
	'upper',
	'',
	0,
	"ba5eda7a-def5-0000-0000-000000000004",
	'',
	1,
	'',
	0);
INSERT INTO S_BPARM
	VALUES ("b8508422-e4a8-4fbd-b2e3-7821a2af7bbe",
	"8f783dfd-4649-4157-bc83-b53741a53653",
	'expression',
	"ba5eda7a-def5-0000-0000-000000000004",
	0,
	'',
	"00000000-0000-0000-0000-000000000000",
	'');
INSERT INTO ACT_BRB
	VALUES ("012cb93a-5bb3-4946-86ed-a2496a401aa7",
	"8f783dfd-4649-4157-bc83-b53741a53653");
INSERT INTO ACT_ACT
	VALUES ("012cb93a-5bb3-4946-86ed-a2496a401aa7",
	'bridge',
	0,
	"6adaa977-0890-4fac-a962-c7a6d603b9ab",
	"00000000-0000-0000-0000-000000000000",
	0,
	'String Utility::upper',
	"00000000-0000-0000-0000-000000000000");
INSERT INTO ACT_BLK
	VALUES ("6adaa977-0890-4fac-a962-c7a6d603b9ab",
	0,
	0,
	0,
	'',
	'',
	'',
	0,
	0,
	0,
	0,
	0,
	0,
	0,
	0,
	0,
	0,
	0,
	0,
	0,
	"012cb93a-5bb3-4946-86ed-a2496a401aa7",
	"00000000-0000-0000-0000-000000000000");
INSERT INTO S_BRG
	VALUES ("3c05b463-3e75-4a46-b87d-141e1a8a5104",
	"7f8f7fab-c269-4117-adff-5927d658625a",
	'tobool',
	'',
	0,
	"ba5eda7a-def5-0000-0000-000000000001",
	'',
	1,
	'',
	0);
INSERT INTO S_BPARM
	VALUES ("e14f560c-6fcf-4d15-8098-facbe6b94b70",
	"3c05b463-3e75-4a46-b87d-141e1a8a5104",
	'expression',
	"ba5eda7a-def5-0000-0000-000000000004",
	0,
	'',
	"00000000-0000-0000-0000-000000000000",
	'');
INSERT INTO ACT_BRB
	VALUES ("abb045de-60d5-4d8c-8b0f-fb9cd930f160",
	"3c05b463-3e75-4a46-b87d-141e1a8a5104");
INSERT INTO ACT_ACT
	VALUES ("abb045de-60d5-4d8c-8b0f-fb9cd930f160",
	'bridge',
	0,
	"30bf6b46-b8ba-402e-8f79-6e715ef63f32",
	"00000000-0000-0000-0000-000000000000",
	0,
	'String Utility::tobool',
	"00000000-0000-0000-0000-000000000000");
INSERT INTO ACT_BLK
	VALUES ("30bf6b46-b8ba-402e-8f79-6e715ef63f32",
	0,
	0,
	0,
	'',
	'',
	'',
	0,
	0,
	0,
	0,
	0,
	0,
	0,
	0,
	0,
	0,
	0,
	0,
	0,
	"abb045de-60d5-4d8c-8b0f-fb9cd930f160",
	"00000000-0000-0000-0000-000000000000");
INSERT INTO S_BRG
	VALUES ("8f268bd6-d571-4308-953a-20e1fc5a87f1",
	"7f8f7fab-c269-4117-adff-5927d658625a",
	'tointeger',
	'',
	0,
	"ba5eda7a-def5-0000-0000-000000000002",
	'',
	1,
	'',
	0);
INSERT INTO S_BPARM
	VALUES ("6e9f354c-a296-48ed-8cec-97cbc852f467",
	"8f268bd6-d571-4308-953a-20e1fc5a87f1",
	'expression',
	"ba5eda7a-def5-0000-0000-000000000004",
	0,
	'',
	"00000000-0000-0000-0000-000000000000",
	'');
INSERT INTO ACT_BRB
	VALUES ("887fc02c-4631-4d62-b7fc-e43ce293af6a",
	"8f268bd6-d571-4308-953a-20e1fc5a87f1");
INSERT INTO ACT_ACT
	VALUES ("887fc02c-4631-4d62-b7fc-e43ce293af6a",
	'bridge',
	0,
	"86516e34-0816-4bbb-b90b-310acbf8a8ab",
	"00000000-0000-0000-0000-000000000000",
	0,
	'String Utility::tointeger',
	"00000000-0000-0000-0000-000000000000");
INSERT INTO ACT_BLK
	VALUES ("86516e34-0816-4bbb-b90b-310acbf8a8ab",
	0,
	0,
	0,
	'',
	'',
	'',
	0,
	0,
	0,
	0,
	0,
	0,
	0,
	0,
	0,
	0,
	0,
	0,
	0,
	"887fc02c-4631-4d62-b7fc-e43ce293af6a",
	"00000000-0000-0000-0000-000000000000");
INSERT INTO S_BRG
	VALUES ("e8afbab0-2e0f-429b-ad38-7ea0509c27c9",
	"7f8f7fab-c269-4117-adff-5927d658625a",
	'toreal',
	'',
	0,
	"ba5eda7a-def5-0000-0000-000000000003",
	'',
	1,
	'',
	0);
INSERT INTO S_BPARM
	VALUES ("e28565fe-fd54-4d19-b823-70ed4bbbdac9",
	"e8afbab0-2e0f-429b-ad38-7ea0509c27c9",
	'expression',
	"ba5eda7a-def5-0000-0000-000000000004",
	0,
	'',
	"00000000-0000-0000-0000-000000000000",
	'');
INSERT INTO ACT_BRB
	VALUES ("4591c5f3-0ae7-4d4c-b311-ce1559ca8ca3",
	"e8afbab0-2e0f-429b-ad38-7ea0509c27c9");
INSERT INTO ACT_ACT
	VALUES ("4591c5f3-0ae7-4d4c-b311-ce1559ca8ca3",
	'bridge',
	0,
	"3d079659-8978-4d6e-add4-75fff39f5829",
	"00000000-0000-0000-0000-000000000000",
	0,
	'String Utility::toreal',
	"00000000-0000-0000-0000-000000000000");
INSERT INTO ACT_BLK
	VALUES ("3d079659-8978-4d6e-add4-75fff39f5829",
	0,
	0,
	0,
	'',
	'',
	'',
	0,
	0,
	0,
	0,
	0,
	0,
	0,
	0,
	0,
	0,
	0,
	0,
	0,
	"4591c5f3-0ae7-4d4c-b311-ce1559ca8ca3",
	"00000000-0000-0000-0000-000000000000");
INSERT INTO S_BRG
	VALUES ("ab37ad23-1bb8-49e4-9341-59cc96d1d49c",
	"7f8f7fab-c269-4117-adff-5927d658625a",
	'todate',
	'',
	0,
	"ba5eda7a-def5-0000-0000-00000000000e",
	'',
	1,
	'',
	0);
INSERT INTO S_BPARM
	VALUES ("7b038509-ff8f-445d-83ce-46638c2b5b11",
	"ab37ad23-1bb8-49e4-9341-59cc96d1d49c",
	'expression',
	"ba5eda7a-def5-0000-0000-000000000004",
	0,
	'',
	"00000000-0000-0000-0000-000000000000",
	'');
INSERT INTO ACT_BRB
	VALUES ("a473ace2-f296-4bdb-bbbc-0ca296b9bef6",
	"ab37ad23-1bb8-49e4-9341-59cc96d1d49c");
INSERT INTO ACT_ACT
	VALUES ("a473ace2-f296-4bdb-bbbc-0ca296b9bef6",
	'bridge',
	0,
	"7f965dbe-50b9-4922-a971-31417606684f",
	"00000000-0000-0000-0000-000000000000",
	0,
	'String Utility::todate',
	"00000000-0000-0000-0000-000000000000");
INSERT INTO ACT_BLK
	VALUES ("7f965dbe-50b9-4922-a971-31417606684f",
	0,
	0,
	0,
	'',
	'',
	'',
	0,
	0,
	0,
	0,
	0,
	0,
	0,
	0,
	0,
	0,
	0,
	0,
	0,
	"a473ace2-f296-4bdb-bbbc-0ca296b9bef6",
	"00000000-0000-0000-0000-000000000000");
INSERT INTO S_BRG
	VALUES ("6dc84432-9b67-42a3-8e26-6fed1a825983",
	"7f8f7fab-c269-4117-adff-5927d658625a",
	'frombool',
	'',
	0,
	"ba5eda7a-def5-0000-0000-000000000004",
	'',
	1,
	'',
	0);
INSERT INTO S_BPARM
	VALUES ("a4c636bf-3bed-4afa-a0cf-f869a5483c60",
	"6dc84432-9b67-42a3-8e26-6fed1a825983",
	'value',
	"ba5eda7a-def5-0000-0000-000000000001",
	0,
	'',
	"00000000-0000-0000-0000-000000000000",
	'');
INSERT INTO ACT_BRB
	VALUES ("6abebfde-a5de-4872-a070-ec22993c7629",
	"6dc84432-9b67-42a3-8e26-6fed1a825983");
INSERT INTO ACT_ACT
	VALUES ("6abebfde-a5de-4872-a070-ec22993c7629",
	'bridge',
	0,
	"d5dc5273-dd2a-4e87-b469-ae6590f7b660",
	"00000000-0000-0000-0000-000000000000",
	0,
	'String Utility::frombool',
	"00000000-0000-0000-0000-000000000000");
INSERT INTO ACT_BLK
	VALUES ("d5dc5273-dd2a-4e87-b469-ae6590f7b660",
	0,
	0,
	0,
	'',
	'',
	'',
	0,
	0,
	0,
	0,
	0,
	0,
	0,
	0,
	0,
	0,
	0,
	0,
	0,
	"6abebfde-a5de-4872-a070-ec22993c7629",
	"00000000-0000-0000-0000-000000000000");
INSERT INTO S_BRG
	VALUES ("2979739d-392f-48e2-bbc5-39b310b46e10",
	"7f8f7fab-c269-4117-adff-5927d658625a",
	'frominteger',
	'',
	0,
	"ba5eda7a-def5-0000-0000-000000000004",
	'',
	1,
	'',
	0);
INSERT INTO S_BPARM
	VALUES ("853c20f9-8435-44be-9d84-adc55271fff8",
	"2979739d-392f-48e2-bbc5-39b310b46e10",
	'value',
	"ba5eda7a-def5-0000-0000-000000000002",
	0,
	'',
	"00000000-0000-0000-0000-000000000000",
	'');
INSERT INTO ACT_BRB
	VALUES ("77defa4a-7fb1-49c7-9f77-212dc2cb7990",
	"2979739d-392f-48e2-bbc5-39b310b46e10");
INSERT INTO ACT_ACT
	VALUES ("77defa4a-7fb1-49c7-9f77-212dc2cb7990",
	'bridge',
	0,
	"23a01480-7bb1-44e5-aa8c-aa94c7479d6a",
	"00000000-0000-0000-0000-000000000000",
	0,
	'String Utility::frominteger',
	"00000000-0000-0000-0000-000000000000");
INSERT INTO ACT_BLK
	VALUES ("23a01480-7bb1-44e5-aa8c-aa94c7479d6a",
	0,
	0,
	0,
	'',
	'',
	'',
	0,
	0,
	0,
	0,
	0,
	0,
	0,
	0,
	0,
	0,
	0,
	0,
	0,
	"77defa4a-7fb1-49c7-9f77-212dc2cb7990",
	"00000000-0000-0000-0000-000000000000");
INSERT INTO S_BRG
	VALUES ("8accef45-4259-4169-9cf9-09fb948ab9cb",
	"7f8f7fab-c269-4117-adff-5927d658625a",
	'fromreal',
	'',
	0,
	"ba5eda7a-def5-0000-0000-000000000004",
	'',
	1,
	'',
	0);
INSERT INTO S_BPARM
	VALUES ("3e7938eb-add5-49eb-a1a7-af500e358fbe",
	"8accef45-4259-4169-9cf9-09fb948ab9cb",
	'value',
	"ba5eda7a-def5-0000-0000-000000000003",
	0,
	'',
	"00000000-0000-0000-0000-000000000000",
	'');
INSERT INTO ACT_BRB
	VALUES ("8fff361c-829e-495f-ace5-83f7772247ac",
	"8accef45-4259-4169-9cf9-09fb948ab9cb");
INSERT INTO ACT_ACT
	VALUES ("8fff361c-829e-495f-ace5-83f7772247ac",
	'bridge',
	0,
	"78e0bc3d-54bc-4fe9-bdc1-32d4d9b3b325",
	"00000000-0000-0000-0000-000000000000",
	0,
	'String Utility::fromreal',
	"00000000-0000-0000-0000-000000000000");
INSERT INTO ACT_BLK
	VALUES ("78e0bc3d-54bc-4fe9-bdc1-32d4d9b3b325",
	0,
	0,
	0,
	'',
	'',
	'',
	0,
	0,
	0,
	0,
	0,
	0,
	0,
	0,
	0,
	0,
	0,
	0,
	0,
	"8fff361c-829e-495f-ace5-83f7772247ac",
	"00000000-0000-0000-0000-000000000000");
INSERT INTO S_BRG
	VALUES ("aab377ec-a616-4f4f-91b1-c5372a196462",
	"7f8f7fab-c269-4117-adff-5927d658625a",
	'fromdate',
	'',
	0,
	"ba5eda7a-def5-0000-0000-000000000004",
	'',
	1,
	'',
	0);
INSERT INTO S_BPARM
	VALUES ("c3b21632-f744-49a7-b2bc-8bbe3d6d018c",
	"aab377ec-a616-4f4f-91b1-c5372a196462",
	'value',
	"ba5eda7a-def5-0000-0000-00000000000e",
	0,
	'',
	"00000000-0000-0000-0000-000000000000",
	'');
INSERT INTO ACT_BRB
	VALUES ("34460133-6344-469d-9d99-ea8c651fec32",
	"aab377ec-a616-4f4f-91b1-c5372a196462");
INSERT INTO ACT_ACT
	VALUES ("34460133-6344-469d-9d99-ea8c651fec32",
	'bridge',
	0,
	"6c6f1d6d-7400-4199-8130-97ad11f7db7d",
	"00000000-0000-0000-0000-000000000000",
	0,
	'String Utility::fromdate',
	"00000000-0000-0000-0000-000000000000");
INSERT INTO ACT_BLK
	VALUES ("6c6f1d6d-7400-4199-8130-97ad11f7db7d",
	0,
	0,
	0,
	'',
	'',
	'',
	0,
	0,
	0,
	0,
	0,
	0,
	0,
	0,
	0,
	0,
	0,
	0,
	0,
	"34460133-6344-469d-9d99-ea8c651fec32",
	"00000000-0000-0000-0000-000000000000");
INSERT INTO S_BRG
	VALUES ("51faf565-15b1-4ce6-b044-9db2fed9ad44",
	"7f8f7fab-c269-4117-adff-5927d658625a",
	'newguid',
	'',
	0,
	"ba5eda7a-def5-0000-0000-000000000004",
	'',
	1,
	'',
	0);
INSERT INTO ACT_BRB
	VALUES ("30f4f0c7-19fe-4461-9f4c-072c1f3efef2",
	"51faf565-15b1-4ce6-b044-9db2fed9ad44");
INSERT INTO ACT_ACT
	VALUES ("30f4f0c7-19fe-4461-9f4c-072c1f3efef2",
	'bridge',
	0,
	"f8de19e7-db29-4643-9f65-134659cdbd31",
	"00000000-0000-0000-0000-000000000000",
	0,
	'String Utility::newguid',
	"00000000-0000-0000-0000-000000000000");
INSERT INTO ACT_BLK
	VALUES ("f8de19e7-db29-4643-9f65-134659cdbd31",
	0,
	0,
	0,
	'',
	'',
	'',
	0,
	0,
	0,
	0,
	0,
	0,
	0,
	0,
	0,
	0,
	0,
	0,
	0,
	"30f4f0c7-19fe-4461-9f4c-072c1f3efef2",
	"00000000-0000-0000-0000-000000000000");
INSERT INTO PE_PE
	VALUES ("db4cdfa6-8291-4127-a852-8c38adeced09",
	1,
	"00000000-0000-0000-0000-000000000000",
	"d2fa75dd-1f3e-4293-b239-8a5ea48e4ab4",
	7);
INSERT INTO EP_PKG
	VALUES ("db4cdfa6-8291-4127-a852-8c38adeced09",
	"00000000-0000-0000-0000-000000000000",
	"f9c35d69-d88c-4370-8bf2-12496b4980db",
	'ADTTestModel',
	'',
	0);
INSERT INTO PE_PE
	VALUES ("a4c3cc91-a5c3-4e0f-8ce3-f4a590f331a9",
	1,
	"db4cdfa6-8291-4127-a852-8c38adeced09",
	"00000000-0000-0000-0000-000000000000",
	3);
INSERT INTO S_DT
	VALUES ("a4c3cc91-a5c3-4e0f-8ce3-f4a590f331a9",
	"00000000-0000-0000-0000-000000000000",
	'EnvironmentPhysicalQuantities',
	'',
	'');
INSERT INTO S_SDT
	VALUES ("a4c3cc91-a5c3-4e0f-8ce3-f4a590f331a9");
INSERT INTO S_MBR
	VALUES ("dec9c6a5-b6d6-48c1-8957-1a2534090f50",
	'Temperature',
	'',
	"a4c3cc91-a5c3-4e0f-8ce3-f4a590f331a9",
	"ba5eda7a-def5-0000-0000-000000000003",
	"00000000-0000-0000-0000-000000000000",
	'');
INSERT INTO S_MBR
	VALUES ("87e8006b-6256-402e-b335-a2068b3fed96",
	'Humidity',
	'',
	"a4c3cc91-a5c3-4e0f-8ce3-f4a590f331a9",
	"ba5eda7a-def5-0000-0000-000000000003",
	"dec9c6a5-b6d6-48c1-8957-1a2534090f50",
	'');
INSERT INTO S_MBR
	VALUES ("795291d5-5bfd-4740-a52f-54545c7cb795",
	'AtmosphericPressure',
	'',
	"a4c3cc91-a5c3-4e0f-8ce3-f4a590f331a9",
	"ba5eda7a-def5-0000-0000-000000000003",
	"87e8006b-6256-402e-b335-a2068b3fed96",
	'');
INSERT INTO S_MBR
	VALUES ("c0847bc8-2eee-46b4-9739-97309f45ac86",
	'CO2Concentration',
	'',
	"a4c3cc91-a5c3-4e0f-8ce3-f4a590f331a9",
	"ba5eda7a-def5-0000-0000-000000000003",
	"795291d5-5bfd-4740-a52f-54545c7cb795",
	'');
INSERT INTO S_MBR
	VALUES ("77adafe9-ae0f-43b7-8015-8a52e6c886e5",
	'Brightness',
	'',
	"a4c3cc91-a5c3-4e0f-8ce3-f4a590f331a9",
	"ba5eda7a-def5-0000-0000-000000000003",
	"c0847bc8-2eee-46b4-9739-97309f45ac86",
	'');
INSERT INTO S_MBR
	VALUES ("ab3957b9-6070-4a9d-9533-d933210aaa0e",
	'Timestamp',
	'',
	"a4c3cc91-a5c3-4e0f-8ce3-f4a590f331a9",
	"ba5eda7a-def5-0000-0000-000000000010",
	"77adafe9-ae0f-43b7-8015-8a52e6c886e5",
	'');
INSERT INTO PE_PE
	VALUES ("9801dccd-8288-4d28-a30b-8f78e45c7277",
	1,
	"db4cdfa6-8291-4127-a852-8c38adeced09",
	"00000000-0000-0000-0000-000000000000",
	4);
INSERT INTO O_OBJ
	VALUES ("9801dccd-8288-4d28-a30b-8f78e45c7277",
	'Order of Device',
	4,
	'OOD',
	'',
	"00000000-0000-0000-0000-000000000000");
INSERT INTO O_NBATTR
	VALUES ("c1772612-e82f-45f7-b30f-a173a7372515",
	"9801dccd-8288-4d28-a30b-8f78e45c7277");
INSERT INTO O_BATTR
	VALUES ("c1772612-e82f-45f7-b30f-a173a7372515",
	"9801dccd-8288-4d28-a30b-8f78e45c7277");
INSERT INTO O_ATTR
	VALUES ("c1772612-e82f-45f7-b30f-a173a7372515",
	"9801dccd-8288-4d28-a30b-8f78e45c7277",
	"00000000-0000-0000-0000-000000000000",
	'OodId',
	'',
	'',
	'OodId',
	0,
	"ba5eda7a-def5-0000-0000-000000000005",
	'',
	'');
INSERT INTO O_REF
	VALUES ("9801dccd-8288-4d28-a30b-8f78e45c7277",
	"6938f8d7-0f9f-4032-9df0-e37f086ea344",
	0,
	"7b2b0dc2-de98-4547-9fdd-d10b3ddccde8",
	"7fec4e25-fe8e-4747-845f-ae71d283b0be",
	"608bcc3f-c195-4ef4-b69a-be4b9f7df0d2",
	"80402c02-08b9-46d1-ab1e-167dde0d766a",
	"ac69f215-e059-4109-982a-c3cb36ba0785",
	"4bf16045-62de-4992-a113-2dc632d2b294",
	"00000000-0000-0000-0000-000000000000",
	0,
	'',
	'Lief Device',
	'LiefDeviceId',
	'R3.''right''');
INSERT INTO O_RATTR
	VALUES ("ac69f215-e059-4109-982a-c3cb36ba0785",
	"9801dccd-8288-4d28-a30b-8f78e45c7277",
	"7b2b0dc2-de98-4547-9fdd-d10b3ddccde8",
	"6938f8d7-0f9f-4032-9df0-e37f086ea344",
	1,
	'LiefDeviceId');
INSERT INTO O_ATTR
	VALUES ("ac69f215-e059-4109-982a-c3cb36ba0785",
	"9801dccd-8288-4d28-a30b-8f78e45c7277",
	"c1772612-e82f-45f7-b30f-a173a7372515",
	'left_LiefDeviceId',
	'',
	'left_',
	'LiefDeviceId',
	1,
	"ba5eda7a-def5-0000-0000-000000000007",
	'',
	'');
INSERT INTO O_REF
	VALUES ("9801dccd-8288-4d28-a30b-8f78e45c7277",
	"6938f8d7-0f9f-4032-9df0-e37f086ea344",
	0,
	"7b2b0dc2-de98-4547-9fdd-d10b3ddccde8",
	"7fec4e25-fe8e-4747-845f-ae71d283b0be",
	"608bcc3f-c195-4ef4-b69a-be4b9f7df0d2",
	"15f1bec3-1243-4e1a-b424-7579ba2caa7e",
	"3efd3e08-e606-4664-b67f-5232b164d6bc",
	"c789567a-b648-45f6-b8fc-d8a8657b200d",
	"00000000-0000-0000-0000-000000000000",
	0,
	'',
	'Lief Device',
	'LiefDeviceId',
	'R3.''left''');
INSERT INTO O_RATTR
	VALUES ("3efd3e08-e606-4664-b67f-5232b164d6bc",
	"9801dccd-8288-4d28-a30b-8f78e45c7277",
	"7b2b0dc2-de98-4547-9fdd-d10b3ddccde8",
	"6938f8d7-0f9f-4032-9df0-e37f086ea344",
	1,
	'LiefDeviceId');
INSERT INTO O_ATTR
	VALUES ("3efd3e08-e606-4664-b67f-5232b164d6bc",
	"9801dccd-8288-4d28-a30b-8f78e45c7277",
	"ac69f215-e059-4109-982a-c3cb36ba0785",
	'right_LiefDeviceId',
	'',
	'right_',
	'LiefDeviceId',
	1,
	"ba5eda7a-def5-0000-0000-000000000007",
	'',
	'');
INSERT INTO O_ID
	VALUES (0,
	"9801dccd-8288-4d28-a30b-8f78e45c7277");
INSERT INTO O_OIDA
	VALUES ("c1772612-e82f-45f7-b30f-a173a7372515",
	"9801dccd-8288-4d28-a30b-8f78e45c7277",
	0,
	'OodId');
INSERT INTO O_ID
	VALUES (1,
	"9801dccd-8288-4d28-a30b-8f78e45c7277");
INSERT INTO O_OIDA
	VALUES ("ac69f215-e059-4109-982a-c3cb36ba0785",
	"9801dccd-8288-4d28-a30b-8f78e45c7277",
	1,
	'left_LiefDeviceId');
INSERT INTO O_OIDA
	VALUES ("3efd3e08-e606-4664-b67f-5232b164d6bc",
	"9801dccd-8288-4d28-a30b-8f78e45c7277",
	1,
	'right_LiefDeviceId');
INSERT INTO O_ID
	VALUES (2,
	"9801dccd-8288-4d28-a30b-8f78e45c7277");
INSERT INTO PE_PE
	VALUES ("d89ac8be-4b14-422d-9b1e-3b316c7ec103",
	1,
	"db4cdfa6-8291-4127-a852-8c38adeced09",
	"00000000-0000-0000-0000-000000000000",
	4);
INSERT INTO O_OBJ
	VALUES ("d89ac8be-4b14-422d-9b1e-3b316c7ec103",
	'TestSuper',
	5,
	'TS',
	'',
	"00000000-0000-0000-0000-000000000000");
INSERT INTO O_NBATTR
	VALUES ("c8896bbf-ec47-4637-b7ab-a591c8aa0fea",
	"d89ac8be-4b14-422d-9b1e-3b316c7ec103");
INSERT INTO O_BATTR
	VALUES ("c8896bbf-ec47-4637-b7ab-a591c8aa0fea",
	"d89ac8be-4b14-422d-9b1e-3b316c7ec103");
INSERT INTO O_ATTR
	VALUES ("c8896bbf-ec47-4637-b7ab-a591c8aa0fea",
	"d89ac8be-4b14-422d-9b1e-3b316c7ec103",
	"00000000-0000-0000-0000-000000000000",
	'TSId',
	'',
	'',
	'TSId',
	0,
	"ba5eda7a-def5-0000-0000-000000000005",
	'',
	'');
INSERT INTO O_ID
	VALUES (0,
	"d89ac8be-4b14-422d-9b1e-3b316c7ec103");
INSERT INTO O_OIDA
	VALUES ("c8896bbf-ec47-4637-b7ab-a591c8aa0fea",
	"d89ac8be-4b14-422d-9b1e-3b316c7ec103",
	0,
	'TSId');
INSERT INTO O_ID
	VALUES (1,
	"d89ac8be-4b14-422d-9b1e-3b316c7ec103");
INSERT INTO O_ID
	VALUES (2,
	"d89ac8be-4b14-422d-9b1e-3b316c7ec103");
INSERT INTO PE_PE
	VALUES ("259f4456-9ac2-41c5-add3-a05dd80d0c57",
	1,
	"db4cdfa6-8291-4127-a852-8c38adeced09",
	"00000000-0000-0000-0000-000000000000",
	4);
INSERT INTO O_OBJ
	VALUES ("259f4456-9ac2-41c5-add3-a05dd80d0c57",
	'Top Entity',
	1,
	'TE',
	'',
	"00000000-0000-0000-0000-000000000000");
INSERT INTO O_TFR
	VALUES ("067f55f5-39a6-48a1-becc-6800b7ae181f",
	"259f4456-9ac2-41c5-add3-a05dd80d0c57",
	'GetNumberOfLiefDevices',
	'',
	"ba5eda7a-def5-0000-0000-000000000002",
	1,
	'numOfLD = 0;
SELECT MANY mdSet RELATED BY SELF->ME[R1.''child''];
FOR EACH md IN mdSet
	SELECT MANY ldSet RELATED BY md->LD[R2.''measurement''];
	numOfLD = numOfLD + CARDINALITY ldSet;
END FOR;
RETURN numOfLD;',
	1,
	'',
	"00000000-0000-0000-0000-000000000000",
	0,
	1);
INSERT INTO ACT_OPB
	VALUES ("a9c2ad49-6e2d-478e-b245-ad6ce189efe8",
	"067f55f5-39a6-48a1-becc-6800b7ae181f");
INSERT INTO ACT_ACT
	VALUES ("a9c2ad49-6e2d-478e-b245-ad6ce189efe8",
	'operation',
	0,
	"8172ae43-230f-4c0f-8ac4-306e319d3b50",
	"00000000-0000-0000-0000-000000000000",
	0,
	'Top Entity::GetNumberOfLiefDevices',
	"00000000-0000-0000-0000-000000000000");
INSERT INTO ACT_BLK
	VALUES ("8172ae43-230f-4c0f-8ac4-306e319d3b50",
	1,
	0,
	0,
	'',
	'',
	'',
	7,
	1,
	2,
	36,
	0,
	0,
	2,
	39,
	2,
	42,
	0,
	0,
	0,
	"a9c2ad49-6e2d-478e-b245-ad6ce189efe8",
	"00000000-0000-0000-0000-000000000000");
INSERT INTO ACT_SMT
	VALUES ("5110e30e-68d7-48c4-8b7b-48cc4d3dab1a",
	"8172ae43-230f-4c0f-8ac4-306e319d3b50",
	"1f53e441-259c-4903-8cca-49ec0edacaa3",
	1,
	1,
	'Top Entity::GetNumberOfLiefDevices line: 1');
INSERT INTO ACT_AI
	VALUES ("5110e30e-68d7-48c4-8b7b-48cc4d3dab1a",
	"550f9ea9-2977-4841-8289-393fd231302a",
	"d713a2df-bb0a-4435-9afb-fd293ccc756a",
	0,
	0);
INSERT INTO ACT_SMT
	VALUES ("1f53e441-259c-4903-8cca-49ec0edacaa3",
	"8172ae43-230f-4c0f-8ac4-306e319d3b50",
	"0ca2bf3c-47dd-4d54-9912-bd28ed2b29e8",
	2,
	1,
	'Top Entity::GetNumberOfLiefDevices line: 2');
INSERT INTO ACT_SEL
	VALUES ("1f53e441-259c-4903-8cca-49ec0edacaa3",
	"b082f08f-f05a-48aa-bd85-639a599e34a6",
	1,
	'many',
	"e64fc0ea-d36d-4496-845f-d0ae5bcccdaa");
INSERT INTO ACT_SR
	VALUES ("1f53e441-259c-4903-8cca-49ec0edacaa3");
INSERT INTO ACT_LNK
	VALUES ("acda580d-5681-49c9-aaf7-0b59fa937452",
	'''child''',
	"1f53e441-259c-4903-8cca-49ec0edacaa3",
	"8e1cea38-b096-4259-8672-caf261f34182",
	"00000000-0000-0000-0000-000000000000",
	2,
	"b9d246e2-2ced-4679-9c21-c885d2a20b6e",
	2,
	36,
	2,
	39,
	2,
	42);
INSERT INTO ACT_SMT
	VALUES ("0ca2bf3c-47dd-4d54-9912-bd28ed2b29e8",
	"8172ae43-230f-4c0f-8ac4-306e319d3b50",
	"c8d718eb-808c-4cd9-863a-cacb28d47c7c",
	3,
	1,
	'Top Entity::GetNumberOfLiefDevices line: 3');
INSERT INTO ACT_FOR
	VALUES ("0ca2bf3c-47dd-4d54-9912-bd28ed2b29e8",
	"b0875201-7084-4d87-95bb-770c77c6578b",
	1,
	"123bdb81-6a95-4666-a974-1a4006b50321",
	"b082f08f-f05a-48aa-bd85-639a599e34a6",
	"b9d246e2-2ced-4679-9c21-c885d2a20b6e");
INSERT INTO ACT_SMT
	VALUES ("c8d718eb-808c-4cd9-863a-cacb28d47c7c",
	"8172ae43-230f-4c0f-8ac4-306e319d3b50",
	"00000000-0000-0000-0000-000000000000",
	7,
	1,
	'Top Entity::GetNumberOfLiefDevices line: 7');
INSERT INTO ACT_RET
	VALUES ("c8d718eb-808c-4cd9-863a-cacb28d47c7c",
	"ead6de44-c35e-45cd-be8e-369d2bf8459e");
INSERT INTO V_VAL
	VALUES ("d713a2df-bb0a-4435-9afb-fd293ccc756a",
	1,
	1,
	1,
	1,
	7,
	0,
	0,
	0,
	0,
	"ba5eda7a-def5-0000-0000-000000000002",
	"8172ae43-230f-4c0f-8ac4-306e319d3b50");
INSERT INTO V_TVL
	VALUES ("d713a2df-bb0a-4435-9afb-fd293ccc756a",
	"7b065ed5-1745-4e99-be8d-62750efb2c13");
INSERT INTO V_VAL
	VALUES ("550f9ea9-2977-4841-8289-393fd231302a",
	0,
	0,
	1,
	11,
	11,
	0,
	0,
	0,
	0,
	"ba5eda7a-def5-0000-0000-000000000002",
	"8172ae43-230f-4c0f-8ac4-306e319d3b50");
INSERT INTO V_LIN
	VALUES ("550f9ea9-2977-4841-8289-393fd231302a",
	'0');
INSERT INTO V_VAL
	VALUES ("e64fc0ea-d36d-4496-845f-d0ae5bcccdaa",
	0,
	0,
	2,
	30,
	33,
	0,
	0,
	0,
	0,
	"ba5eda7a-def5-0000-0000-000000000008",
	"8172ae43-230f-4c0f-8ac4-306e319d3b50");
INSERT INTO V_IRF
	VALUES ("e64fc0ea-d36d-4496-845f-d0ae5bcccdaa",
	"692a9d88-bf1d-4e1c-a5b0-4e173f0272dc");
INSERT INTO V_VAL
	VALUES ("ead6de44-c35e-45cd-be8e-369d2bf8459e",
	0,
	0,
	7,
	8,
	14,
	0,
	0,
	0,
	0,
	"ba5eda7a-def5-0000-0000-000000000002",
	"8172ae43-230f-4c0f-8ac4-306e319d3b50");
INSERT INTO V_TVL
	VALUES ("ead6de44-c35e-45cd-be8e-369d2bf8459e",
	"7b065ed5-1745-4e99-be8d-62750efb2c13");
INSERT INTO V_VAR
	VALUES ("7b065ed5-1745-4e99-be8d-62750efb2c13",
	"8172ae43-230f-4c0f-8ac4-306e319d3b50",
	'numOfLD',
	1,
	"ba5eda7a-def5-0000-0000-000000000002");
INSERT INTO V_TRN
	VALUES ("7b065ed5-1745-4e99-be8d-62750efb2c13",
	"00000000-0000-0000-0000-000000000000",
	'');
INSERT INTO V_VAR
	VALUES ("b082f08f-f05a-48aa-bd85-639a599e34a6",
	"8172ae43-230f-4c0f-8ac4-306e319d3b50",
	'mdSet',
	1,
	"ba5eda7a-def5-0000-0000-000000000009");
INSERT INTO V_INS
	VALUES ("b082f08f-f05a-48aa-bd85-639a599e34a6",
	"b9d246e2-2ced-4679-9c21-c885d2a20b6e");
INSERT INTO V_VAR
	VALUES ("692a9d88-bf1d-4e1c-a5b0-4e173f0272dc",
	"8172ae43-230f-4c0f-8ac4-306e319d3b50",
	'SELF',
	1,
	"ba5eda7a-def5-0000-0000-000000000008");
INSERT INTO V_INT
	VALUES ("692a9d88-bf1d-4e1c-a5b0-4e173f0272dc",
	0,
	"259f4456-9ac2-41c5-add3-a05dd80d0c57");
INSERT INTO V_VAR
	VALUES ("123bdb81-6a95-4666-a974-1a4006b50321",
	"8172ae43-230f-4c0f-8ac4-306e319d3b50",
	'md',
	1,
	"ba5eda7a-def5-0000-0000-000000000008");
INSERT INTO V_INT
	VALUES ("123bdb81-6a95-4666-a974-1a4006b50321",
	1,
	"b9d246e2-2ced-4679-9c21-c885d2a20b6e");
INSERT INTO ACT_BLK
	VALUES ("b0875201-7084-4d87-95bb-770c77c6578b",
	1,
	0,
	0,
	'',
	'',
	'',
	5,
	2,
	4,
	35,
	0,
	0,
	4,
	38,
	4,
	41,
	0,
	0,
	0,
	"a9c2ad49-6e2d-478e-b245-ad6ce189efe8",
	"00000000-0000-0000-0000-000000000000");
INSERT INTO ACT_SMT
	VALUES ("9fea06cb-61d4-4134-8341-15554aeb86d6",
	"b0875201-7084-4d87-95bb-770c77c6578b",
	"6d22171a-ad44-4f05-8df0-a7716d30fb57",
	4,
	2,
	'Top Entity::GetNumberOfLiefDevices line: 4');
INSERT INTO ACT_SEL
	VALUES ("9fea06cb-61d4-4134-8341-15554aeb86d6",
	"9b213f36-ae0a-4a55-8431-04ee482405bd",
	1,
	'many',
	"3dd56980-f2ef-4c92-85c7-856603dcfc60");
INSERT INTO ACT_SR
	VALUES ("9fea06cb-61d4-4134-8341-15554aeb86d6");
INSERT INTO ACT_LNK
	VALUES ("bd78f199-24bd-4c69-a489-550fbcae2f26",
	'''measurement''',
	"9fea06cb-61d4-4134-8341-15554aeb86d6",
	"ef598959-eb6f-4b6f-b66d-c43035833a57",
	"00000000-0000-0000-0000-000000000000",
	2,
	"6938f8d7-0f9f-4032-9df0-e37f086ea344",
	4,
	35,
	4,
	38,
	4,
	41);
INSERT INTO ACT_SMT
	VALUES ("6d22171a-ad44-4f05-8df0-a7716d30fb57",
	"b0875201-7084-4d87-95bb-770c77c6578b",
	"00000000-0000-0000-0000-000000000000",
	5,
	2,
	'Top Entity::GetNumberOfLiefDevices line: 5');
INSERT INTO ACT_AI
	VALUES ("6d22171a-ad44-4f05-8df0-a7716d30fb57",
	"d055fa67-0b94-4f32-9ed7-083d04441fde",
	"31898123-7852-4ef1-942f-d4810ccbd538",
	0,
	0);
INSERT INTO V_VAL
	VALUES ("3dd56980-f2ef-4c92-85c7-856603dcfc60",
	0,
	0,
	4,
	31,
	32,
	0,
	0,
	0,
	0,
	"ba5eda7a-def5-0000-0000-000000000008",
	"b0875201-7084-4d87-95bb-770c77c6578b");
INSERT INTO V_IRF
	VALUES ("3dd56980-f2ef-4c92-85c7-856603dcfc60",
	"123bdb81-6a95-4666-a974-1a4006b50321");
INSERT INTO V_VAL
	VALUES ("31898123-7852-4ef1-942f-d4810ccbd538",
	1,
	0,
	5,
	2,
	8,
	0,
	0,
	0,
	0,
	"ba5eda7a-def5-0000-0000-000000000002",
	"b0875201-7084-4d87-95bb-770c77c6578b");
INSERT INTO V_TVL
	VALUES ("31898123-7852-4ef1-942f-d4810ccbd538",
	"7b065ed5-1745-4e99-be8d-62750efb2c13");
INSERT INTO V_VAL
	VALUES ("2f0a55bc-6b88-4ec8-b128-db1892244aaa",
	0,
	0,
	5,
	12,
	18,
	0,
	0,
	0,
	0,
	"ba5eda7a-def5-0000-0000-000000000002",
	"b0875201-7084-4d87-95bb-770c77c6578b");
INSERT INTO V_TVL
	VALUES ("2f0a55bc-6b88-4ec8-b128-db1892244aaa",
	"7b065ed5-1745-4e99-be8d-62750efb2c13");
INSERT INTO V_VAL
	VALUES ("d055fa67-0b94-4f32-9ed7-083d04441fde",
	0,
	0,
	5,
	12,
	-1,
	0,
	0,
	0,
	0,
	"ba5eda7a-def5-0000-0000-000000000002",
	"b0875201-7084-4d87-95bb-770c77c6578b");
INSERT INTO V_BIN
	VALUES ("d055fa67-0b94-4f32-9ed7-083d04441fde",
	"b3eec225-e19a-48e6-bccc-6bbeca3eef18",
	"2f0a55bc-6b88-4ec8-b128-db1892244aaa",
	'+');
INSERT INTO V_VAL
	VALUES ("10ceef5e-2068-4c49-b689-8ac30a6e8560",
	0,
	0,
	5,
	34,
	38,
	0,
	0,
	0,
	0,
	"ba5eda7a-def5-0000-0000-000000000009",
	"b0875201-7084-4d87-95bb-770c77c6578b");
INSERT INTO V_ISR
	VALUES ("10ceef5e-2068-4c49-b689-8ac30a6e8560",
	"9b213f36-ae0a-4a55-8431-04ee482405bd");
INSERT INTO V_VAL
	VALUES ("b3eec225-e19a-48e6-bccc-6bbeca3eef18",
	0,
	0,
	-1,
	-1,
	-1,
	0,
	0,
	0,
	0,
	"ba5eda7a-def5-0000-0000-000000000002",
	"b0875201-7084-4d87-95bb-770c77c6578b");
INSERT INTO V_UNY
	VALUES ("b3eec225-e19a-48e6-bccc-6bbeca3eef18",
	"10ceef5e-2068-4c49-b689-8ac30a6e8560",
	'cardinality');
INSERT INTO V_VAR
	VALUES ("9b213f36-ae0a-4a55-8431-04ee482405bd",
	"b0875201-7084-4d87-95bb-770c77c6578b",
	'ldSet',
	1,
	"ba5eda7a-def5-0000-0000-000000000009");
INSERT INTO V_INS
	VALUES ("9b213f36-ae0a-4a55-8431-04ee482405bd",
	"6938f8d7-0f9f-4032-9df0-e37f086ea344");
INSERT INTO O_NBATTR
	VALUES ("9f3e9730-2ac9-426c-9ce5-1e9ca4c32233",
	"259f4456-9ac2-41c5-add3-a05dd80d0c57");
INSERT INTO O_BATTR
	VALUES ("9f3e9730-2ac9-426c-9ce5-1e9ca4c32233",
	"259f4456-9ac2-41c5-add3-a05dd80d0c57");
INSERT INTO O_ATTR
	VALUES ("9f3e9730-2ac9-426c-9ce5-1e9ca4c32233",
	"259f4456-9ac2-41c5-add3-a05dd80d0c57",
	"00000000-0000-0000-0000-000000000000",
	'TopEntityId',
	'',
	'',
	'TopEntityId',
	0,
	"ba5eda7a-def5-0000-0000-000000000005",
	'',
	'');
INSERT INTO O_NBATTR
	VALUES ("1c471b3a-b15a-4151-9899-0888aa0f5395",
	"259f4456-9ac2-41c5-add3-a05dd80d0c57");
INSERT INTO O_BATTR
	VALUES ("1c471b3a-b15a-4151-9899-0888aa0f5395",
	"259f4456-9ac2-41c5-add3-a05dd80d0c57");
INSERT INTO O_ATTR
	VALUES ("1c471b3a-b15a-4151-9899-0888aa0f5395",
	"259f4456-9ac2-41c5-add3-a05dd80d0c57",
	"9f3e9730-2ac9-426c-9ce5-1e9ca4c32233",
	'X',
	'',
	'',
	'X',
	0,
	"ba5eda7a-def5-0000-0000-000000000002",
	'',
	'');
INSERT INTO O_NBATTR
	VALUES ("b5f6fdbe-98e5-4d30-b40b-0447a4f42ec1",
	"259f4456-9ac2-41c5-add3-a05dd80d0c57");
INSERT INTO O_BATTR
	VALUES ("b5f6fdbe-98e5-4d30-b40b-0447a4f42ec1",
	"259f4456-9ac2-41c5-add3-a05dd80d0c57");
INSERT INTO O_ATTR
	VALUES ("b5f6fdbe-98e5-4d30-b40b-0447a4f42ec1",
	"259f4456-9ac2-41c5-add3-a05dd80d0c57",
	"1c471b3a-b15a-4151-9899-0888aa0f5395",
	'S',
	'',
	'',
	'S',
	0,
	"ba5eda7a-def5-0000-0000-000000000004",
	'',
	'');
INSERT INTO O_NBATTR
	VALUES ("6b2e1814-ee29-4910-96c6-cd32df50fef3",
	"259f4456-9ac2-41c5-add3-a05dd80d0c57");
INSERT INTO O_BATTR
	VALUES ("6b2e1814-ee29-4910-96c6-cd32df50fef3",
	"259f4456-9ac2-41c5-add3-a05dd80d0c57");
INSERT INTO O_ATTR
	VALUES ("6b2e1814-ee29-4910-96c6-cd32df50fef3",
	"259f4456-9ac2-41c5-add3-a05dd80d0c57",
	"b5f6fdbe-98e5-4d30-b40b-0447a4f42ec1",
	'TestInterval',
	'',
	'',
	'TestInterval',
	0,
	"ba5eda7a-def5-0000-0000-000000000002",
	'',
	'');
INSERT INTO O_ID
	VALUES (0,
	"259f4456-9ac2-41c5-add3-a05dd80d0c57");
INSERT INTO O_OIDA
	VALUES ("9f3e9730-2ac9-426c-9ce5-1e9ca4c32233",
	"259f4456-9ac2-41c5-add3-a05dd80d0c57",
	0,
	'TopEntityId');
INSERT INTO O_ID
	VALUES (1,
	"259f4456-9ac2-41c5-add3-a05dd80d0c57");
INSERT INTO O_ID
	VALUES (2,
	"259f4456-9ac2-41c5-add3-a05dd80d0c57");
INSERT INTO PE_PE
	VALUES ("bd45686d-212e-4031-8c4b-279c00376c1c",
	1,
	"db4cdfa6-8291-4127-a852-8c38adeced09",
	"00000000-0000-0000-0000-000000000000",
	4);
INSERT INTO O_OBJ
	VALUES ("bd45686d-212e-4031-8c4b-279c00376c1c",
	'Worker',
	9,
	'W',
	'',
	"00000000-0000-0000-0000-000000000000");
INSERT INTO O_NBATTR
	VALUES ("0d62f940-9713-44fd-9b4c-af94c14e806c",
	"bd45686d-212e-4031-8c4b-279c00376c1c");
INSERT INTO O_BATTR
	VALUES ("0d62f940-9713-44fd-9b4c-af94c14e806c",
	"bd45686d-212e-4031-8c4b-279c00376c1c");
INSERT INTO O_ATTR
	VALUES ("0d62f940-9713-44fd-9b4c-af94c14e806c",
	"bd45686d-212e-4031-8c4b-279c00376c1c",
	"00000000-0000-0000-0000-000000000000",
	'WId',
	'',
	'',
	'WId',
	0,
	"ba5eda7a-def5-0000-0000-000000000005",
	'',
	'');
INSERT INTO O_NBATTR
	VALUES ("1962f7b6-cef1-45d2-a93f-fb8e9b1c8e37",
	"bd45686d-212e-4031-8c4b-279c00376c1c");
INSERT INTO O_BATTR
	VALUES ("1962f7b6-cef1-45d2-a93f-fb8e9b1c8e37",
	"bd45686d-212e-4031-8c4b-279c00376c1c");
INSERT INTO O_ATTR
	VALUES ("1962f7b6-cef1-45d2-a93f-fb8e9b1c8e37",
	"bd45686d-212e-4031-8c4b-279c00376c1c",
	"0d62f940-9713-44fd-9b4c-af94c14e806c",
	'current_state',
	'',
	'',
	'current_state',
	0,
	"ba5eda7a-def5-0000-0000-000000000006",
	'',
	'');
INSERT INTO O_REF
	VALUES ("bd45686d-212e-4031-8c4b-279c00376c1c",
	"6938f8d7-0f9f-4032-9df0-e37f086ea344",
	0,
	"7b2b0dc2-de98-4547-9fdd-d10b3ddccde8",
	"c84473da-c9ef-4725-9a81-f7d2146d22c5",
	"8566d2c4-bbad-4c92-ba95-97d5778657e2",
	"cdfd5870-c4de-426e-a05f-7a33f6916087",
	"3afb350c-9d88-42a1-9fd6-62f75606dc35",
	"004051ac-53eb-4d44-9c7e-2c76bfc5ca4b",
	"00000000-0000-0000-0000-000000000000",
	0,
	'',
	'Lief Device',
	'LiefDeviceId',
	'R6.''target''');
INSERT INTO O_RATTR
	VALUES ("3afb350c-9d88-42a1-9fd6-62f75606dc35",
	"bd45686d-212e-4031-8c4b-279c00376c1c",
	"7b2b0dc2-de98-4547-9fdd-d10b3ddccde8",
	"6938f8d7-0f9f-4032-9df0-e37f086ea344",
	1,
	'LiefDeviceId');
INSERT INTO O_ATTR
	VALUES ("3afb350c-9d88-42a1-9fd6-62f75606dc35",
	"bd45686d-212e-4031-8c4b-279c00376c1c",
	"1962f7b6-cef1-45d2-a93f-fb8e9b1c8e37",
	'LiefDeviceId',
	'',
	'',
	'LiefDeviceId',
	0,
	"ba5eda7a-def5-0000-0000-000000000007",
	'',
	'');
INSERT INTO O_ID
	VALUES (0,
	"bd45686d-212e-4031-8c4b-279c00376c1c");
INSERT INTO O_OIDA
	VALUES ("0d62f940-9713-44fd-9b4c-af94c14e806c",
	"bd45686d-212e-4031-8c4b-279c00376c1c",
	0,
	'WId');
INSERT INTO O_ID
	VALUES (1,
	"bd45686d-212e-4031-8c4b-279c00376c1c");
INSERT INTO O_ID
	VALUES (2,
	"bd45686d-212e-4031-8c4b-279c00376c1c");
INSERT INTO SM_ISM
	VALUES ("bf8278f4-67a7-4568-8bb3-57e31c6d9634",
	"bd45686d-212e-4031-8c4b-279c00376c1c");
INSERT INTO SM_SM
	VALUES ("bf8278f4-67a7-4568-8bb3-57e31c6d9634",
	'',
	0);
INSERT INTO SM_MOORE
	VALUES ("bf8278f4-67a7-4568-8bb3-57e31c6d9634");
INSERT INTO SM_EVTDI
	VALUES ("d1f64b05-2bd2-4422-a7c6-acead7a94b0d",
	"bf8278f4-67a7-4568-8bb3-57e31c6d9634",
	'targetId',
	'',
	"ba5eda7a-def5-0000-0000-000000000005",
	'',
	"9ba5e434-3976-4d11-922c-98fe322877fa",
	"00000000-0000-0000-0000-000000000000");
INSERT INTO SM_LEVT
	VALUES ("9ba5e434-3976-4d11-922c-98fe322877fa",
	"bf8278f4-67a7-4568-8bb3-57e31c6d9634",
	"00000000-0000-0000-0000-000000000000");
INSERT INTO SM_SEVT
	VALUES ("9ba5e434-3976-4d11-922c-98fe322877fa",
	"bf8278f4-67a7-4568-8bb3-57e31c6d9634",
	"00000000-0000-0000-0000-000000000000");
INSERT INTO SM_EVT
	VALUES ("9ba5e434-3976-4d11-922c-98fe322877fa",
	"bf8278f4-67a7-4568-8bb3-57e31c6d9634",
	"00000000-0000-0000-0000-000000000000",
	1,
	'Create',
	0,
	'',
	'W1',
	'');
INSERT INTO SM_LEVT
	VALUES ("73af3e46-fbbd-433f-ba92-7da2607e0c5f",
	"bf8278f4-67a7-4568-8bb3-57e31c6d9634",
	"00000000-0000-0000-0000-000000000000");
INSERT INTO SM_SEVT
	VALUES ("73af3e46-fbbd-433f-ba92-7da2607e0c5f",
	"bf8278f4-67a7-4568-8bb3-57e31c6d9634",
	"00000000-0000-0000-0000-000000000000");
INSERT INTO SM_EVT
	VALUES ("73af3e46-fbbd-433f-ba92-7da2607e0c5f",
	"bf8278f4-67a7-4568-8bb3-57e31c6d9634",
	"00000000-0000-0000-0000-000000000000",
	2,
	'Start',
	0,
	'',
	'W2',
	'');
INSERT INTO SM_LEVT
	VALUES ("d954c5db-0dad-4853-8f0c-e837f56cb2f2",
	"bf8278f4-67a7-4568-8bb3-57e31c6d9634",
	"00000000-0000-0000-0000-000000000000");
INSERT INTO SM_SEVT
	VALUES ("d954c5db-0dad-4853-8f0c-e837f56cb2f2",
	"bf8278f4-67a7-4568-8bb3-57e31c6d9634",
	"00000000-0000-0000-0000-000000000000");
INSERT INTO SM_EVT
	VALUES ("d954c5db-0dad-4853-8f0c-e837f56cb2f2",
	"bf8278f4-67a7-4568-8bb3-57e31c6d9634",
	"00000000-0000-0000-0000-000000000000",
	3,
	'Done',
	0,
	'',
	'W3',
	'');
INSERT INTO SM_STATE
	VALUES ("6baeeee9-f7d1-47aa-88f3-5c81ba5c589c",
	"bf8278f4-67a7-4568-8bb3-57e31c6d9634",
	"00000000-0000-0000-0000-000000000000",
	'Created',
	1,
	0);
INSERT INTO SM_CH
	VALUES ("6baeeee9-f7d1-47aa-88f3-5c81ba5c589c",
	"9ba5e434-3976-4d11-922c-98fe322877fa",
	"bf8278f4-67a7-4568-8bb3-57e31c6d9634",
	"00000000-0000-0000-0000-000000000000",
	'');
INSERT INTO SM_SEME
	VALUES ("6baeeee9-f7d1-47aa-88f3-5c81ba5c589c",
	"9ba5e434-3976-4d11-922c-98fe322877fa",
	"bf8278f4-67a7-4568-8bb3-57e31c6d9634",
	"00000000-0000-0000-0000-000000000000");
INSERT INTO SM_SEME
	VALUES ("6baeeee9-f7d1-47aa-88f3-5c81ba5c589c",
	"73af3e46-fbbd-433f-ba92-7da2607e0c5f",
	"bf8278f4-67a7-4568-8bb3-57e31c6d9634",
	"00000000-0000-0000-0000-000000000000");
INSERT INTO SM_CH
	VALUES ("6baeeee9-f7d1-47aa-88f3-5c81ba5c589c",
	"d954c5db-0dad-4853-8f0c-e837f56cb2f2",
	"bf8278f4-67a7-4568-8bb3-57e31c6d9634",
	"00000000-0000-0000-0000-000000000000",
	'');
INSERT INTO SM_SEME
	VALUES ("6baeeee9-f7d1-47aa-88f3-5c81ba5c589c",
	"d954c5db-0dad-4853-8f0c-e837f56cb2f2",
	"bf8278f4-67a7-4568-8bb3-57e31c6d9634",
	"00000000-0000-0000-0000-000000000000");
INSERT INTO SM_MOAH
	VALUES ("88c309e6-8fa6-44e3-841e-27a24102cb67",
	"bf8278f4-67a7-4568-8bb3-57e31c6d9634",
	"6baeeee9-f7d1-47aa-88f3-5c81ba5c589c");
INSERT INTO SM_AH
	VALUES ("88c309e6-8fa6-44e3-841e-27a24102cb67",
	"bf8278f4-67a7-4568-8bb3-57e31c6d9634");
INSERT INTO SM_ACT
	VALUES ("88c309e6-8fa6-44e3-841e-27a24102cb67",
	"bf8278f4-67a7-4568-8bb3-57e31c6d9634",
	1,
	'SELECT ANY ld FROM INSTANCES OF LD WHERE SELECTED.LiefDeviceId == param.targetId;
IF NOT_EMPTY ld
	RELATE SELF TO ld ACROSS R6;
END IF;
',
	'',
	0);
INSERT INTO ACT_SAB
	VALUES ("b717fe01-318e-46e4-b318-a91eff47e0fc",
	"bf8278f4-67a7-4568-8bb3-57e31c6d9634",
	"88c309e6-8fa6-44e3-841e-27a24102cb67");
INSERT INTO ACT_ACT
	VALUES ("b717fe01-318e-46e4-b318-a91eff47e0fc",
	'state',
	0,
	"d08ab822-9c42-4de8-93a9-ca6eafaefb56",
	"00000000-0000-0000-0000-000000000000",
	0,
	'Worker::Created',
	"00000000-0000-0000-0000-000000000000");
INSERT INTO ACT_BLK
	VALUES ("d08ab822-9c42-4de8-93a9-ca6eafaefb56",
	1,
	0,
	1,
	'',
	'',
	'',
	2,
	1,
	1,
	33,
	0,
	0,
	0,
	0,
	0,
	0,
	0,
	0,
	0,
	"b717fe01-318e-46e4-b318-a91eff47e0fc",
	"00000000-0000-0000-0000-000000000000");
INSERT INTO ACT_SMT
	VALUES ("140c4722-c879-4b69-9071-606f21425145",
	"d08ab822-9c42-4de8-93a9-ca6eafaefb56",
	"71afd2d8-4304-47ad-b29f-ec0f84be2e6f",
	1,
	1,
	'Worker::Created line: 1');
INSERT INTO ACT_FIW
	VALUES ("140c4722-c879-4b69-9071-606f21425145",
	"4e7a91b8-8f19-48cd-834c-92b5083fce53",
	1,
	'any',
	"fbbd031f-73cc-4777-8d03-5fd29a3b5380",
	"6938f8d7-0f9f-4032-9df0-e37f086ea344",
	1,
	33);
INSERT INTO ACT_SMT
	VALUES ("71afd2d8-4304-47ad-b29f-ec0f84be2e6f",
	"d08ab822-9c42-4de8-93a9-ca6eafaefb56",
	"00000000-0000-0000-0000-000000000000",
	2,
	1,
	'Worker::Created line: 2');
INSERT INTO ACT_IF
	VALUES ("71afd2d8-4304-47ad-b29f-ec0f84be2e6f",
	"b17db039-6d3a-4694-8b7d-857ef94690ea",
	"017f9673-e514-404d-acdd-03a93549874f",
	"00000000-0000-0000-0000-000000000000",
	"00000000-0000-0000-0000-000000000000");
INSERT INTO V_VAL
	VALUES ("e23be279-39f3-4a55-8053-28bee86edd9d",
	0,
	0,
	1,
	42,
	-1,
	0,
	0,
	0,
	0,
	"ba5eda7a-def5-0000-0000-000000000008",
	"d08ab822-9c42-4de8-93a9-ca6eafaefb56");
INSERT INTO V_SLR
	VALUES ("e23be279-39f3-4a55-8053-28bee86edd9d",
	"00000000-0000-0000-0000-000000000000",
	"00000000-0000-0000-0000-000000000000",
	"00000000-0000-0000-0000-000000000000");
INSERT INTO V_VAL
	VALUES ("54224b51-c741-492d-b032-52be7310ec36",
	0,
	0,
	1,
	51,
	62,
	0,
	0,
	0,
	0,
	"ba5eda7a-def5-0000-0000-000000000005",
	"d08ab822-9c42-4de8-93a9-ca6eafaefb56");
INSERT INTO V_AVL
	VALUES ("54224b51-c741-492d-b032-52be7310ec36",
	"e23be279-39f3-4a55-8053-28bee86edd9d",
	"6938f8d7-0f9f-4032-9df0-e37f086ea344",
	"7b2b0dc2-de98-4547-9fdd-d10b3ddccde8");
INSERT INTO V_VAL
	VALUES ("fbbd031f-73cc-4777-8d03-5fd29a3b5380",
	0,
	0,
	1,
	51,
	80,
	0,
	0,
	0,
	0,
	"ba5eda7a-def5-0000-0000-000000000001",
	"d08ab822-9c42-4de8-93a9-ca6eafaefb56");
INSERT INTO V_BIN
	VALUES ("fbbd031f-73cc-4777-8d03-5fd29a3b5380",
	"58bf6054-ced1-4d80-8414-0111dbde3344",
	"54224b51-c741-492d-b032-52be7310ec36",
	'==');
INSERT INTO V_VAL
	VALUES ("58bf6054-ced1-4d80-8414-0111dbde3344",
	0,
	0,
	1,
	73,
	80,
	0,
	0,
	0,
	0,
	"ba5eda7a-def5-0000-0000-000000000005",
	"d08ab822-9c42-4de8-93a9-ca6eafaefb56");
INSERT INTO V_EDV
	VALUES ("58bf6054-ced1-4d80-8414-0111dbde3344");
INSERT INTO V_EPR
	VALUES ("58bf6054-ced1-4d80-8414-0111dbde3344",
	"bf8278f4-67a7-4568-8bb3-57e31c6d9634",
	"d1f64b05-2bd2-4422-a7c6-acead7a94b0d",
	"00000000-0000-0000-0000-000000000000");
INSERT INTO V_VAL
	VALUES ("767f4f54-f303-4143-9b25-8117c20d0b8e",
	0,
	0,
	2,
	14,
	15,
	0,
	0,
	0,
	0,
	"ba5eda7a-def5-0000-0000-000000000008",
	"d08ab822-9c42-4de8-93a9-ca6eafaefb56");
INSERT INTO V_IRF
	VALUES ("767f4f54-f303-4143-9b25-8117c20d0b8e",
	"4e7a91b8-8f19-48cd-834c-92b5083fce53");
INSERT INTO V_VAL
	VALUES ("017f9673-e514-404d-acdd-03a93549874f",
	0,
	0,
	-1,
	-1,
	-1,
	0,
	0,
	0,
	0,
	"ba5eda7a-def5-0000-0000-000000000001",
	"d08ab822-9c42-4de8-93a9-ca6eafaefb56");
INSERT INTO V_UNY
	VALUES ("017f9673-e514-404d-acdd-03a93549874f",
	"767f4f54-f303-4143-9b25-8117c20d0b8e",
	'not_empty');
INSERT INTO V_VAR
	VALUES ("4e7a91b8-8f19-48cd-834c-92b5083fce53",
	"d08ab822-9c42-4de8-93a9-ca6eafaefb56",
	'ld',
	1,
	"ba5eda7a-def5-0000-0000-000000000008");
INSERT INTO V_INT
	VALUES ("4e7a91b8-8f19-48cd-834c-92b5083fce53",
	0,
	"6938f8d7-0f9f-4032-9df0-e37f086ea344");
INSERT INTO V_VAR
	VALUES ("28699e43-e0da-412f-8646-d4f8f95d1f76",
	"d08ab822-9c42-4de8-93a9-ca6eafaefb56",
	'SELF',
	1,
	"ba5eda7a-def5-0000-0000-000000000008");
INSERT INTO V_INT
	VALUES ("28699e43-e0da-412f-8646-d4f8f95d1f76",
	0,
	"bd45686d-212e-4031-8c4b-279c00376c1c");
INSERT INTO ACT_BLK
	VALUES ("b17db039-6d3a-4694-8b7d-857ef94690ea",
	0,
	0,
	0,
	'',
	'',
	'',
	3,
	2,
	0,
	0,
	0,
	0,
	3,
	27,
	0,
	0,
	0,
	0,
	0,
	"b717fe01-318e-46e4-b318-a91eff47e0fc",
	"00000000-0000-0000-0000-000000000000");
INSERT INTO ACT_SMT
	VALUES ("e3ccf117-4a42-4ab8-83c1-80d42ebec63b",
	"b17db039-6d3a-4694-8b7d-857ef94690ea",
	"00000000-0000-0000-0000-000000000000",
	3,
	2,
	'Worker::Created line: 3');
INSERT INTO ACT_REL
	VALUES ("e3ccf117-4a42-4ab8-83c1-80d42ebec63b",
	"28699e43-e0da-412f-8646-d4f8f95d1f76",
	"4e7a91b8-8f19-48cd-834c-92b5083fce53",
	'',
	"c84473da-c9ef-4725-9a81-f7d2146d22c5",
	3,
	27,
	0,
	0);
INSERT INTO SM_STATE
	VALUES ("7ef8677c-ed78-47e5-b60f-779af22692e9",
	"bf8278f4-67a7-4568-8bb3-57e31c6d9634",
	"00000000-0000-0000-0000-000000000000",
	'Working',
	2,
	0);
INSERT INTO SM_CH
	VALUES ("7ef8677c-ed78-47e5-b60f-779af22692e9",
	"9ba5e434-3976-4d11-922c-98fe322877fa",
	"bf8278f4-67a7-4568-8bb3-57e31c6d9634",
	"00000000-0000-0000-0000-000000000000",
	'');
INSERT INTO SM_SEME
	VALUES ("7ef8677c-ed78-47e5-b60f-779af22692e9",
	"9ba5e434-3976-4d11-922c-98fe322877fa",
	"bf8278f4-67a7-4568-8bb3-57e31c6d9634",
	"00000000-0000-0000-0000-000000000000");
INSERT INTO SM_CH
	VALUES ("7ef8677c-ed78-47e5-b60f-779af22692e9",
	"73af3e46-fbbd-433f-ba92-7da2607e0c5f",
	"bf8278f4-67a7-4568-8bb3-57e31c6d9634",
	"00000000-0000-0000-0000-000000000000",
	'');
INSERT INTO SM_SEME
	VALUES ("7ef8677c-ed78-47e5-b60f-779af22692e9",
	"73af3e46-fbbd-433f-ba92-7da2607e0c5f",
	"bf8278f4-67a7-4568-8bb3-57e31c6d9634",
	"00000000-0000-0000-0000-000000000000");
INSERT INTO SM_SEME
	VALUES ("7ef8677c-ed78-47e5-b60f-779af22692e9",
	"d954c5db-0dad-4853-8f0c-e837f56cb2f2",
	"bf8278f4-67a7-4568-8bb3-57e31c6d9634",
	"00000000-0000-0000-0000-000000000000");
INSERT INTO SM_MOAH
	VALUES ("3481b5b2-ab9e-438e-9044-102b6b298351",
	"bf8278f4-67a7-4568-8bb3-57e31c6d9634",
	"7ef8677c-ed78-47e5-b60f-779af22692e9");
INSERT INTO SM_AH
	VALUES ("3481b5b2-ab9e-438e-9044-102b6b298351",
	"bf8278f4-67a7-4568-8bb3-57e31c6d9634");
INSERT INTO SM_ACT
	VALUES ("3481b5b2-ab9e-438e-9044-102b6b298351",
	"bf8278f4-67a7-4568-8bb3-57e31c6d9634",
	1,
	'SELECT ONE ld RELATED BY SELF->LD[R6.''target''];
GENERATE LD1:Measure TO ld;
GENERATE W3:Done TO SELF;
',
	'',
	0);
INSERT INTO ACT_SAB
	VALUES ("3d938787-7508-4c91-bf32-4edb5c4fd184",
	"bf8278f4-67a7-4568-8bb3-57e31c6d9634",
	"3481b5b2-ab9e-438e-9044-102b6b298351");
INSERT INTO ACT_ACT
	VALUES ("3d938787-7508-4c91-bf32-4edb5c4fd184",
	'state',
	0,
	"f113d7f8-d550-4d9b-9162-3ff97e546f8c",
	"00000000-0000-0000-0000-000000000000",
	0,
	'Worker::Working',
	"00000000-0000-0000-0000-000000000000");
INSERT INTO ACT_BLK
	VALUES ("f113d7f8-d550-4d9b-9162-3ff97e546f8c",
	1,
	0,
	0,
	'V_VAR.Var_ID',
	'',
	'',
	3,
	1,
	1,
	32,
	0,
	0,
	1,
	35,
	1,
	38,
	0,
	0,
	0,
	"3d938787-7508-4c91-bf32-4edb5c4fd184",
	"00000000-0000-0000-0000-000000000000");
INSERT INTO ACT_SMT
	VALUES ("2d12d923-421f-4f74-a4e1-411c399f4704",
	"f113d7f8-d550-4d9b-9162-3ff97e546f8c",
	"351cd72e-2f67-4c9f-ac40-e012a1571099",
	1,
	1,
	'Worker::Working line: 1');
INSERT INTO ACT_SEL
	VALUES ("2d12d923-421f-4f74-a4e1-411c399f4704",
	"ed2956c8-0fde-429e-a98d-1021a1f51993",
	1,
	'one',
	"0013818f-1c8b-4670-a029-a49cc3d538be");
INSERT INTO ACT_SR
	VALUES ("2d12d923-421f-4f74-a4e1-411c399f4704");
INSERT INTO ACT_LNK
	VALUES ("d8d7e100-5301-4482-bd94-bbb286fbf350",
	'''target''',
	"2d12d923-421f-4f74-a4e1-411c399f4704",
	"c84473da-c9ef-4725-9a81-f7d2146d22c5",
	"00000000-0000-0000-0000-000000000000",
	1,
	"6938f8d7-0f9f-4032-9df0-e37f086ea344",
	1,
	32,
	1,
	35,
	1,
	38);
INSERT INTO ACT_SMT
	VALUES ("351cd72e-2f67-4c9f-ac40-e012a1571099",
	"f113d7f8-d550-4d9b-9162-3ff97e546f8c",
	"5d4cc6d9-f56b-4ead-bc96-f8fe0f6471f1",
	2,
	1,
	'Worker::Working line: 2');
INSERT INTO E_ESS
	VALUES ("351cd72e-2f67-4c9f-ac40-e012a1571099",
	1,
	0,
	2,
	10,
	2,
	14,
	1,
	32,
	0,
	0,
	0,
	0);
INSERT INTO E_GES
	VALUES ("351cd72e-2f67-4c9f-ac40-e012a1571099");
INSERT INTO E_GSME
	VALUES ("351cd72e-2f67-4c9f-ac40-e012a1571099",
	"ccf5eba2-1074-4576-8c6d-6839f175d08a");
INSERT INTO E_GEN
	VALUES ("351cd72e-2f67-4c9f-ac40-e012a1571099",
	"ed2956c8-0fde-429e-a98d-1021a1f51993");
INSERT INTO ACT_SMT
	VALUES ("5d4cc6d9-f56b-4ead-bc96-f8fe0f6471f1",
	"f113d7f8-d550-4d9b-9162-3ff97e546f8c",
	"00000000-0000-0000-0000-000000000000",
	3,
	1,
	'Worker::Working line: 3');
INSERT INTO E_ESS
	VALUES ("5d4cc6d9-f56b-4ead-bc96-f8fe0f6471f1",
	1,
	0,
	3,
	10,
	3,
	13,
	1,
	32,
	0,
	0,
	0,
	0);
INSERT INTO E_GES
	VALUES ("5d4cc6d9-f56b-4ead-bc96-f8fe0f6471f1");
INSERT INTO E_GSME
	VALUES ("5d4cc6d9-f56b-4ead-bc96-f8fe0f6471f1",
	"d954c5db-0dad-4853-8f0c-e837f56cb2f2");
INSERT INTO E_GEN
	VALUES ("5d4cc6d9-f56b-4ead-bc96-f8fe0f6471f1",
	"cd672659-f27b-4b8c-aa72-dd9ad601991e");
INSERT INTO V_VAL
	VALUES ("0013818f-1c8b-4670-a029-a49cc3d538be",
	0,
	0,
	1,
	26,
	29,
	0,
	0,
	0,
	0,
	"ba5eda7a-def5-0000-0000-000000000008",
	"f113d7f8-d550-4d9b-9162-3ff97e546f8c");
INSERT INTO V_IRF
	VALUES ("0013818f-1c8b-4670-a029-a49cc3d538be",
	"cd672659-f27b-4b8c-aa72-dd9ad601991e");
INSERT INTO V_VAR
	VALUES ("ed2956c8-0fde-429e-a98d-1021a1f51993",
	"f113d7f8-d550-4d9b-9162-3ff97e546f8c",
	'ld',
	1,
	"ba5eda7a-def5-0000-0000-000000000008");
INSERT INTO V_INT
	VALUES ("ed2956c8-0fde-429e-a98d-1021a1f51993",
	0,
	"6938f8d7-0f9f-4032-9df0-e37f086ea344");
INSERT INTO V_VAR
	VALUES ("cd672659-f27b-4b8c-aa72-dd9ad601991e",
	"f113d7f8-d550-4d9b-9162-3ff97e546f8c",
	'SELF',
	1,
	"ba5eda7a-def5-0000-0000-000000000008");
INSERT INTO V_INT
	VALUES ("cd672659-f27b-4b8c-aa72-dd9ad601991e",
	0,
	"bd45686d-212e-4031-8c4b-279c00376c1c");
INSERT INTO SM_STATE
	VALUES ("b017b932-f28d-4c38-88ba-ffd4ff56ddf1",
	"bf8278f4-67a7-4568-8bb3-57e31c6d9634",
	"00000000-0000-0000-0000-000000000000",
	'Completed',
	3,
	1);
INSERT INTO SM_CH
	VALUES ("b017b932-f28d-4c38-88ba-ffd4ff56ddf1",
	"9ba5e434-3976-4d11-922c-98fe322877fa",
	"bf8278f4-67a7-4568-8bb3-57e31c6d9634",
	"00000000-0000-0000-0000-000000000000",
	'');
INSERT INTO SM_SEME
	VALUES ("b017b932-f28d-4c38-88ba-ffd4ff56ddf1",
	"9ba5e434-3976-4d11-922c-98fe322877fa",
	"bf8278f4-67a7-4568-8bb3-57e31c6d9634",
	"00000000-0000-0000-0000-000000000000");
INSERT INTO SM_CH
	VALUES ("b017b932-f28d-4c38-88ba-ffd4ff56ddf1",
	"73af3e46-fbbd-433f-ba92-7da2607e0c5f",
	"bf8278f4-67a7-4568-8bb3-57e31c6d9634",
	"00000000-0000-0000-0000-000000000000",
	'');
INSERT INTO SM_SEME
	VALUES ("b017b932-f28d-4c38-88ba-ffd4ff56ddf1",
	"73af3e46-fbbd-433f-ba92-7da2607e0c5f",
	"bf8278f4-67a7-4568-8bb3-57e31c6d9634",
	"00000000-0000-0000-0000-000000000000");
INSERT INTO SM_CH
	VALUES ("b017b932-f28d-4c38-88ba-ffd4ff56ddf1",
	"d954c5db-0dad-4853-8f0c-e837f56cb2f2",
	"bf8278f4-67a7-4568-8bb3-57e31c6d9634",
	"00000000-0000-0000-0000-000000000000",
	'');
INSERT INTO SM_SEME
	VALUES ("b017b932-f28d-4c38-88ba-ffd4ff56ddf1",
	"d954c5db-0dad-4853-8f0c-e837f56cb2f2",
	"bf8278f4-67a7-4568-8bb3-57e31c6d9634",
	"00000000-0000-0000-0000-000000000000");
INSERT INTO SM_MOAH
	VALUES ("52ed1f7c-c335-4cab-92c2-c35f91c92325",
	"bf8278f4-67a7-4568-8bb3-57e31c6d9634",
	"b017b932-f28d-4c38-88ba-ffd4ff56ddf1");
INSERT INTO SM_AH
	VALUES ("52ed1f7c-c335-4cab-92c2-c35f91c92325",
	"bf8278f4-67a7-4568-8bb3-57e31c6d9634");
INSERT INTO SM_ACT
	VALUES ("52ed1f7c-c335-4cab-92c2-c35f91c92325",
	"bf8278f4-67a7-4568-8bb3-57e31c6d9634",
	1,
	'SELECT ONE ld RELATED BY SELF->LD[R6.''target''];
UNRELATE ld FROM SELF ACROSS R6;
',
	'',
	0);
INSERT INTO ACT_SAB
	VALUES ("93be5c57-24e6-44a0-b53f-8ec4adbec99d",
	"bf8278f4-67a7-4568-8bb3-57e31c6d9634",
	"52ed1f7c-c335-4cab-92c2-c35f91c92325");
INSERT INTO ACT_ACT
	VALUES ("93be5c57-24e6-44a0-b53f-8ec4adbec99d",
	'state',
	0,
	"5ae36d81-aaf2-443a-8d1e-831811799b8a",
	"00000000-0000-0000-0000-000000000000",
	0,
	'Worker::Completed',
	"00000000-0000-0000-0000-000000000000");
INSERT INTO ACT_BLK
	VALUES ("5ae36d81-aaf2-443a-8d1e-831811799b8a",
	1,
	0,
	0,
	'',
	'',
	'',
	2,
	1,
	1,
	32,
	0,
	0,
	2,
	30,
	1,
	38,
	0,
	0,
	0,
	"93be5c57-24e6-44a0-b53f-8ec4adbec99d",
	"00000000-0000-0000-0000-000000000000");
INSERT INTO ACT_SMT
	VALUES ("b667a23d-36f1-41d6-b00d-cab52e54cb5e",
	"5ae36d81-aaf2-443a-8d1e-831811799b8a",
	"1286133b-9e75-4394-a15a-9759591c4512",
	1,
	1,
	'Worker::Completed line: 1');
INSERT INTO ACT_SEL
	VALUES ("b667a23d-36f1-41d6-b00d-cab52e54cb5e",
	"20387fa0-aeb9-4a00-add7-13519a9ce827",
	1,
	'one',
	"15bd5e68-1a75-4051-a191-76c1a0eefc57");
INSERT INTO ACT_SR
	VALUES ("b667a23d-36f1-41d6-b00d-cab52e54cb5e");
INSERT INTO ACT_LNK
	VALUES ("e79c85db-d10f-405e-b292-3f0d8d656ff4",
	'''target''',
	"b667a23d-36f1-41d6-b00d-cab52e54cb5e",
	"c84473da-c9ef-4725-9a81-f7d2146d22c5",
	"00000000-0000-0000-0000-000000000000",
	1,
	"6938f8d7-0f9f-4032-9df0-e37f086ea344",
	1,
	32,
	1,
	35,
	1,
	38);
INSERT INTO ACT_SMT
	VALUES ("1286133b-9e75-4394-a15a-9759591c4512",
	"5ae36d81-aaf2-443a-8d1e-831811799b8a",
	"00000000-0000-0000-0000-000000000000",
	2,
	1,
	'Worker::Completed line: 2');
INSERT INTO ACT_UNR
	VALUES ("1286133b-9e75-4394-a15a-9759591c4512",
	"20387fa0-aeb9-4a00-add7-13519a9ce827",
	"e97aec79-4083-4b52-b23d-6b5fe2d6161b",
	'',
	"c84473da-c9ef-4725-9a81-f7d2146d22c5",
	2,
	30,
	0,
	0);
INSERT INTO V_VAL
	VALUES ("15bd5e68-1a75-4051-a191-76c1a0eefc57",
	0,
	0,
	1,
	26,
	29,
	0,
	0,
	0,
	0,
	"ba5eda7a-def5-0000-0000-000000000008",
	"5ae36d81-aaf2-443a-8d1e-831811799b8a");
INSERT INTO V_IRF
	VALUES ("15bd5e68-1a75-4051-a191-76c1a0eefc57",
	"e97aec79-4083-4b52-b23d-6b5fe2d6161b");
INSERT INTO V_VAR
	VALUES ("20387fa0-aeb9-4a00-add7-13519a9ce827",
	"5ae36d81-aaf2-443a-8d1e-831811799b8a",
	'ld',
	1,
	"ba5eda7a-def5-0000-0000-000000000008");
INSERT INTO V_INT
	VALUES ("20387fa0-aeb9-4a00-add7-13519a9ce827",
	0,
	"6938f8d7-0f9f-4032-9df0-e37f086ea344");
INSERT INTO V_VAR
	VALUES ("e97aec79-4083-4b52-b23d-6b5fe2d6161b",
	"5ae36d81-aaf2-443a-8d1e-831811799b8a",
	'SELF',
	1,
	"ba5eda7a-def5-0000-0000-000000000008");
INSERT INTO V_INT
	VALUES ("e97aec79-4083-4b52-b23d-6b5fe2d6161b",
	0,
	"bd45686d-212e-4031-8c4b-279c00376c1c");
INSERT INTO SM_CRTXN
	VALUES ("2f34c9f8-5315-4966-841f-304dbacd78c7",
	"bf8278f4-67a7-4568-8bb3-57e31c6d9634",
	"9ba5e434-3976-4d11-922c-98fe322877fa",
	"00000000-0000-0000-0000-000000000000");
INSERT INTO SM_TAH
	VALUES ("79e4433a-8661-4196-abb8-907f15ee92c9",
	"bf8278f4-67a7-4568-8bb3-57e31c6d9634",
	"2f34c9f8-5315-4966-841f-304dbacd78c7");
INSERT INTO SM_AH
	VALUES ("79e4433a-8661-4196-abb8-907f15ee92c9",
	"bf8278f4-67a7-4568-8bb3-57e31c6d9634");
INSERT INTO SM_ACT
	VALUES ("79e4433a-8661-4196-abb8-907f15ee92c9",
	"bf8278f4-67a7-4568-8bb3-57e31c6d9634",
	1,
	'',
	'',
	0);
INSERT INTO ACT_TAB
	VALUES ("19091694-59e2-4718-a393-39bbff13cbd0",
	"bf8278f4-67a7-4568-8bb3-57e31c6d9634",
	"79e4433a-8661-4196-abb8-907f15ee92c9");
INSERT INTO ACT_ACT
	VALUES ("19091694-59e2-4718-a393-39bbff13cbd0",
	'transition',
	0,
	"4da342d6-9883-4a15-ab36-40fd0313fa54",
	"00000000-0000-0000-0000-000000000000",
	0,
	'W1: Create(targetId)',
	"00000000-0000-0000-0000-000000000000");
INSERT INTO ACT_BLK
	VALUES ("4da342d6-9883-4a15-ab36-40fd0313fa54",
	0,
	0,
	0,
	'',
	'',
	'',
	0,
	0,
	0,
	0,
	0,
	0,
	0,
	0,
	0,
	0,
	0,
	0,
	0,
	"19091694-59e2-4718-a393-39bbff13cbd0",
	"00000000-0000-0000-0000-000000000000");
INSERT INTO SM_TXN
	VALUES ("2f34c9f8-5315-4966-841f-304dbacd78c7",
	"bf8278f4-67a7-4568-8bb3-57e31c6d9634",
	"6baeeee9-f7d1-47aa-88f3-5c81ba5c589c",
	"00000000-0000-0000-0000-000000000000");
INSERT INTO SM_NSTXN
	VALUES ("471262eb-d506-4dbd-9e63-fdf88c886f16",
	"bf8278f4-67a7-4568-8bb3-57e31c6d9634",
	"6baeeee9-f7d1-47aa-88f3-5c81ba5c589c",
	"73af3e46-fbbd-433f-ba92-7da2607e0c5f",
	"00000000-0000-0000-0000-000000000000");
INSERT INTO SM_TAH
	VALUES ("4b7cb842-bedb-4cc1-9493-00ab159646c7",
	"bf8278f4-67a7-4568-8bb3-57e31c6d9634",
	"471262eb-d506-4dbd-9e63-fdf88c886f16");
INSERT INTO SM_AH
	VALUES ("4b7cb842-bedb-4cc1-9493-00ab159646c7",
	"bf8278f4-67a7-4568-8bb3-57e31c6d9634");
INSERT INTO SM_ACT
	VALUES ("4b7cb842-bedb-4cc1-9493-00ab159646c7",
	"bf8278f4-67a7-4568-8bb3-57e31c6d9634",
	1,
	'',
	'',
	0);
INSERT INTO ACT_TAB
	VALUES ("bf054c87-5eff-4883-af11-6c834f956f0c",
	"bf8278f4-67a7-4568-8bb3-57e31c6d9634",
	"4b7cb842-bedb-4cc1-9493-00ab159646c7");
INSERT INTO ACT_ACT
	VALUES ("bf054c87-5eff-4883-af11-6c834f956f0c",
	'transition',
	0,
	"ccc2cec2-e70d-4d84-b772-4dec98ca7ba7",
	"00000000-0000-0000-0000-000000000000",
	0,
	'W2: Start',
	"00000000-0000-0000-0000-000000000000");
INSERT INTO ACT_BLK
	VALUES ("ccc2cec2-e70d-4d84-b772-4dec98ca7ba7",
	0,
	0,
	0,
	'',
	'',
	'',
	0,
	0,
	0,
	0,
	0,
	0,
	0,
	0,
	0,
	0,
	0,
	0,
	0,
	"bf054c87-5eff-4883-af11-6c834f956f0c",
	"00000000-0000-0000-0000-000000000000");
INSERT INTO SM_TXN
	VALUES ("471262eb-d506-4dbd-9e63-fdf88c886f16",
	"bf8278f4-67a7-4568-8bb3-57e31c6d9634",
	"7ef8677c-ed78-47e5-b60f-779af22692e9",
	"00000000-0000-0000-0000-000000000000");
INSERT INTO SM_NSTXN
	VALUES ("f9b706cd-dda7-4d02-acf2-91e0186b9a56",
	"bf8278f4-67a7-4568-8bb3-57e31c6d9634",
	"7ef8677c-ed78-47e5-b60f-779af22692e9",
	"d954c5db-0dad-4853-8f0c-e837f56cb2f2",
	"00000000-0000-0000-0000-000000000000");
INSERT INTO SM_TAH
	VALUES ("a9fdaf36-b65f-4c0c-9022-14d816dd7bbd",
	"bf8278f4-67a7-4568-8bb3-57e31c6d9634",
	"f9b706cd-dda7-4d02-acf2-91e0186b9a56");
INSERT INTO SM_AH
	VALUES ("a9fdaf36-b65f-4c0c-9022-14d816dd7bbd",
	"bf8278f4-67a7-4568-8bb3-57e31c6d9634");
INSERT INTO SM_ACT
	VALUES ("a9fdaf36-b65f-4c0c-9022-14d816dd7bbd",
	"bf8278f4-67a7-4568-8bb3-57e31c6d9634",
	1,
	'',
	'',
	0);
INSERT INTO ACT_TAB
	VALUES ("72539972-8e32-45dc-9434-aaabc5f0ab87",
	"bf8278f4-67a7-4568-8bb3-57e31c6d9634",
	"a9fdaf36-b65f-4c0c-9022-14d816dd7bbd");
INSERT INTO ACT_ACT
	VALUES ("72539972-8e32-45dc-9434-aaabc5f0ab87",
	'transition',
	0,
	"ca708e09-2192-439c-a03f-8f208be429ac",
	"00000000-0000-0000-0000-000000000000",
	0,
	'W3: Done',
	"00000000-0000-0000-0000-000000000000");
INSERT INTO ACT_BLK
	VALUES ("ca708e09-2192-439c-a03f-8f208be429ac",
	0,
	0,
	0,
	'',
	'',
	'',
	0,
	0,
	0,
	0,
	0,
	0,
	0,
	0,
	0,
	0,
	0,
	0,
	0,
	"72539972-8e32-45dc-9434-aaabc5f0ab87",
	"00000000-0000-0000-0000-000000000000");
INSERT INTO SM_TXN
	VALUES ("f9b706cd-dda7-4d02-acf2-91e0186b9a56",
	"bf8278f4-67a7-4568-8bb3-57e31c6d9634",
	"b017b932-f28d-4c38-88ba-ffd4ff56ddf1",
	"00000000-0000-0000-0000-000000000000");
INSERT INTO PE_PE
	VALUES ("98e674e9-caec-452e-94b2-d0d60e9dc2b7",
	1,
	"db4cdfa6-8291-4127-a852-8c38adeced09",
	"00000000-0000-0000-0000-000000000000",
	4);
INSERT INTO O_OBJ
	VALUES ("98e674e9-caec-452e-94b2-d0d60e9dc2b7",
	'SubClass2',
	7,
	'SC2',
	'',
	"00000000-0000-0000-0000-000000000000");
INSERT INTO O_REF
	VALUES ("98e674e9-caec-452e-94b2-d0d60e9dc2b7",
	"d89ac8be-4b14-422d-9b1e-3b316c7ec103",
	0,
	"c8896bbf-ec47-4637-b7ab-a591c8aa0fea",
	"3e78cdb9-03c1-45fd-8016-70df1160a99d",
	"65d5d597-f8b9-4534-9daf-6e849ae80ea6",
	"42b1d4d4-3b3b-4dc1-9f28-40da29b57579",
	"6c2a8bc4-3bc9-493c-b324-da80cb767041",
	"2fcc24c0-efa6-4f4f-ad7a-c9305c5a94e7",
	"00000000-0000-0000-0000-000000000000",
	0,
	'',
	'TestSuper',
	'TSId',
	'R4');
INSERT INTO O_RATTR
	VALUES ("6c2a8bc4-3bc9-493c-b324-da80cb767041",
	"98e674e9-caec-452e-94b2-d0d60e9dc2b7",
	"c8896bbf-ec47-4637-b7ab-a591c8aa0fea",
	"d89ac8be-4b14-422d-9b1e-3b316c7ec103",
	1,
	'TSId');
INSERT INTO O_ATTR
	VALUES ("6c2a8bc4-3bc9-493c-b324-da80cb767041",
	"98e674e9-caec-452e-94b2-d0d60e9dc2b7",
	"00000000-0000-0000-0000-000000000000",
	'TSId',
	'',
	'',
	'TSId',
	0,
	"ba5eda7a-def5-0000-0000-000000000007",
	'',
	'');
INSERT INTO O_ID
	VALUES (0,
	"98e674e9-caec-452e-94b2-d0d60e9dc2b7");
INSERT INTO O_OIDA
	VALUES ("6c2a8bc4-3bc9-493c-b324-da80cb767041",
	"98e674e9-caec-452e-94b2-d0d60e9dc2b7",
	0,
	'TSId');
INSERT INTO O_ID
	VALUES (1,
	"98e674e9-caec-452e-94b2-d0d60e9dc2b7");
INSERT INTO O_ID
	VALUES (2,
	"98e674e9-caec-452e-94b2-d0d60e9dc2b7");
INSERT INTO PE_PE
	VALUES ("b440c8a7-1e99-402f-8ba8-505fc0a950f2",
	1,
	"db4cdfa6-8291-4127-a852-8c38adeced09",
	"00000000-0000-0000-0000-000000000000",
	4);
INSERT INTO O_OBJ
	VALUES ("b440c8a7-1e99-402f-8ba8-505fc0a950f2",
	'SubClass1',
	6,
	'SC1',
	'',
	"00000000-0000-0000-0000-000000000000");
INSERT INTO O_REF
	VALUES ("b440c8a7-1e99-402f-8ba8-505fc0a950f2",
	"d89ac8be-4b14-422d-9b1e-3b316c7ec103",
	0,
	"c8896bbf-ec47-4637-b7ab-a591c8aa0fea",
	"3e78cdb9-03c1-45fd-8016-70df1160a99d",
	"c182672f-4b73-4124-aa89-27f2c43ee819",
	"42b1d4d4-3b3b-4dc1-9f28-40da29b57579",
	"b730bf73-6dea-459b-8d73-81781f32dc35",
	"5a1f8e52-5a09-4fcb-82f6-162513ad78d0",
	"00000000-0000-0000-0000-000000000000",
	0,
	'',
	'TestSuper',
	'TSId',
	'R4');
INSERT INTO O_RATTR
	VALUES ("b730bf73-6dea-459b-8d73-81781f32dc35",
	"b440c8a7-1e99-402f-8ba8-505fc0a950f2",
	"c8896bbf-ec47-4637-b7ab-a591c8aa0fea",
	"d89ac8be-4b14-422d-9b1e-3b316c7ec103",
	1,
	'TSId');
INSERT INTO O_ATTR
	VALUES ("b730bf73-6dea-459b-8d73-81781f32dc35",
	"b440c8a7-1e99-402f-8ba8-505fc0a950f2",
	"00000000-0000-0000-0000-000000000000",
	'TSId',
	'',
	'',
	'TSId',
	0,
	"ba5eda7a-def5-0000-0000-000000000007",
	'',
	'');
INSERT INTO O_ID
	VALUES (0,
	"b440c8a7-1e99-402f-8ba8-505fc0a950f2");
INSERT INTO O_OIDA
	VALUES ("b730bf73-6dea-459b-8d73-81781f32dc35",
	"b440c8a7-1e99-402f-8ba8-505fc0a950f2",
	0,
	'TSId');
INSERT INTO O_ID
	VALUES (1,
	"b440c8a7-1e99-402f-8ba8-505fc0a950f2");
INSERT INTO O_ID
	VALUES (2,
	"b440c8a7-1e99-402f-8ba8-505fc0a950f2");
INSERT INTO PE_PE
	VALUES ("b9d246e2-2ced-4679-9c21-c885d2a20b6e",
	1,
	"db4cdfa6-8291-4127-a852-8c38adeced09",
	"00000000-0000-0000-0000-000000000000",
	4);
INSERT INTO O_OBJ
	VALUES ("b9d246e2-2ced-4679-9c21-c885d2a20b6e",
	'Middle Entity',
	2,
	'ME',
	'',
	"00000000-0000-0000-0000-000000000000");
INSERT INTO O_TFR
	VALUES ("ecad475c-8168-4fa1-bef4-9ae37cacfa8d",
	"b9d246e2-2ced-4679-9c21-c885d2a20b6e",
	'Command',
	'',
	"ba5eda7a-def5-0000-0000-000000000000",
	1,
	'',
	1,
	'',
	"00000000-0000-0000-0000-000000000000",
	0,
	1);
INSERT INTO O_TPARM
	VALUES ("60e1f780-def2-4b05-9006-575844342778",
	"ecad475c-8168-4fa1-bef4-9ae37cacfa8d",
	'order',
	"ba5eda7a-def5-0000-0000-000000000004",
	0,
	'',
	"00000000-0000-0000-0000-000000000000",
	'');
INSERT INTO ACT_OPB
	VALUES ("c36c5c1a-073e-4dff-a2ae-7c82d7998709",
	"ecad475c-8168-4fa1-bef4-9ae37cacfa8d");
INSERT INTO ACT_ACT
	VALUES ("c36c5c1a-073e-4dff-a2ae-7c82d7998709",
	'operation',
	0,
	"101f8f6e-7013-4b98-964b-14951b125774",
	"00000000-0000-0000-0000-000000000000",
	0,
	'Middle Entity::Command',
	"00000000-0000-0000-0000-000000000000");
INSERT INTO ACT_BLK
	VALUES ("101f8f6e-7013-4b98-964b-14951b125774",
	0,
	0,
	0,
	'',
	'',
	'',
	0,
	0,
	0,
	0,
	0,
	0,
	0,
	0,
	0,
	0,
	0,
	0,
	0,
	"c36c5c1a-073e-4dff-a2ae-7c82d7998709",
	"00000000-0000-0000-0000-000000000000");
INSERT INTO O_NBATTR
	VALUES ("61cbd3c8-f49b-406f-815d-fe05f0728cd4",
	"b9d246e2-2ced-4679-9c21-c885d2a20b6e");
INSERT INTO O_BATTR
	VALUES ("61cbd3c8-f49b-406f-815d-fe05f0728cd4",
	"b9d246e2-2ced-4679-9c21-c885d2a20b6e");
INSERT INTO O_ATTR
	VALUES ("61cbd3c8-f49b-406f-815d-fe05f0728cd4",
	"b9d246e2-2ced-4679-9c21-c885d2a20b6e",
	"00000000-0000-0000-0000-000000000000",
	'MiddleEntityId',
	'',
	'',
	'MiddleEntityId',
	0,
	"ba5eda7a-def5-0000-0000-000000000005",
	'',
	'');
INSERT INTO O_REF
	VALUES ("b9d246e2-2ced-4679-9c21-c885d2a20b6e",
	"259f4456-9ac2-41c5-add3-a05dd80d0c57",
	0,
	"9f3e9730-2ac9-426c-9ce5-1e9ca4c32233",
	"8e1cea38-b096-4259-8672-caf261f34182",
	"f8cfacca-07d8-4f48-a248-3ec6ab749ab0",
	"4dda8e58-3897-452f-9a44-5615a1851efc",
	"d37b0898-2d03-4e45-83d0-f5e8dec456ac",
	"006a4803-d8bf-4b97-b3bb-85663f87c519",
	"00000000-0000-0000-0000-000000000000",
	0,
	'',
	'Top Entity',
	'TopEntityId',
	'R1');
INSERT INTO O_RATTR
	VALUES ("d37b0898-2d03-4e45-83d0-f5e8dec456ac",
	"b9d246e2-2ced-4679-9c21-c885d2a20b6e",
	"9f3e9730-2ac9-426c-9ce5-1e9ca4c32233",
	"259f4456-9ac2-41c5-add3-a05dd80d0c57",
	1,
	'TopEntityId');
INSERT INTO O_ATTR
	VALUES ("d37b0898-2d03-4e45-83d0-f5e8dec456ac",
	"b9d246e2-2ced-4679-9c21-c885d2a20b6e",
	"61cbd3c8-f49b-406f-815d-fe05f0728cd4",
	'TopEntityId',
	'',
	'',
	'TopEntityId',
	0,
	"ba5eda7a-def5-0000-0000-000000000007",
	'',
	'');
INSERT INTO O_NBATTR
	VALUES ("46b4074c-e5cf-47cf-8ff1-01a471344712",
	"b9d246e2-2ced-4679-9c21-c885d2a20b6e");
INSERT INTO O_BATTR
	VALUES ("46b4074c-e5cf-47cf-8ff1-01a471344712",
	"b9d246e2-2ced-4679-9c21-c885d2a20b6e");
INSERT INTO O_ATTR
	VALUES ("46b4074c-e5cf-47cf-8ff1-01a471344712",
	"b9d246e2-2ced-4679-9c21-c885d2a20b6e",
	"d37b0898-2d03-4e45-83d0-f5e8dec456ac",
	'Comfortable',
	'',
	'',
	'Comfortable',
	0,
	"ba5eda7a-def5-0000-0000-000000000001",
	'',
	'');
INSERT INTO O_NBATTR
	VALUES ("65814a00-0a91-4b1c-8947-90e6f0877a56",
	"b9d246e2-2ced-4679-9c21-c885d2a20b6e");
INSERT INTO O_BATTR
	VALUES ("65814a00-0a91-4b1c-8947-90e6f0877a56",
	"b9d246e2-2ced-4679-9c21-c885d2a20b6e");
INSERT INTO O_ATTR
	VALUES ("65814a00-0a91-4b1c-8947-90e6f0877a56",
	"b9d246e2-2ced-4679-9c21-c885d2a20b6e",
	"46b4074c-e5cf-47cf-8ff1-01a471344712",
	'PreferredTemperature',
	'',
	'',
	'PreferredTemperature',
	0,
	"ba5eda7a-def5-0000-0000-000000000002",
	'',
	'');
INSERT INTO O_NBATTR
	VALUES ("da0c95ab-21e7-4a60-b213-1581fef2059b",
	"b9d246e2-2ced-4679-9c21-c885d2a20b6e");
INSERT INTO O_BATTR
	VALUES ("da0c95ab-21e7-4a60-b213-1581fef2059b",
	"b9d246e2-2ced-4679-9c21-c885d2a20b6e");
INSERT INTO O_ATTR
	VALUES ("da0c95ab-21e7-4a60-b213-1581fef2059b",
	"b9d246e2-2ced-4679-9c21-c885d2a20b6e",
	"65814a00-0a91-4b1c-8947-90e6f0877a56",
	'PreferredHumidity',
	'',
	'',
	'PreferredHumidity',
	0,
	"ba5eda7a-def5-0000-0000-000000000002",
	'',
	'');
INSERT INTO O_ID
	VALUES (0,
	"b9d246e2-2ced-4679-9c21-c885d2a20b6e");
INSERT INTO O_OIDA
	VALUES ("61cbd3c8-f49b-406f-815d-fe05f0728cd4",
	"b9d246e2-2ced-4679-9c21-c885d2a20b6e",
	0,
	'MiddleEntityId');
INSERT INTO O_ID
	VALUES (1,
	"b9d246e2-2ced-4679-9c21-c885d2a20b6e");
INSERT INTO O_ID
	VALUES (2,
	"b9d246e2-2ced-4679-9c21-c885d2a20b6e");
INSERT INTO PE_PE
	VALUES ("f4877fe5-4b18-47bb-a221-fb05899cc90c",
	1,
	"db4cdfa6-8291-4127-a852-8c38adeced09",
	"00000000-0000-0000-0000-000000000000",
	4);
INSERT INTO O_OBJ
	VALUES ("f4877fe5-4b18-47bb-a221-fb05899cc90c",
	'Mapping Middel To Lief',
	8,
	'MML',
	'',
	"00000000-0000-0000-0000-000000000000");
INSERT INTO O_NBATTR
	VALUES ("856e2ed9-6496-4544-82d1-3e711c0a30a6",
	"f4877fe5-4b18-47bb-a221-fb05899cc90c");
INSERT INTO O_BATTR
	VALUES ("856e2ed9-6496-4544-82d1-3e711c0a30a6",
	"f4877fe5-4b18-47bb-a221-fb05899cc90c");
INSERT INTO O_ATTR
	VALUES ("856e2ed9-6496-4544-82d1-3e711c0a30a6",
	"f4877fe5-4b18-47bb-a221-fb05899cc90c",
	"00000000-0000-0000-0000-000000000000",
	'MMLId',
	'',
	'',
	'MMLId',
	0,
	"ba5eda7a-def5-0000-0000-000000000005",
	'',
	'');
INSERT INTO O_REF
	VALUES ("f4877fe5-4b18-47bb-a221-fb05899cc90c",
	"b9d246e2-2ced-4679-9c21-c885d2a20b6e",
	0,
	"61cbd3c8-f49b-406f-815d-fe05f0728cd4",
	"66adfe21-6a1c-445e-9329-e946d463ff33",
	"04a6dad4-8917-488f-9fff-7b9aa8efcb30",
	"e0a5a4d5-197b-4b53-8a19-5a3a6d98c8b4",
	"bf4b7d4b-3d5c-4d8b-a85f-1afaa925b54e",
	"425629d3-3af3-4dc5-966b-883d913db800",
	"00000000-0000-0000-0000-000000000000",
	0,
	'',
	'Middle Entity',
	'MiddleEntityId',
	'R5.''middle''');
INSERT INTO O_RATTR
	VALUES ("bf4b7d4b-3d5c-4d8b-a85f-1afaa925b54e",
	"f4877fe5-4b18-47bb-a221-fb05899cc90c",
	"61cbd3c8-f49b-406f-815d-fe05f0728cd4",
	"b9d246e2-2ced-4679-9c21-c885d2a20b6e",
	1,
	'MiddleEntityId');
INSERT INTO O_ATTR
	VALUES ("bf4b7d4b-3d5c-4d8b-a85f-1afaa925b54e",
	"f4877fe5-4b18-47bb-a221-fb05899cc90c",
	"856e2ed9-6496-4544-82d1-3e711c0a30a6",
	'MiddleEntityId',
	'',
	'',
	'MiddleEntityId',
	0,
	"ba5eda7a-def5-0000-0000-000000000007",
	'',
	'');
INSERT INTO O_REF
	VALUES ("f4877fe5-4b18-47bb-a221-fb05899cc90c",
	"6938f8d7-0f9f-4032-9df0-e37f086ea344",
	0,
	"7b2b0dc2-de98-4547-9fdd-d10b3ddccde8",
	"66adfe21-6a1c-445e-9329-e946d463ff33",
	"04a6dad4-8917-488f-9fff-7b9aa8efcb30",
	"5405d276-8855-4a95-b3dc-af129865f195",
	"5e33781e-aee9-4947-89f8-b4c11fd79539",
	"a8edf860-118e-4ed0-add9-f0600120f397",
	"00000000-0000-0000-0000-000000000000",
	0,
	'',
	'Lief Device',
	'LiefDeviceId',
	'R5.''lief''');
INSERT INTO O_RATTR
	VALUES ("5e33781e-aee9-4947-89f8-b4c11fd79539",
	"f4877fe5-4b18-47bb-a221-fb05899cc90c",
	"7b2b0dc2-de98-4547-9fdd-d10b3ddccde8",
	"6938f8d7-0f9f-4032-9df0-e37f086ea344",
	1,
	'LiefDeviceId');
INSERT INTO O_ATTR
	VALUES ("5e33781e-aee9-4947-89f8-b4c11fd79539",
	"f4877fe5-4b18-47bb-a221-fb05899cc90c",
	"bf4b7d4b-3d5c-4d8b-a85f-1afaa925b54e",
	'LiefDeviceId',
	'',
	'',
	'LiefDeviceId',
	0,
	"ba5eda7a-def5-0000-0000-000000000007",
	'',
	'');
INSERT INTO O_ID
	VALUES (0,
	"f4877fe5-4b18-47bb-a221-fb05899cc90c");
INSERT INTO O_OIDA
	VALUES ("856e2ed9-6496-4544-82d1-3e711c0a30a6",
	"f4877fe5-4b18-47bb-a221-fb05899cc90c",
	0,
	'MMLId');
INSERT INTO O_ID
	VALUES (1,
	"f4877fe5-4b18-47bb-a221-fb05899cc90c");
INSERT INTO O_OIDA
	VALUES ("bf4b7d4b-3d5c-4d8b-a85f-1afaa925b54e",
	"f4877fe5-4b18-47bb-a221-fb05899cc90c",
	1,
	'MiddleEntityId');
INSERT INTO O_OIDA
	VALUES ("5e33781e-aee9-4947-89f8-b4c11fd79539",
	"f4877fe5-4b18-47bb-a221-fb05899cc90c",
	1,
	'LiefDeviceId');
INSERT INTO O_ID
	VALUES (2,
	"f4877fe5-4b18-47bb-a221-fb05899cc90c");
INSERT INTO PE_PE
	VALUES ("6938f8d7-0f9f-4032-9df0-e37f086ea344",
	1,
	"db4cdfa6-8291-4127-a852-8c38adeced09",
	"00000000-0000-0000-0000-000000000000",
	4);
INSERT INTO O_OBJ
	VALUES ("6938f8d7-0f9f-4032-9df0-e37f086ea344",
	'Lief Device',
	3,
	'LD',
	'@iotpnp',
	"00000000-0000-0000-0000-000000000000");
INSERT INTO O_TFR
	VALUES ("71a713f8-a16f-449d-ae9f-8285b56a8b1b",
	"6938f8d7-0f9f-4032-9df0-e37f086ea344",
	'Command',
	'',
	"ba5eda7a-def5-0000-0000-000000000000",
	1,
	'',
	1,
	'',
	"00000000-0000-0000-0000-000000000000",
	0,
	1);
INSERT INTO O_TPARM
	VALUES ("750e1811-96be-4210-98f3-0f20b6ce37fd",
	"71a713f8-a16f-449d-ae9f-8285b56a8b1b",
	'order',
	"ba5eda7a-def5-0000-0000-000000000004",
	0,
	'',
	"00000000-0000-0000-0000-000000000000",
	'');
INSERT INTO ACT_OPB
	VALUES ("36498377-89f2-4176-956b-5398da242821",
	"71a713f8-a16f-449d-ae9f-8285b56a8b1b");
INSERT INTO ACT_ACT
	VALUES ("36498377-89f2-4176-956b-5398da242821",
	'operation',
	0,
	"9475cd2c-df39-430d-b78a-d2c64578bab7",
	"00000000-0000-0000-0000-000000000000",
	0,
	'Lief Device::Command',
	"00000000-0000-0000-0000-000000000000");
INSERT INTO ACT_BLK
	VALUES ("9475cd2c-df39-430d-b78a-d2c64578bab7",
	0,
	0,
	0,
	'',
	'',
	'',
	0,
	0,
	0,
	0,
	0,
	0,
	0,
	0,
	0,
	0,
	0,
	0,
	0,
	"36498377-89f2-4176-956b-5398da242821",
	"00000000-0000-0000-0000-000000000000");
INSERT INTO O_TFR
	VALUES ("8b038ddb-1698-467c-9c03-652f1302042a",
	"6938f8d7-0f9f-4032-9df0-e37f086ea344",
	'MeasureEnvironment',
	'',
	"ba5eda7a-def5-0000-0000-000000000000",
	1,
	'',
	1,
	'',
	"71a713f8-a16f-449d-ae9f-8285b56a8b1b",
	0,
	2);
INSERT INTO ACT_OPB
	VALUES ("6f59de55-a10a-48f2-8383-3486a5d56926",
	"8b038ddb-1698-467c-9c03-652f1302042a");
INSERT INTO ACT_ACT
	VALUES ("6f59de55-a10a-48f2-8383-3486a5d56926",
	'operation',
	0,
	"743021f3-8673-4feb-aa67-15d8aa639bdd",
	"00000000-0000-0000-0000-000000000000",
	0,
	'Lief Device::MeasureEnvironment',
	"00000000-0000-0000-0000-000000000000");
INSERT INTO ACT_BLK
	VALUES ("743021f3-8673-4feb-aa67-15d8aa639bdd",
	0,
	0,
	0,
	'',
	'',
	'',
	0,
	0,
	0,
	0,
	0,
	0,
	0,
	0,
	0,
	0,
	0,
	0,
	0,
	"6f59de55-a10a-48f2-8383-3486a5d56926",
	"00000000-0000-0000-0000-000000000000");
INSERT INTO O_TFR
	VALUES ("4451822f-024d-4288-a5d8-3e1ed546fb60",
	"6938f8d7-0f9f-4032-9df0-e37f086ea344",
	'CommandWithResult',
	'',
	"ba5eda7a-def5-0000-0000-000000000004",
	1,
	'result = "";

return result;',
	1,
	'',
	"8b038ddb-1698-467c-9c03-652f1302042a",
	0,
	3);
INSERT INTO O_TPARM
	VALUES ("fb40fdfd-643a-4b92-9635-b61b95d55f9d",
	"4451822f-024d-4288-a5d8-3e1ed546fb60",
	'mode',
	"ba5eda7a-def5-0000-0000-000000000002",
	0,
	'',
	"00000000-0000-0000-0000-000000000000",
	'');
INSERT INTO O_TPARM
	VALUES ("90565b95-9d10-42d9-b7ed-93b20131079a",
	"4451822f-024d-4288-a5d8-3e1ed546fb60",
	'operation',
	"ba5eda7a-def5-0000-0000-000000000004",
	0,
	'',
	"fb40fdfd-643a-4b92-9635-b61b95d55f9d",
	'');
INSERT INTO ACT_OPB
	VALUES ("137e19bd-51d2-41dc-8445-14f4ef21a9bd",
	"4451822f-024d-4288-a5d8-3e1ed546fb60");
INSERT INTO ACT_ACT
	VALUES ("137e19bd-51d2-41dc-8445-14f4ef21a9bd",
	'operation',
	0,
	"8f49b37e-1ce3-4cc1-b78f-87445b9025f0",
	"00000000-0000-0000-0000-000000000000",
	0,
	'Lief Device::CommandWithResult',
	"00000000-0000-0000-0000-000000000000");
INSERT INTO ACT_BLK
	VALUES ("8f49b37e-1ce3-4cc1-b78f-87445b9025f0",
	0,
	0,
	0,
	'',
	'',
	'',
	3,
	1,
	0,
	0,
	0,
	0,
	0,
	0,
	0,
	0,
	0,
	0,
	0,
	"137e19bd-51d2-41dc-8445-14f4ef21a9bd",
	"00000000-0000-0000-0000-000000000000");
INSERT INTO ACT_SMT
	VALUES ("f057cc4b-77a3-44ff-9674-9f4877613032",
	"8f49b37e-1ce3-4cc1-b78f-87445b9025f0",
	"20f9cbb3-657c-4104-a77c-dd5b2aa8f1fb",
	1,
	1,
	'Lief Device::CommandWithResult line: 1');
INSERT INTO ACT_AI
	VALUES ("f057cc4b-77a3-44ff-9674-9f4877613032",
	"28fbd9c9-7895-4a1c-9470-fd37378281be",
	"1012c347-a239-42e4-b9a3-fa74e0a3e860",
	0,
	0);
INSERT INTO ACT_SMT
	VALUES ("20f9cbb3-657c-4104-a77c-dd5b2aa8f1fb",
	"8f49b37e-1ce3-4cc1-b78f-87445b9025f0",
	"00000000-0000-0000-0000-000000000000",
	3,
	1,
	'Lief Device::CommandWithResult line: 3');
INSERT INTO ACT_RET
	VALUES ("20f9cbb3-657c-4104-a77c-dd5b2aa8f1fb",
	"9ca3f463-0c02-4df0-a416-d7091ce7668a");
INSERT INTO V_VAL
	VALUES ("1012c347-a239-42e4-b9a3-fa74e0a3e860",
	1,
	1,
	1,
	1,
	6,
	0,
	0,
	0,
	0,
	"ba5eda7a-def5-0000-0000-000000000004",
	"8f49b37e-1ce3-4cc1-b78f-87445b9025f0");
INSERT INTO V_TVL
	VALUES ("1012c347-a239-42e4-b9a3-fa74e0a3e860",
	"7b6d98a4-9742-4b43-898e-1bb6dcce5367");
INSERT INTO V_VAL
	VALUES ("28fbd9c9-7895-4a1c-9470-fd37378281be",
	0,
	0,
	1,
	10,
	10,
	0,
	0,
	0,
	0,
	"ba5eda7a-def5-0000-0000-000000000004",
	"8f49b37e-1ce3-4cc1-b78f-87445b9025f0");
INSERT INTO V_LST
	VALUES ("28fbd9c9-7895-4a1c-9470-fd37378281be",
	'');
INSERT INTO V_VAL
	VALUES ("9ca3f463-0c02-4df0-a416-d7091ce7668a",
	0,
	0,
	3,
	8,
	13,
	0,
	0,
	0,
	0,
	"ba5eda7a-def5-0000-0000-000000000004",
	"8f49b37e-1ce3-4cc1-b78f-87445b9025f0");
INSERT INTO V_TVL
	VALUES ("9ca3f463-0c02-4df0-a416-d7091ce7668a",
	"7b6d98a4-9742-4b43-898e-1bb6dcce5367");
INSERT INTO V_VAR
	VALUES ("7b6d98a4-9742-4b43-898e-1bb6dcce5367",
	"8f49b37e-1ce3-4cc1-b78f-87445b9025f0",
	'result',
	1,
	"ba5eda7a-def5-0000-0000-000000000004");
INSERT INTO V_TRN
	VALUES ("7b6d98a4-9742-4b43-898e-1bb6dcce5367",
	"00000000-0000-0000-0000-000000000000",
	'');
INSERT INTO O_NBATTR
	VALUES ("7b2b0dc2-de98-4547-9fdd-d10b3ddccde8",
	"6938f8d7-0f9f-4032-9df0-e37f086ea344");
INSERT INTO O_BATTR
	VALUES ("7b2b0dc2-de98-4547-9fdd-d10b3ddccde8",
	"6938f8d7-0f9f-4032-9df0-e37f086ea344");
INSERT INTO O_ATTR
	VALUES ("7b2b0dc2-de98-4547-9fdd-d10b3ddccde8",
	"6938f8d7-0f9f-4032-9df0-e37f086ea344",
	"00000000-0000-0000-0000-000000000000",
	'LiefDeviceId',
	'@iotpnp(deviceid,exclude)',
	'',
	'LiefDeviceId',
	0,
	"ba5eda7a-def5-0000-0000-000000000005",
	'',
	'');
INSERT INTO O_NBATTR
	VALUES ("06cd5902-dbea-43f4-a2d9-192addb54d82",
	"6938f8d7-0f9f-4032-9df0-e37f086ea344");
INSERT INTO O_BATTR
	VALUES ("06cd5902-dbea-43f4-a2d9-192addb54d82",
	"6938f8d7-0f9f-4032-9df0-e37f086ea344");
INSERT INTO O_ATTR
	VALUES ("06cd5902-dbea-43f4-a2d9-192addb54d82",
	"6938f8d7-0f9f-4032-9df0-e37f086ea344",
	"7b2b0dc2-de98-4547-9fdd-d10b3ddccde8",
	'Environment',
	'@iotpnp(telemetry)',
	'',
	'Environment',
	0,
	"a4c3cc91-a5c3-4e0f-8ce3-f4a590f331a9",
	'',
	'');
INSERT INTO O_NBATTR
	VALUES ("48b872fa-3a47-4568-91e1-5d87fca8a3b2",
	"6938f8d7-0f9f-4032-9df0-e37f086ea344");
INSERT INTO O_BATTR
	VALUES ("48b872fa-3a47-4568-91e1-5d87fca8a3b2",
	"6938f8d7-0f9f-4032-9df0-e37f086ea344");
INSERT INTO O_ATTR
	VALUES ("48b872fa-3a47-4568-91e1-5d87fca8a3b2",
	"6938f8d7-0f9f-4032-9df0-e37f086ea344",
	"06cd5902-dbea-43f4-a2d9-192addb54d82",
	'Number',
	'',
	'',
	'Number',
	0,
	"ba5eda7a-def5-0000-0000-000000000002",
	'',
	'');
INSERT INTO O_REF
	VALUES ("6938f8d7-0f9f-4032-9df0-e37f086ea344",
	"b9d246e2-2ced-4679-9c21-c885d2a20b6e",
	0,
	"61cbd3c8-f49b-406f-815d-fe05f0728cd4",
	"ef598959-eb6f-4b6f-b66d-c43035833a57",
	"d57880a3-3878-4310-a09b-73e699766600",
	"e16ffb12-a966-44dd-bec4-a00660573676",
	"677288da-2b81-4524-af8e-7094326c2a3f",
	"658703ac-d3c0-4fcd-bacb-3e998d62c92d",
	"00000000-0000-0000-0000-000000000000",
	0,
	'',
	'Middle Entity',
	'MiddleEntityId',
	'R2');
INSERT INTO O_RATTR
	VALUES ("677288da-2b81-4524-af8e-7094326c2a3f",
	"6938f8d7-0f9f-4032-9df0-e37f086ea344",
	"61cbd3c8-f49b-406f-815d-fe05f0728cd4",
	"b9d246e2-2ced-4679-9c21-c885d2a20b6e",
	1,
	'MiddleEntityId');
INSERT INTO O_ATTR
	VALUES ("677288da-2b81-4524-af8e-7094326c2a3f",
	"6938f8d7-0f9f-4032-9df0-e37f086ea344",
	"48b872fa-3a47-4568-91e1-5d87fca8a3b2",
	'MiddleEntityId',
	'@iotpnp(exclude)',
	'',
	'MiddleEntityId',
	0,
	"ba5eda7a-def5-0000-0000-000000000007",
	'',
	'');
INSERT INTO O_NBATTR
	VALUES ("1a3bf181-cddc-4aa2-89b3-485e900062c9",
	"6938f8d7-0f9f-4032-9df0-e37f086ea344");
INSERT INTO O_BATTR
	VALUES ("1a3bf181-cddc-4aa2-89b3-485e900062c9",
	"6938f8d7-0f9f-4032-9df0-e37f086ea344");
INSERT INTO O_ATTR
	VALUES ("1a3bf181-cddc-4aa2-89b3-485e900062c9",
	"6938f8d7-0f9f-4032-9df0-e37f086ea344",
	"677288da-2b81-4524-af8e-7094326c2a3f",
	'RequestInterval',
	'',
	'',
	'RequestInterval',
	0,
	"ba5eda7a-def5-0000-0000-000000000002",
	'',
	'');
INSERT INTO O_NBATTR
	VALUES ("d4c5e4fb-9cd9-4c7e-8ac1-3600b9dba6e1",
	"6938f8d7-0f9f-4032-9df0-e37f086ea344");
INSERT INTO O_BATTR
	VALUES ("d4c5e4fb-9cd9-4c7e-8ac1-3600b9dba6e1",
	"6938f8d7-0f9f-4032-9df0-e37f086ea344");
INSERT INTO O_ATTR
	VALUES ("d4c5e4fb-9cd9-4c7e-8ac1-3600b9dba6e1",
	"6938f8d7-0f9f-4032-9df0-e37f086ea344",
	"1a3bf181-cddc-4aa2-89b3-485e900062c9",
	'CurrentInterval',
	'@iotpnp(readonly)',
	'',
	'CurrentInterval',
	0,
	"ba5eda7a-def5-0000-0000-000000000002",
	'',
	'');
INSERT INTO O_NBATTR
	VALUES ("3bf074bb-20b8-4504-ac26-60107950eb87",
	"6938f8d7-0f9f-4032-9df0-e37f086ea344");
INSERT INTO O_BATTR
	VALUES ("3bf074bb-20b8-4504-ac26-60107950eb87",
	"6938f8d7-0f9f-4032-9df0-e37f086ea344");
INSERT INTO O_ATTR
	VALUES ("3bf074bb-20b8-4504-ac26-60107950eb87",
	"6938f8d7-0f9f-4032-9df0-e37f086ea344",
	"d4c5e4fb-9cd9-4c7e-8ac1-3600b9dba6e1",
	'DeviceStatus',
	'@iotpnp(readonly)',
	'',
	'DeviceStatus',
	0,
	"ba5eda7a-def5-0000-0000-000000000004",
	'',
	'');
INSERT INTO O_NBATTR
	VALUES ("c72ca8f7-5f49-4ef1-9706-86080472bc05",
	"6938f8d7-0f9f-4032-9df0-e37f086ea344");
INSERT INTO O_BATTR
	VALUES ("c72ca8f7-5f49-4ef1-9706-86080472bc05",
	"6938f8d7-0f9f-4032-9df0-e37f086ea344");
INSERT INTO O_ATTR
	VALUES ("c72ca8f7-5f49-4ef1-9706-86080472bc05",
	"6938f8d7-0f9f-4032-9df0-e37f086ea344",
	"3bf074bb-20b8-4504-ac26-60107950eb87",
	'current_state',
	'@iotpnp(exclude)',
	'',
	'current_state',
	0,
	"ba5eda7a-def5-0000-0000-000000000006",
	'',
	'');
INSERT INTO O_ID
	VALUES (0,
	"6938f8d7-0f9f-4032-9df0-e37f086ea344");
INSERT INTO O_OIDA
	VALUES ("7b2b0dc2-de98-4547-9fdd-d10b3ddccde8",
	"6938f8d7-0f9f-4032-9df0-e37f086ea344",
	0,
	'LiefDeviceId');
INSERT INTO O_ID
	VALUES (1,
	"6938f8d7-0f9f-4032-9df0-e37f086ea344");
INSERT INTO O_OIDA
	VALUES ("48b872fa-3a47-4568-91e1-5d87fca8a3b2",
	"6938f8d7-0f9f-4032-9df0-e37f086ea344",
	1,
	'Number');
INSERT INTO O_OIDA
	VALUES ("677288da-2b81-4524-af8e-7094326c2a3f",
	"6938f8d7-0f9f-4032-9df0-e37f086ea344",
	1,
	'MiddleEntityId');
INSERT INTO O_ID
	VALUES (2,
	"6938f8d7-0f9f-4032-9df0-e37f086ea344");
INSERT INTO SM_ISM
	VALUES ("0212dfbe-08bb-407e-a291-53908760ba42",
	"6938f8d7-0f9f-4032-9df0-e37f086ea344");
INSERT INTO SM_SM
	VALUES ("0212dfbe-08bb-407e-a291-53908760ba42",
	'',
	0);
INSERT INTO SM_MOORE
	VALUES ("0212dfbe-08bb-407e-a291-53908760ba42");
INSERT INTO SM_LEVT
	VALUES ("ccf5eba2-1074-4576-8c6d-6839f175d08a",
	"0212dfbe-08bb-407e-a291-53908760ba42",
	"00000000-0000-0000-0000-000000000000");
INSERT INTO SM_SEVT
	VALUES ("ccf5eba2-1074-4576-8c6d-6839f175d08a",
	"0212dfbe-08bb-407e-a291-53908760ba42",
	"00000000-0000-0000-0000-000000000000");
INSERT INTO SM_EVT
	VALUES ("ccf5eba2-1074-4576-8c6d-6839f175d08a",
	"0212dfbe-08bb-407e-a291-53908760ba42",
	"00000000-0000-0000-0000-000000000000",
	1,
	'Measure',
	0,
	'',
	'LD1',
	'');
INSERT INTO SM_LEVT
	VALUES ("4292d593-8b7f-4948-bf46-cb7605335461",
	"0212dfbe-08bb-407e-a291-53908760ba42",
	"00000000-0000-0000-0000-000000000000");
INSERT INTO SM_SEVT
	VALUES ("4292d593-8b7f-4948-bf46-cb7605335461",
	"0212dfbe-08bb-407e-a291-53908760ba42",
	"00000000-0000-0000-0000-000000000000");
INSERT INTO SM_EVT
	VALUES ("4292d593-8b7f-4948-bf46-cb7605335461",
	"0212dfbe-08bb-407e-a291-53908760ba42",
	"00000000-0000-0000-0000-000000000000",
	2,
	'Measured',
	0,
	'',
	'LD2',
	'');
INSERT INTO SM_STATE
	VALUES ("d6b69a67-8948-4f4d-9cc6-9c754f1b0138",
	"0212dfbe-08bb-407e-a291-53908760ba42",
	"00000000-0000-0000-0000-000000000000",
	'Wait for Measure',
	1,
	0);
INSERT INTO SM_SEME
	VALUES ("d6b69a67-8948-4f4d-9cc6-9c754f1b0138",
	"ccf5eba2-1074-4576-8c6d-6839f175d08a",
	"0212dfbe-08bb-407e-a291-53908760ba42",
	"00000000-0000-0000-0000-000000000000");
INSERT INTO SM_CH
	VALUES ("d6b69a67-8948-4f4d-9cc6-9c754f1b0138",
	"4292d593-8b7f-4948-bf46-cb7605335461",
	"0212dfbe-08bb-407e-a291-53908760ba42",
	"00000000-0000-0000-0000-000000000000",
	'');
INSERT INTO SM_SEME
	VALUES ("d6b69a67-8948-4f4d-9cc6-9c754f1b0138",
	"4292d593-8b7f-4948-bf46-cb7605335461",
	"0212dfbe-08bb-407e-a291-53908760ba42",
	"00000000-0000-0000-0000-000000000000");
INSERT INTO SM_MOAH
	VALUES ("3cd7b1c2-a3b6-4c24-ae24-5185662fa7df",
	"0212dfbe-08bb-407e-a291-53908760ba42",
	"d6b69a67-8948-4f4d-9cc6-9c754f1b0138");
INSERT INTO SM_AH
	VALUES ("3cd7b1c2-a3b6-4c24-ae24-5185662fa7df",
	"0212dfbe-08bb-407e-a291-53908760ba42");
INSERT INTO SM_ACT
	VALUES ("3cd7b1c2-a3b6-4c24-ae24-5185662fa7df",
	"0212dfbe-08bb-407e-a291-53908760ba42",
	1,
	'',
	'',
	0);
INSERT INTO ACT_SAB
	VALUES ("4b3ebcbc-1eb3-4ea9-a084-6d0648bc8c8d",
	"0212dfbe-08bb-407e-a291-53908760ba42",
	"3cd7b1c2-a3b6-4c24-ae24-5185662fa7df");
INSERT INTO ACT_ACT
	VALUES ("4b3ebcbc-1eb3-4ea9-a084-6d0648bc8c8d",
	'state',
	0,
	"e1da11d0-2d8f-4dc2-8199-6c9a610f2676",
	"00000000-0000-0000-0000-000000000000",
	0,
	'Lief Device::Wait for Measure',
	"00000000-0000-0000-0000-000000000000");
INSERT INTO ACT_BLK
	VALUES ("e1da11d0-2d8f-4dc2-8199-6c9a610f2676",
	0,
	0,
	0,
	'',
	'',
	'',
	0,
	0,
	0,
	0,
	0,
	0,
	0,
	0,
	0,
	0,
	0,
	0,
	0,
	"4b3ebcbc-1eb3-4ea9-a084-6d0648bc8c8d",
	"00000000-0000-0000-0000-000000000000");
INSERT INTO SM_STATE
	VALUES ("86b2cf91-5356-440f-81b5-85d82262649d",
	"0212dfbe-08bb-407e-a291-53908760ba42",
	"00000000-0000-0000-0000-000000000000",
	'Measured',
	2,
	0);
INSERT INTO SM_CH
	VALUES ("86b2cf91-5356-440f-81b5-85d82262649d",
	"ccf5eba2-1074-4576-8c6d-6839f175d08a",
	"0212dfbe-08bb-407e-a291-53908760ba42",
	"00000000-0000-0000-0000-000000000000",
	'');
INSERT INTO SM_SEME
	VALUES ("86b2cf91-5356-440f-81b5-85d82262649d",
	"ccf5eba2-1074-4576-8c6d-6839f175d08a",
	"0212dfbe-08bb-407e-a291-53908760ba42",
	"00000000-0000-0000-0000-000000000000");
INSERT INTO SM_SEME
	VALUES ("86b2cf91-5356-440f-81b5-85d82262649d",
	"4292d593-8b7f-4948-bf46-cb7605335461",
	"0212dfbe-08bb-407e-a291-53908760ba42",
	"00000000-0000-0000-0000-000000000000");
INSERT INTO SM_MOAH
	VALUES ("b3ad6d01-0bb3-42f4-85dc-3cb43c509c85",
	"0212dfbe-08bb-407e-a291-53908760ba42",
	"86b2cf91-5356-440f-81b5-85d82262649d");
INSERT INTO SM_AH
	VALUES ("b3ad6d01-0bb3-42f4-85dc-3cb43c509c85",
	"0212dfbe-08bb-407e-a291-53908760ba42");
INSERT INTO SM_ACT
	VALUES ("b3ad6d01-0bb3-42f4-85dc-3cb43c509c85",
	"0212dfbe-08bb-407e-a291-53908760ba42",
	1,
	'SELF.MeasureEnvironment();
GENERATE LD2:Measured TO SELF;',
	'',
	0);
INSERT INTO ACT_SAB
	VALUES ("b15cccef-e1d7-4b6d-850d-62a89f2fffd9",
	"0212dfbe-08bb-407e-a291-53908760ba42",
	"b3ad6d01-0bb3-42f4-85dc-3cb43c509c85");
INSERT INTO ACT_ACT
	VALUES ("b15cccef-e1d7-4b6d-850d-62a89f2fffd9",
	'state',
	0,
	"b2b04fc9-a7c9-4ef7-91e4-28f3c19587bf",
	"00000000-0000-0000-0000-000000000000",
	0,
	'Lief Device::Measured',
	"00000000-0000-0000-0000-000000000000");
INSERT INTO ACT_BLK
	VALUES ("b2b04fc9-a7c9-4ef7-91e4-28f3c19587bf",
	0,
	0,
	0,
	'V_VAR.Var_ID',
	'',
	'',
	2,
	1,
	0,
	0,
	0,
	0,
	0,
	0,
	0,
	0,
	0,
	0,
	0,
	"b15cccef-e1d7-4b6d-850d-62a89f2fffd9",
	"00000000-0000-0000-0000-000000000000");
INSERT INTO ACT_SMT
	VALUES ("dcf675e1-c360-48c1-b3b0-751fd07e555c",
	"b2b04fc9-a7c9-4ef7-91e4-28f3c19587bf",
	"a308fcac-4695-4472-b419-8b39b5cc5d2f",
	1,
	1,
	'Lief Device::Measured line: 1');
INSERT INTO ACT_TFM
	VALUES ("dcf675e1-c360-48c1-b3b0-751fd07e555c",
	"8b038ddb-1698-467c-9c03-652f1302042a",
	"9746eab2-d076-4222-8f36-49efeb9e9dd4",
	1,
	6,
	0,
	0);
INSERT INTO ACT_SMT
	VALUES ("a308fcac-4695-4472-b419-8b39b5cc5d2f",
	"b2b04fc9-a7c9-4ef7-91e4-28f3c19587bf",
	"00000000-0000-0000-0000-000000000000",
	2,
	1,
	'Lief Device::Measured line: 2');
INSERT INTO E_ESS
	VALUES ("a308fcac-4695-4472-b419-8b39b5cc5d2f",
	1,
	0,
	2,
	10,
	2,
	14,
	0,
	0,
	0,
	0,
	0,
	0);
INSERT INTO E_GES
	VALUES ("a308fcac-4695-4472-b419-8b39b5cc5d2f");
INSERT INTO E_GSME
	VALUES ("a308fcac-4695-4472-b419-8b39b5cc5d2f",
	"4292d593-8b7f-4948-bf46-cb7605335461");
INSERT INTO E_GEN
	VALUES ("a308fcac-4695-4472-b419-8b39b5cc5d2f",
	"9746eab2-d076-4222-8f36-49efeb9e9dd4");
INSERT INTO V_VAR
	VALUES ("9746eab2-d076-4222-8f36-49efeb9e9dd4",
	"b2b04fc9-a7c9-4ef7-91e4-28f3c19587bf",
	'SELF',
	1,
	"ba5eda7a-def5-0000-0000-000000000008");
INSERT INTO V_INT
	VALUES ("9746eab2-d076-4222-8f36-49efeb9e9dd4",
	0,
	"6938f8d7-0f9f-4032-9df0-e37f086ea344");
INSERT INTO SM_NSTXN
	VALUES ("b650c480-f9ba-480b-9fdc-85c5cfa4f45b",
	"0212dfbe-08bb-407e-a291-53908760ba42",
	"d6b69a67-8948-4f4d-9cc6-9c754f1b0138",
	"ccf5eba2-1074-4576-8c6d-6839f175d08a",
	"00000000-0000-0000-0000-000000000000");
INSERT INTO SM_TAH
	VALUES ("a149d3bf-5e41-4a0d-a2dc-246789351c81",
	"0212dfbe-08bb-407e-a291-53908760ba42",
	"b650c480-f9ba-480b-9fdc-85c5cfa4f45b");
INSERT INTO SM_AH
	VALUES ("a149d3bf-5e41-4a0d-a2dc-246789351c81",
	"0212dfbe-08bb-407e-a291-53908760ba42");
INSERT INTO SM_ACT
	VALUES ("a149d3bf-5e41-4a0d-a2dc-246789351c81",
	"0212dfbe-08bb-407e-a291-53908760ba42",
	1,
	'',
	'',
	0);
INSERT INTO ACT_TAB
	VALUES ("1f160b09-7c02-4c16-b70f-46ae14b8275e",
	"0212dfbe-08bb-407e-a291-53908760ba42",
	"a149d3bf-5e41-4a0d-a2dc-246789351c81");
INSERT INTO ACT_ACT
	VALUES ("1f160b09-7c02-4c16-b70f-46ae14b8275e",
	'transition',
	0,
	"28a13361-2fce-451f-86f1-d0c49229f84d",
	"00000000-0000-0000-0000-000000000000",
	0,
	'LD1: Measure',
	"00000000-0000-0000-0000-000000000000");
INSERT INTO ACT_BLK
	VALUES ("28a13361-2fce-451f-86f1-d0c49229f84d",
	0,
	0,
	0,
	'',
	'',
	'',
	0,
	0,
	0,
	0,
	0,
	0,
	0,
	0,
	0,
	0,
	0,
	0,
	0,
	"1f160b09-7c02-4c16-b70f-46ae14b8275e",
	"00000000-0000-0000-0000-000000000000");
INSERT INTO SM_TXN
	VALUES ("b650c480-f9ba-480b-9fdc-85c5cfa4f45b",
	"0212dfbe-08bb-407e-a291-53908760ba42",
	"86b2cf91-5356-440f-81b5-85d82262649d",
	"00000000-0000-0000-0000-000000000000");
INSERT INTO SM_NSTXN
	VALUES ("615c8430-b37d-42be-ad9c-8e45342753fb",
	"0212dfbe-08bb-407e-a291-53908760ba42",
	"86b2cf91-5356-440f-81b5-85d82262649d",
	"4292d593-8b7f-4948-bf46-cb7605335461",
	"00000000-0000-0000-0000-000000000000");
INSERT INTO SM_TAH
	VALUES ("a9e76ab8-53a8-45ce-8447-f32fb33b38f5",
	"0212dfbe-08bb-407e-a291-53908760ba42",
	"615c8430-b37d-42be-ad9c-8e45342753fb");
INSERT INTO SM_AH
	VALUES ("a9e76ab8-53a8-45ce-8447-f32fb33b38f5",
	"0212dfbe-08bb-407e-a291-53908760ba42");
INSERT INTO SM_ACT
	VALUES ("a9e76ab8-53a8-45ce-8447-f32fb33b38f5",
	"0212dfbe-08bb-407e-a291-53908760ba42",
	1,
	'',
	'',
	0);
INSERT INTO ACT_TAB
	VALUES ("1d3fb417-64c8-46c1-8829-8245d7f1d719",
	"0212dfbe-08bb-407e-a291-53908760ba42",
	"a9e76ab8-53a8-45ce-8447-f32fb33b38f5");
INSERT INTO ACT_ACT
	VALUES ("1d3fb417-64c8-46c1-8829-8245d7f1d719",
	'transition',
	0,
	"5f10aa06-94d1-42f0-903f-763972368d50",
	"00000000-0000-0000-0000-000000000000",
	0,
	'LD2: Measured',
	"00000000-0000-0000-0000-000000000000");
INSERT INTO ACT_BLK
	VALUES ("5f10aa06-94d1-42f0-903f-763972368d50",
	0,
	0,
	0,
	'',
	'',
	'',
	0,
	0,
	0,
	0,
	0,
	0,
	0,
	0,
	0,
	0,
	0,
	0,
	0,
	"1d3fb417-64c8-46c1-8829-8245d7f1d719",
	"00000000-0000-0000-0000-000000000000");
INSERT INTO SM_TXN
	VALUES ("615c8430-b37d-42be-ad9c-8e45342753fb",
	"0212dfbe-08bb-407e-a291-53908760ba42",
	"d6b69a67-8948-4f4d-9cc6-9c754f1b0138",
	"00000000-0000-0000-0000-000000000000");
INSERT INTO PE_PE
	VALUES ("8e1cea38-b096-4259-8672-caf261f34182",
	1,
	"db4cdfa6-8291-4127-a852-8c38adeced09",
	"00000000-0000-0000-0000-000000000000",
	9);
INSERT INTO R_REL
	VALUES ("8e1cea38-b096-4259-8672-caf261f34182",
	1,
	'',
	"00000000-0000-0000-0000-000000000000");
INSERT INTO R_SIMP
	VALUES ("8e1cea38-b096-4259-8672-caf261f34182");
INSERT INTO R_PART
	VALUES ("259f4456-9ac2-41c5-add3-a05dd80d0c57",
	"8e1cea38-b096-4259-8672-caf261f34182",
	"4dda8e58-3897-452f-9a44-5615a1851efc",
	0,
	0,
	'');
INSERT INTO O_RTIDA
	VALUES ("9f3e9730-2ac9-426c-9ce5-1e9ca4c32233",
	"259f4456-9ac2-41c5-add3-a05dd80d0c57",
	0,
	"8e1cea38-b096-4259-8672-caf261f34182",
	"4dda8e58-3897-452f-9a44-5615a1851efc");
INSERT INTO R_RTO
	VALUES ("259f4456-9ac2-41c5-add3-a05dd80d0c57",
	"8e1cea38-b096-4259-8672-caf261f34182",
	"4dda8e58-3897-452f-9a44-5615a1851efc",
	0);
INSERT INTO R_OIR
	VALUES ("259f4456-9ac2-41c5-add3-a05dd80d0c57",
	"8e1cea38-b096-4259-8672-caf261f34182",
	"4dda8e58-3897-452f-9a44-5615a1851efc",
	"00000000-0000-0000-0000-000000000000");
INSERT INTO R_FORM
	VALUES ("b9d246e2-2ced-4679-9c21-c885d2a20b6e",
	"8e1cea38-b096-4259-8672-caf261f34182",
	"f8cfacca-07d8-4f48-a248-3ec6ab749ab0",
	1,
	1,
	'child');
INSERT INTO R_RGO
	VALUES ("b9d246e2-2ced-4679-9c21-c885d2a20b6e",
	"8e1cea38-b096-4259-8672-caf261f34182",
	"f8cfacca-07d8-4f48-a248-3ec6ab749ab0");
INSERT INTO R_OIR
	VALUES ("b9d246e2-2ced-4679-9c21-c885d2a20b6e",
	"8e1cea38-b096-4259-8672-caf261f34182",
	"f8cfacca-07d8-4f48-a248-3ec6ab749ab0",
	"00000000-0000-0000-0000-000000000000");
INSERT INTO PE_PE
	VALUES ("ef598959-eb6f-4b6f-b66d-c43035833a57",
	1,
	"db4cdfa6-8291-4127-a852-8c38adeced09",
	"00000000-0000-0000-0000-000000000000",
	9);
INSERT INTO R_REL
	VALUES ("ef598959-eb6f-4b6f-b66d-c43035833a57",
	2,
	'',
	"00000000-0000-0000-0000-000000000000");
INSERT INTO R_SIMP
	VALUES ("ef598959-eb6f-4b6f-b66d-c43035833a57");
INSERT INTO R_PART
	VALUES ("b9d246e2-2ced-4679-9c21-c885d2a20b6e",
	"ef598959-eb6f-4b6f-b66d-c43035833a57",
	"e16ffb12-a966-44dd-bec4-a00660573676",
	0,
	1,
	'');
INSERT INTO O_RTIDA
	VALUES ("61cbd3c8-f49b-406f-815d-fe05f0728cd4",
	"b9d246e2-2ced-4679-9c21-c885d2a20b6e",
	0,
	"ef598959-eb6f-4b6f-b66d-c43035833a57",
	"e16ffb12-a966-44dd-bec4-a00660573676");
INSERT INTO R_RTO
	VALUES ("b9d246e2-2ced-4679-9c21-c885d2a20b6e",
	"ef598959-eb6f-4b6f-b66d-c43035833a57",
	"e16ffb12-a966-44dd-bec4-a00660573676",
	0);
INSERT INTO R_OIR
	VALUES ("b9d246e2-2ced-4679-9c21-c885d2a20b6e",
	"ef598959-eb6f-4b6f-b66d-c43035833a57",
	"e16ffb12-a966-44dd-bec4-a00660573676",
	"00000000-0000-0000-0000-000000000000");
INSERT INTO R_FORM
	VALUES ("6938f8d7-0f9f-4032-9df0-e37f086ea344",
	"ef598959-eb6f-4b6f-b66d-c43035833a57",
	"d57880a3-3878-4310-a09b-73e699766600",
	1,
	1,
	'measurement');
INSERT INTO R_RGO
	VALUES ("6938f8d7-0f9f-4032-9df0-e37f086ea344",
	"ef598959-eb6f-4b6f-b66d-c43035833a57",
	"d57880a3-3878-4310-a09b-73e699766600");
INSERT INTO R_OIR
	VALUES ("6938f8d7-0f9f-4032-9df0-e37f086ea344",
	"ef598959-eb6f-4b6f-b66d-c43035833a57",
	"d57880a3-3878-4310-a09b-73e699766600",
	"00000000-0000-0000-0000-000000000000");
INSERT INTO PE_PE
	VALUES ("7fec4e25-fe8e-4747-845f-ae71d283b0be",
	1,
	"db4cdfa6-8291-4127-a852-8c38adeced09",
	"00000000-0000-0000-0000-000000000000",
	9);
INSERT INTO R_REL
	VALUES ("7fec4e25-fe8e-4747-845f-ae71d283b0be",
	3,
	'',
	"00000000-0000-0000-0000-000000000000");
INSERT INTO R_ASSOC
	VALUES ("7fec4e25-fe8e-4747-845f-ae71d283b0be");
INSERT INTO R_AONE
	VALUES ("6938f8d7-0f9f-4032-9df0-e37f086ea344",
	"7fec4e25-fe8e-4747-845f-ae71d283b0be",
	"80402c02-08b9-46d1-ab1e-167dde0d766a",
	0,
	1,
	'right');
INSERT INTO O_RTIDA
	VALUES ("7b2b0dc2-de98-4547-9fdd-d10b3ddccde8",
	"6938f8d7-0f9f-4032-9df0-e37f086ea344",
	0,
	"7fec4e25-fe8e-4747-845f-ae71d283b0be",
	"80402c02-08b9-46d1-ab1e-167dde0d766a");
INSERT INTO R_RTO
	VALUES ("6938f8d7-0f9f-4032-9df0-e37f086ea344",
	"7fec4e25-fe8e-4747-845f-ae71d283b0be",
	"80402c02-08b9-46d1-ab1e-167dde0d766a",
	0);
INSERT INTO R_OIR
	VALUES ("6938f8d7-0f9f-4032-9df0-e37f086ea344",
	"7fec4e25-fe8e-4747-845f-ae71d283b0be",
	"80402c02-08b9-46d1-ab1e-167dde0d766a",
	"00000000-0000-0000-0000-000000000000");
INSERT INTO R_AOTH
	VALUES ("6938f8d7-0f9f-4032-9df0-e37f086ea344",
	"7fec4e25-fe8e-4747-845f-ae71d283b0be",
	"15f1bec3-1243-4e1a-b424-7579ba2caa7e",
	0,
	1,
	'left');
INSERT INTO O_RTIDA
	VALUES ("7b2b0dc2-de98-4547-9fdd-d10b3ddccde8",
	"6938f8d7-0f9f-4032-9df0-e37f086ea344",
	0,
	"7fec4e25-fe8e-4747-845f-ae71d283b0be",
	"15f1bec3-1243-4e1a-b424-7579ba2caa7e");
INSERT INTO R_RTO
	VALUES ("6938f8d7-0f9f-4032-9df0-e37f086ea344",
	"7fec4e25-fe8e-4747-845f-ae71d283b0be",
	"15f1bec3-1243-4e1a-b424-7579ba2caa7e",
	0);
INSERT INTO R_OIR
	VALUES ("6938f8d7-0f9f-4032-9df0-e37f086ea344",
	"7fec4e25-fe8e-4747-845f-ae71d283b0be",
	"15f1bec3-1243-4e1a-b424-7579ba2caa7e",
	"00000000-0000-0000-0000-000000000000");
INSERT INTO R_ASSR
	VALUES ("9801dccd-8288-4d28-a30b-8f78e45c7277",
	"7fec4e25-fe8e-4747-845f-ae71d283b0be",
	"608bcc3f-c195-4ef4-b69a-be4b9f7df0d2",
	0);
INSERT INTO R_RGO
	VALUES ("9801dccd-8288-4d28-a30b-8f78e45c7277",
	"7fec4e25-fe8e-4747-845f-ae71d283b0be",
	"608bcc3f-c195-4ef4-b69a-be4b9f7df0d2");
INSERT INTO R_OIR
	VALUES ("9801dccd-8288-4d28-a30b-8f78e45c7277",
	"7fec4e25-fe8e-4747-845f-ae71d283b0be",
	"608bcc3f-c195-4ef4-b69a-be4b9f7df0d2",
	"00000000-0000-0000-0000-000000000000");
INSERT INTO PE_PE
	VALUES ("3e78cdb9-03c1-45fd-8016-70df1160a99d",
	1,
	"db4cdfa6-8291-4127-a852-8c38adeced09",
	"00000000-0000-0000-0000-000000000000",
	9);
INSERT INTO R_REL
	VALUES ("3e78cdb9-03c1-45fd-8016-70df1160a99d",
	4,
	'',
	"00000000-0000-0000-0000-000000000000");
INSERT INTO R_SUBSUP
	VALUES ("3e78cdb9-03c1-45fd-8016-70df1160a99d");
INSERT INTO R_SUPER
	VALUES ("d89ac8be-4b14-422d-9b1e-3b316c7ec103",
	"3e78cdb9-03c1-45fd-8016-70df1160a99d",
	"42b1d4d4-3b3b-4dc1-9f28-40da29b57579");
INSERT INTO O_RTIDA
	VALUES ("c8896bbf-ec47-4637-b7ab-a591c8aa0fea",
	"d89ac8be-4b14-422d-9b1e-3b316c7ec103",
	0,
	"3e78cdb9-03c1-45fd-8016-70df1160a99d",
	"42b1d4d4-3b3b-4dc1-9f28-40da29b57579");
INSERT INTO R_RTO
	VALUES ("d89ac8be-4b14-422d-9b1e-3b316c7ec103",
	"3e78cdb9-03c1-45fd-8016-70df1160a99d",
	"42b1d4d4-3b3b-4dc1-9f28-40da29b57579",
	0);
INSERT INTO R_OIR
	VALUES ("d89ac8be-4b14-422d-9b1e-3b316c7ec103",
	"3e78cdb9-03c1-45fd-8016-70df1160a99d",
	"42b1d4d4-3b3b-4dc1-9f28-40da29b57579",
	"00000000-0000-0000-0000-000000000000");
INSERT INTO R_SUB
	VALUES ("b440c8a7-1e99-402f-8ba8-505fc0a950f2",
	"3e78cdb9-03c1-45fd-8016-70df1160a99d",
	"c182672f-4b73-4124-aa89-27f2c43ee819");
INSERT INTO R_RGO
	VALUES ("b440c8a7-1e99-402f-8ba8-505fc0a950f2",
	"3e78cdb9-03c1-45fd-8016-70df1160a99d",
	"c182672f-4b73-4124-aa89-27f2c43ee819");
INSERT INTO R_OIR
	VALUES ("b440c8a7-1e99-402f-8ba8-505fc0a950f2",
	"3e78cdb9-03c1-45fd-8016-70df1160a99d",
	"c182672f-4b73-4124-aa89-27f2c43ee819",
	"00000000-0000-0000-0000-000000000000");
INSERT INTO R_SUB
	VALUES ("98e674e9-caec-452e-94b2-d0d60e9dc2b7",
	"3e78cdb9-03c1-45fd-8016-70df1160a99d",
	"65d5d597-f8b9-4534-9daf-6e849ae80ea6");
INSERT INTO R_RGO
	VALUES ("98e674e9-caec-452e-94b2-d0d60e9dc2b7",
	"3e78cdb9-03c1-45fd-8016-70df1160a99d",
	"65d5d597-f8b9-4534-9daf-6e849ae80ea6");
INSERT INTO R_OIR
	VALUES ("98e674e9-caec-452e-94b2-d0d60e9dc2b7",
	"3e78cdb9-03c1-45fd-8016-70df1160a99d",
	"65d5d597-f8b9-4534-9daf-6e849ae80ea6",
	"00000000-0000-0000-0000-000000000000");
INSERT INTO PE_PE
	VALUES ("66adfe21-6a1c-445e-9329-e946d463ff33",
	1,
	"db4cdfa6-8291-4127-a852-8c38adeced09",
	"00000000-0000-0000-0000-000000000000",
	9);
INSERT INTO R_REL
	VALUES ("66adfe21-6a1c-445e-9329-e946d463ff33",
	5,
	'',
	"00000000-0000-0000-0000-000000000000");
INSERT INTO R_ASSOC
	VALUES ("66adfe21-6a1c-445e-9329-e946d463ff33");
INSERT INTO R_AONE
	VALUES ("b9d246e2-2ced-4679-9c21-c885d2a20b6e",
	"66adfe21-6a1c-445e-9329-e946d463ff33",
	"e0a5a4d5-197b-4b53-8a19-5a3a6d98c8b4",
	0,
	1,
	'middle');
INSERT INTO O_RTIDA
	VALUES ("61cbd3c8-f49b-406f-815d-fe05f0728cd4",
	"b9d246e2-2ced-4679-9c21-c885d2a20b6e",
	0,
	"66adfe21-6a1c-445e-9329-e946d463ff33",
	"e0a5a4d5-197b-4b53-8a19-5a3a6d98c8b4");
INSERT INTO R_RTO
	VALUES ("b9d246e2-2ced-4679-9c21-c885d2a20b6e",
	"66adfe21-6a1c-445e-9329-e946d463ff33",
	"e0a5a4d5-197b-4b53-8a19-5a3a6d98c8b4",
	0);
INSERT INTO R_OIR
	VALUES ("b9d246e2-2ced-4679-9c21-c885d2a20b6e",
	"66adfe21-6a1c-445e-9329-e946d463ff33",
	"e0a5a4d5-197b-4b53-8a19-5a3a6d98c8b4",
	"00000000-0000-0000-0000-000000000000");
INSERT INTO R_AOTH
	VALUES ("6938f8d7-0f9f-4032-9df0-e37f086ea344",
	"66adfe21-6a1c-445e-9329-e946d463ff33",
	"5405d276-8855-4a95-b3dc-af129865f195",
	0,
	1,
	'lief');
INSERT INTO O_RTIDA
	VALUES ("7b2b0dc2-de98-4547-9fdd-d10b3ddccde8",
	"6938f8d7-0f9f-4032-9df0-e37f086ea344",
	0,
	"66adfe21-6a1c-445e-9329-e946d463ff33",
	"5405d276-8855-4a95-b3dc-af129865f195");
INSERT INTO R_RTO
	VALUES ("6938f8d7-0f9f-4032-9df0-e37f086ea344",
	"66adfe21-6a1c-445e-9329-e946d463ff33",
	"5405d276-8855-4a95-b3dc-af129865f195",
	0);
INSERT INTO R_OIR
	VALUES ("6938f8d7-0f9f-4032-9df0-e37f086ea344",
	"66adfe21-6a1c-445e-9329-e946d463ff33",
	"5405d276-8855-4a95-b3dc-af129865f195",
	"00000000-0000-0000-0000-000000000000");
INSERT INTO R_ASSR
	VALUES ("f4877fe5-4b18-47bb-a221-fb05899cc90c",
	"66adfe21-6a1c-445e-9329-e946d463ff33",
	"04a6dad4-8917-488f-9fff-7b9aa8efcb30",
	0);
INSERT INTO R_RGO
	VALUES ("f4877fe5-4b18-47bb-a221-fb05899cc90c",
	"66adfe21-6a1c-445e-9329-e946d463ff33",
	"04a6dad4-8917-488f-9fff-7b9aa8efcb30");
INSERT INTO R_OIR
	VALUES ("f4877fe5-4b18-47bb-a221-fb05899cc90c",
	"66adfe21-6a1c-445e-9329-e946d463ff33",
	"04a6dad4-8917-488f-9fff-7b9aa8efcb30",
	"00000000-0000-0000-0000-000000000000");
INSERT INTO PE_PE
	VALUES ("c84473da-c9ef-4725-9a81-f7d2146d22c5",
	1,
	"db4cdfa6-8291-4127-a852-8c38adeced09",
	"00000000-0000-0000-0000-000000000000",
	9);
INSERT INTO R_REL
	VALUES ("c84473da-c9ef-4725-9a81-f7d2146d22c5",
	6,
	'',
	"00000000-0000-0000-0000-000000000000");
INSERT INTO R_SIMP
	VALUES ("c84473da-c9ef-4725-9a81-f7d2146d22c5");
INSERT INTO R_PART
	VALUES ("6938f8d7-0f9f-4032-9df0-e37f086ea344",
	"c84473da-c9ef-4725-9a81-f7d2146d22c5",
	"cdfd5870-c4de-426e-a05f-7a33f6916087",
	0,
	0,
	'target');
INSERT INTO O_RTIDA
	VALUES ("7b2b0dc2-de98-4547-9fdd-d10b3ddccde8",
	"6938f8d7-0f9f-4032-9df0-e37f086ea344",
	0,
	"c84473da-c9ef-4725-9a81-f7d2146d22c5",
	"cdfd5870-c4de-426e-a05f-7a33f6916087");
INSERT INTO R_RTO
	VALUES ("6938f8d7-0f9f-4032-9df0-e37f086ea344",
	"c84473da-c9ef-4725-9a81-f7d2146d22c5",
	"cdfd5870-c4de-426e-a05f-7a33f6916087",
	0);
INSERT INTO R_OIR
	VALUES ("6938f8d7-0f9f-4032-9df0-e37f086ea344",
	"c84473da-c9ef-4725-9a81-f7d2146d22c5",
	"cdfd5870-c4de-426e-a05f-7a33f6916087",
	"00000000-0000-0000-0000-000000000000");
INSERT INTO R_FORM
	VALUES ("bd45686d-212e-4031-8c4b-279c00376c1c",
	"c84473da-c9ef-4725-9a81-f7d2146d22c5",
	"8566d2c4-bbad-4c92-ba95-97d5778657e2",
	0,
	1,
	'');
INSERT INTO R_RGO
	VALUES ("bd45686d-212e-4031-8c4b-279c00376c1c",
	"c84473da-c9ef-4725-9a81-f7d2146d22c5",
	"8566d2c4-bbad-4c92-ba95-97d5778657e2");
INSERT INTO R_OIR
	VALUES ("bd45686d-212e-4031-8c4b-279c00376c1c",
	"c84473da-c9ef-4725-9a81-f7d2146d22c5",
	"8566d2c4-bbad-4c92-ba95-97d5778657e2",
	"00000000-0000-0000-0000-000000000000");
INSERT INTO PE_PE
	VALUES ("1bbb46b0-0a2d-4c81-8e8e-b75b856676cd",
	1,
	"db4cdfa6-8291-4127-a852-8c38adeced09",
	"00000000-0000-0000-0000-000000000000",
	1);
INSERT INTO S_SYNC
	VALUES ("1bbb46b0-0a2d-4c81-8e8e-b75b856676cd",
	"00000000-0000-0000-0000-000000000000",
	'TestSelectInstances',
	'',
	'SELECT ANY middleEntity FROM INSTANCES OF ME;
SELECT MANY middleEntities FROM INSTANCES OF ME;
SELECT ANY middleEntity FROM INSTANCES OF ME WHERE selected.Comfortable == True;
SELECT MANY middileEntities FROM INSTANCES OF ME WHERE (selected.PreferredHumidity > 50 AND selected.PreferredHumidity < 25) OR selected.Comfortable == False;
 ',
	"ba5eda7a-def5-0000-0000-000000000000",
	1,
	'',
	0,
	1);
INSERT INTO ACT_FNB
	VALUES ("92cd9445-64c7-4ba1-992e-fd5c830bdda5",
	"1bbb46b0-0a2d-4c81-8e8e-b75b856676cd");
INSERT INTO ACT_ACT
	VALUES ("92cd9445-64c7-4ba1-992e-fd5c830bdda5",
	'function',
	0,
	"bb68466a-1258-4b3f-b198-6d1dff19daf9",
	"00000000-0000-0000-0000-000000000000",
	0,
	'TestSelectInstances',
	"00000000-0000-0000-0000-000000000000");
INSERT INTO ACT_BLK
	VALUES ("bb68466a-1258-4b3f-b198-6d1dff19daf9",
	1,
	0,
	1,
	'',
	'',
	'',
	4,
	1,
	4,
	47,
	0,
	0,
	0,
	0,
	0,
	0,
	0,
	0,
	0,
	"92cd9445-64c7-4ba1-992e-fd5c830bdda5",
	"00000000-0000-0000-0000-000000000000");
INSERT INTO ACT_SMT
	VALUES ("c8d8a24e-2787-4c0a-9a4f-7c7edf2cfb68",
	"bb68466a-1258-4b3f-b198-6d1dff19daf9",
	"97c8a06b-8fad-40a4-b239-dcaf329ebb42",
	1,
	1,
	'TestSelectInstances line: 1');
INSERT INTO ACT_FIO
	VALUES ("c8d8a24e-2787-4c0a-9a4f-7c7edf2cfb68",
	"cc064036-0b78-4c15-97b3-33bae3ad7cb6",
	1,
	'any',
	"b9d246e2-2ced-4679-9c21-c885d2a20b6e",
	1,
	43);
INSERT INTO ACT_SMT
	VALUES ("97c8a06b-8fad-40a4-b239-dcaf329ebb42",
	"bb68466a-1258-4b3f-b198-6d1dff19daf9",
	"9a901232-7a99-4616-8aa3-76670d253703",
	2,
	1,
	'TestSelectInstances line: 2');
INSERT INTO ACT_FIO
	VALUES ("97c8a06b-8fad-40a4-b239-dcaf329ebb42",
	"9ab620e3-c47c-4083-ba3c-25a502ac502a",
	1,
	'many',
	"b9d246e2-2ced-4679-9c21-c885d2a20b6e",
	2,
	46);
INSERT INTO ACT_SMT
	VALUES ("9a901232-7a99-4616-8aa3-76670d253703",
	"bb68466a-1258-4b3f-b198-6d1dff19daf9",
	"e6ee3763-9b5f-481b-a7f2-901d48a00552",
	3,
	1,
	'TestSelectInstances line: 3');
INSERT INTO ACT_FIW
	VALUES ("9a901232-7a99-4616-8aa3-76670d253703",
	"cc064036-0b78-4c15-97b3-33bae3ad7cb6",
	0,
	'any',
	"11591f7a-030d-487a-929f-a168cd3b5091",
	"b9d246e2-2ced-4679-9c21-c885d2a20b6e",
	3,
	43);
INSERT INTO ACT_SMT
	VALUES ("e6ee3763-9b5f-481b-a7f2-901d48a00552",
	"bb68466a-1258-4b3f-b198-6d1dff19daf9",
	"00000000-0000-0000-0000-000000000000",
	4,
	1,
	'TestSelectInstances line: 4');
INSERT INTO ACT_FIW
	VALUES ("e6ee3763-9b5f-481b-a7f2-901d48a00552",
	"2bd91bd9-6ed8-4da8-b2d5-14e41bf4642a",
	1,
	'many',
	"f4ed9e2e-66c3-42db-b23d-e336bf1674ef",
	"b9d246e2-2ced-4679-9c21-c885d2a20b6e",
	4,
	47);
INSERT INTO V_VAL
	VALUES ("0978e9b4-de15-4b9a-a5f8-928691230a8b",
	0,
	0,
	3,
	52,
	-1,
	0,
	0,
	0,
	0,
	"ba5eda7a-def5-0000-0000-000000000008",
	"bb68466a-1258-4b3f-b198-6d1dff19daf9");
INSERT INTO V_SLR
	VALUES ("0978e9b4-de15-4b9a-a5f8-928691230a8b",
	"00000000-0000-0000-0000-000000000000",
	"00000000-0000-0000-0000-000000000000",
	"00000000-0000-0000-0000-000000000000");
INSERT INTO V_VAL
	VALUES ("7600067c-bb31-4204-815d-ab56381114b4",
	0,
	0,
	3,
	61,
	71,
	0,
	0,
	0,
	0,
	"ba5eda7a-def5-0000-0000-000000000001",
	"bb68466a-1258-4b3f-b198-6d1dff19daf9");
INSERT INTO V_AVL
	VALUES ("7600067c-bb31-4204-815d-ab56381114b4",
	"0978e9b4-de15-4b9a-a5f8-928691230a8b",
	"b9d246e2-2ced-4679-9c21-c885d2a20b6e",
	"46b4074c-e5cf-47cf-8ff1-01a471344712");
INSERT INTO V_VAL
	VALUES ("11591f7a-030d-487a-929f-a168cd3b5091",
	0,
	0,
	3,
	61,
	-1,
	0,
	0,
	0,
	0,
	"ba5eda7a-def5-0000-0000-000000000001",
	"bb68466a-1258-4b3f-b198-6d1dff19daf9");
INSERT INTO V_BIN
	VALUES ("11591f7a-030d-487a-929f-a168cd3b5091",
	"8eacf389-757d-4633-af3a-7fc48505d826",
	"7600067c-bb31-4204-815d-ab56381114b4",
	'==');
INSERT INTO V_VAL
	VALUES ("8eacf389-757d-4633-af3a-7fc48505d826",
	0,
	0,
	-1,
	-1,
	-1,
	0,
	0,
	0,
	0,
	"ba5eda7a-def5-0000-0000-000000000001",
	"bb68466a-1258-4b3f-b198-6d1dff19daf9");
INSERT INTO V_LBO
	VALUES ("8eacf389-757d-4633-af3a-7fc48505d826",
	'TRUE');
INSERT INTO V_VAL
	VALUES ("399bbbb0-e59f-4ddf-b7d7-d98243a5aa79",
	0,
	0,
	4,
	57,
	-1,
	0,
	0,
	0,
	0,
	"ba5eda7a-def5-0000-0000-000000000008",
	"bb68466a-1258-4b3f-b198-6d1dff19daf9");
INSERT INTO V_SLR
	VALUES ("399bbbb0-e59f-4ddf-b7d7-d98243a5aa79",
	"00000000-0000-0000-0000-000000000000",
	"00000000-0000-0000-0000-000000000000",
	"00000000-0000-0000-0000-000000000000");
INSERT INTO V_VAL
	VALUES ("624c8321-c5a4-4815-a30e-da280076d43b",
	0,
	0,
	4,
	66,
	82,
	0,
	0,
	0,
	0,
	"ba5eda7a-def5-0000-0000-000000000002",
	"bb68466a-1258-4b3f-b198-6d1dff19daf9");
INSERT INTO V_AVL
	VALUES ("624c8321-c5a4-4815-a30e-da280076d43b",
	"399bbbb0-e59f-4ddf-b7d7-d98243a5aa79",
	"b9d246e2-2ced-4679-9c21-c885d2a20b6e",
	"da0c95ab-21e7-4a60-b213-1581fef2059b");
INSERT INTO V_VAL
	VALUES ("eeeff76c-350a-4bf2-9307-b8a12bb80f51",
	0,
	0,
	4,
	66,
	87,
	0,
	0,
	0,
	0,
	"ba5eda7a-def5-0000-0000-000000000001",
	"bb68466a-1258-4b3f-b198-6d1dff19daf9");
INSERT INTO V_BIN
	VALUES ("eeeff76c-350a-4bf2-9307-b8a12bb80f51",
	"af967f6a-64c6-45aa-969e-d39872cfee2e",
	"624c8321-c5a4-4815-a30e-da280076d43b",
	'>');
INSERT INTO V_VAL
	VALUES ("af967f6a-64c6-45aa-969e-d39872cfee2e",
	0,
	0,
	4,
	86,
	87,
	0,
	0,
	0,
	0,
	"ba5eda7a-def5-0000-0000-000000000002",
	"bb68466a-1258-4b3f-b198-6d1dff19daf9");
INSERT INTO V_LIN
	VALUES ("af967f6a-64c6-45aa-969e-d39872cfee2e",
	'50');
INSERT INTO V_VAL
	VALUES ("c069d6c1-9b77-448e-8180-eb5500f33c2a",
	0,
	0,
	4,
	93,
	-1,
	0,
	0,
	0,
	0,
	"ba5eda7a-def5-0000-0000-000000000008",
	"bb68466a-1258-4b3f-b198-6d1dff19daf9");
INSERT INTO V_SLR
	VALUES ("c069d6c1-9b77-448e-8180-eb5500f33c2a",
	"00000000-0000-0000-0000-000000000000",
	"00000000-0000-0000-0000-000000000000",
	"00000000-0000-0000-0000-000000000000");
INSERT INTO V_VAL
	VALUES ("4f0fb541-cd20-45fc-939e-7df07229e3d2",
	0,
	0,
	4,
	102,
	118,
	0,
	0,
	0,
	0,
	"ba5eda7a-def5-0000-0000-000000000002",
	"bb68466a-1258-4b3f-b198-6d1dff19daf9");
INSERT INTO V_AVL
	VALUES ("4f0fb541-cd20-45fc-939e-7df07229e3d2",
	"c069d6c1-9b77-448e-8180-eb5500f33c2a",
	"b9d246e2-2ced-4679-9c21-c885d2a20b6e",
	"da0c95ab-21e7-4a60-b213-1581fef2059b");
INSERT INTO V_VAL
	VALUES ("2e240e76-6dc6-481e-b692-3bdb8b6fb415",
	0,
	0,
	4,
	102,
	123,
	0,
	0,
	0,
	0,
	"ba5eda7a-def5-0000-0000-000000000001",
	"bb68466a-1258-4b3f-b198-6d1dff19daf9");
INSERT INTO V_BIN
	VALUES ("2e240e76-6dc6-481e-b692-3bdb8b6fb415",
	"db9accc4-0a01-439f-aa8f-4a6afc360827",
	"4f0fb541-cd20-45fc-939e-7df07229e3d2",
	'<');
INSERT INTO V_VAL
	VALUES ("db9accc4-0a01-439f-aa8f-4a6afc360827",
	0,
	0,
	4,
	122,
	123,
	0,
	0,
	0,
	0,
	"ba5eda7a-def5-0000-0000-000000000002",
	"bb68466a-1258-4b3f-b198-6d1dff19daf9");
INSERT INTO V_LIN
	VALUES ("db9accc4-0a01-439f-aa8f-4a6afc360827",
	'25');
INSERT INTO V_VAL
	VALUES ("dea78f55-6129-4e1d-8d04-083ed07352e5",
	0,
	0,
	4,
	66,
	123,
	0,
	0,
	0,
	0,
	"ba5eda7a-def5-0000-0000-000000000001",
	"bb68466a-1258-4b3f-b198-6d1dff19daf9");
INSERT INTO V_BIN
	VALUES ("dea78f55-6129-4e1d-8d04-083ed07352e5",
	"2e240e76-6dc6-481e-b692-3bdb8b6fb415",
	"eeeff76c-350a-4bf2-9307-b8a12bb80f51",
	'and');
INSERT INTO V_VAL
	VALUES ("f0f27bd6-e0ba-44f0-978d-640767e0fb63",
	0,
	0,
	4,
	129,
	-1,
	0,
	0,
	0,
	0,
	"ba5eda7a-def5-0000-0000-000000000008",
	"bb68466a-1258-4b3f-b198-6d1dff19daf9");
INSERT INTO V_SLR
	VALUES ("f0f27bd6-e0ba-44f0-978d-640767e0fb63",
	"00000000-0000-0000-0000-000000000000",
	"00000000-0000-0000-0000-000000000000",
	"00000000-0000-0000-0000-000000000000");
INSERT INTO V_VAL
	VALUES ("80bc6ce3-02ce-47f2-b507-8b6af09ec12f",
	0,
	0,
	4,
	138,
	148,
	0,
	0,
	0,
	0,
	"ba5eda7a-def5-0000-0000-000000000001",
	"bb68466a-1258-4b3f-b198-6d1dff19daf9");
INSERT INTO V_AVL
	VALUES ("80bc6ce3-02ce-47f2-b507-8b6af09ec12f",
	"f0f27bd6-e0ba-44f0-978d-640767e0fb63",
	"b9d246e2-2ced-4679-9c21-c885d2a20b6e",
	"46b4074c-e5cf-47cf-8ff1-01a471344712");
INSERT INTO V_VAL
	VALUES ("0ccbe60d-36b2-4a95-8ca5-a5d7e7d7d1d2",
	0,
	0,
	4,
	138,
	-1,
	0,
	0,
	0,
	0,
	"ba5eda7a-def5-0000-0000-000000000001",
	"bb68466a-1258-4b3f-b198-6d1dff19daf9");
INSERT INTO V_BIN
	VALUES ("0ccbe60d-36b2-4a95-8ca5-a5d7e7d7d1d2",
	"1b250425-44cd-4a88-8418-55ba6e4f8ae1",
	"80bc6ce3-02ce-47f2-b507-8b6af09ec12f",
	'==');
INSERT INTO V_VAL
	VALUES ("1b250425-44cd-4a88-8418-55ba6e4f8ae1",
	0,
	0,
	-1,
	-1,
	-1,
	0,
	0,
	0,
	0,
	"ba5eda7a-def5-0000-0000-000000000001",
	"bb68466a-1258-4b3f-b198-6d1dff19daf9");
INSERT INTO V_LBO
	VALUES ("1b250425-44cd-4a88-8418-55ba6e4f8ae1",
	'FALSE');
INSERT INTO V_VAL
	VALUES ("f4ed9e2e-66c3-42db-b23d-e336bf1674ef",
	0,
	0,
	4,
	66,
	-1,
	0,
	0,
	0,
	0,
	"ba5eda7a-def5-0000-0000-000000000001",
	"bb68466a-1258-4b3f-b198-6d1dff19daf9");
INSERT INTO V_BIN
	VALUES ("f4ed9e2e-66c3-42db-b23d-e336bf1674ef",
	"0ccbe60d-36b2-4a95-8ca5-a5d7e7d7d1d2",
	"dea78f55-6129-4e1d-8d04-083ed07352e5",
	'or');
INSERT INTO V_VAR
	VALUES ("cc064036-0b78-4c15-97b3-33bae3ad7cb6",
	"bb68466a-1258-4b3f-b198-6d1dff19daf9",
	'middleEntity',
	1,
	"ba5eda7a-def5-0000-0000-000000000008");
INSERT INTO V_INT
	VALUES ("cc064036-0b78-4c15-97b3-33bae3ad7cb6",
	0,
	"b9d246e2-2ced-4679-9c21-c885d2a20b6e");
INSERT INTO V_VAR
	VALUES ("9ab620e3-c47c-4083-ba3c-25a502ac502a",
	"bb68466a-1258-4b3f-b198-6d1dff19daf9",
	'middleEntities',
	1,
	"ba5eda7a-def5-0000-0000-000000000009");
INSERT INTO V_INS
	VALUES ("9ab620e3-c47c-4083-ba3c-25a502ac502a",
	"b9d246e2-2ced-4679-9c21-c885d2a20b6e");
INSERT INTO V_VAR
	VALUES ("2bd91bd9-6ed8-4da8-b2d5-14e41bf4642a",
	"bb68466a-1258-4b3f-b198-6d1dff19daf9",
	'middileEntities',
	1,
	"ba5eda7a-def5-0000-0000-000000000009");
INSERT INTO V_INS
	VALUES ("2bd91bd9-6ed8-4da8-b2d5-14e41bf4642a",
	"b9d246e2-2ced-4679-9c21-c885d2a20b6e");
INSERT INTO PE_PE
	VALUES ("5c275c0b-e8da-434b-8d6d-806d0516e4bf",
	1,
	"db4cdfa6-8291-4127-a852-8c38adeced09",
	"00000000-0000-0000-0000-000000000000",
	1);
INSERT INTO S_SYNC
	VALUES ("5c275c0b-e8da-434b-8d6d-806d0516e4bf",
	"00000000-0000-0000-0000-000000000000",
	'TestSelectRelated',
	'',
	'SELECT ANY middleEntity FROM INSTANCES OF ME;
SELECT ONE topEntity RELATED BY middleEntity->TE[R1];
SELECT ANY liefDevice RELATED BY middleEntity->LD[R2.''measurement''];
SELECT ANY liefDeice RELATED BY middleEntity->LD[R2.''measurement''] WHERE selected.Environment.Temperature == 25;
SELECT MANY liefDevices RELATED BY middleEntity->LD[R2.''measurement''];
SELECT MANY liefDevices RELATED BY middleEntity->LD[R2.''measurement''] WHERE selected.Environment.Humidity > 50 AND selected.CurrentInterval < 10000;
',
	"ba5eda7a-def5-0000-0000-000000000000",
	1,
	'',
	0,
	2);
INSERT INTO ACT_FNB
	VALUES ("d908ad22-e8cb-4b84-b8cb-fcecb0775261",
	"5c275c0b-e8da-434b-8d6d-806d0516e4bf");
INSERT INTO ACT_ACT
	VALUES ("d908ad22-e8cb-4b84-b8cb-fcecb0775261",
	'function',
	0,
	"7c9fd27d-21f6-4110-9ab3-82aa08f863d1",
	"00000000-0000-0000-0000-000000000000",
	0,
	'TestSelectRelated',
	"00000000-0000-0000-0000-000000000000");
INSERT INTO ACT_BLK
	VALUES ("7c9fd27d-21f6-4110-9ab3-82aa08f863d1",
	1,
	0,
	1,
	'',
	'',
	'',
	6,
	1,
	6,
	50,
	0,
	0,
	6,
	53,
	6,
	56,
	0,
	0,
	0,
	"d908ad22-e8cb-4b84-b8cb-fcecb0775261",
	"00000000-0000-0000-0000-000000000000");
INSERT INTO ACT_SMT
	VALUES ("dd92b710-9bbd-4092-bf8a-32accaad8b0b",
	"7c9fd27d-21f6-4110-9ab3-82aa08f863d1",
	"67e2ad1a-0448-4881-b2e8-746a1244f9b6",
	1,
	1,
	'TestSelectRelated line: 1');
INSERT INTO ACT_FIO
	VALUES ("dd92b710-9bbd-4092-bf8a-32accaad8b0b",
	"40c65352-ce8d-4925-b1ba-7d7965c4e307",
	1,
	'any',
	"b9d246e2-2ced-4679-9c21-c885d2a20b6e",
	1,
	43);
INSERT INTO ACT_SMT
	VALUES ("67e2ad1a-0448-4881-b2e8-746a1244f9b6",
	"7c9fd27d-21f6-4110-9ab3-82aa08f863d1",
	"ca0ba356-d5e3-4938-81a5-a959a35deb17",
	2,
	1,
	'TestSelectRelated line: 2');
INSERT INTO ACT_SEL
	VALUES ("67e2ad1a-0448-4881-b2e8-746a1244f9b6",
	"627ceeda-f266-4f1d-95f2-05f2fa964e79",
	1,
	'one',
	"e98bd615-cefd-4ae4-b3ca-4cb4287ee6e9");
INSERT INTO ACT_SR
	VALUES ("67e2ad1a-0448-4881-b2e8-746a1244f9b6");
INSERT INTO ACT_LNK
	VALUES ("dbb16c09-c5bf-4105-b1cb-af6c0c509388",
	'',
	"67e2ad1a-0448-4881-b2e8-746a1244f9b6",
	"8e1cea38-b096-4259-8672-caf261f34182",
	"00000000-0000-0000-0000-000000000000",
	1,
	"259f4456-9ac2-41c5-add3-a05dd80d0c57",
	2,
	47,
	2,
	50,
	0,
	0);
INSERT INTO ACT_SMT
	VALUES ("ca0ba356-d5e3-4938-81a5-a959a35deb17",
	"7c9fd27d-21f6-4110-9ab3-82aa08f863d1",
	"b7231196-c684-484c-bdb4-0e098493e23f",
	3,
	1,
	'TestSelectRelated line: 3');
INSERT INTO ACT_SEL
	VALUES ("ca0ba356-d5e3-4938-81a5-a959a35deb17",
	"c1e78a8a-28a0-42bd-bf5b-b1e3a81fa11d",
	1,
	'any',
	"983ea7ac-24f1-4efc-ab10-c79365fc2063");
INSERT INTO ACT_SR
	VALUES ("ca0ba356-d5e3-4938-81a5-a959a35deb17");
INSERT INTO ACT_LNK
	VALUES ("94387a7b-53e0-46fd-816d-fed2fdc635d3",
	'''measurement''',
	"ca0ba356-d5e3-4938-81a5-a959a35deb17",
	"ef598959-eb6f-4b6f-b66d-c43035833a57",
	"00000000-0000-0000-0000-000000000000",
	2,
	"6938f8d7-0f9f-4032-9df0-e37f086ea344",
	3,
	48,
	3,
	51,
	3,
	54);
INSERT INTO ACT_SMT
	VALUES ("b7231196-c684-484c-bdb4-0e098493e23f",
	"7c9fd27d-21f6-4110-9ab3-82aa08f863d1",
	"318fc1db-27e5-473e-853b-b3c8424d21dc",
	4,
	1,
	'TestSelectRelated line: 4');
INSERT INTO ACT_SEL
	VALUES ("b7231196-c684-484c-bdb4-0e098493e23f",
	"7584ed89-ffe5-49ff-9267-8c5a3f2f0b6c",
	1,
	'any',
	"266af5a9-a3cd-4fac-8e5a-95ee1fc84434");
INSERT INTO ACT_SRW
	VALUES ("b7231196-c684-484c-bdb4-0e098493e23f",
	"25eca979-cd88-4def-b37e-4139e4a0b032");
INSERT INTO ACT_LNK
	VALUES ("205247a2-b0d5-4a0a-9094-753132fdfb3b",
	'''measurement''',
	"b7231196-c684-484c-bdb4-0e098493e23f",
	"ef598959-eb6f-4b6f-b66d-c43035833a57",
	"00000000-0000-0000-0000-000000000000",
	2,
	"6938f8d7-0f9f-4032-9df0-e37f086ea344",
	4,
	47,
	4,
	50,
	4,
	53);
INSERT INTO ACT_SMT
	VALUES ("318fc1db-27e5-473e-853b-b3c8424d21dc",
	"7c9fd27d-21f6-4110-9ab3-82aa08f863d1",
	"f3e93462-2f22-4e06-ac48-ac18de564da7",
	5,
	1,
	'TestSelectRelated line: 5');
INSERT INTO ACT_SEL
	VALUES ("318fc1db-27e5-473e-853b-b3c8424d21dc",
	"72e7236d-8d18-41bf-a173-2ddf7771545d",
	1,
	'many',
	"85b1904f-7e10-4573-99e5-9b592a8a54a3");
INSERT INTO ACT_SR
	VALUES ("318fc1db-27e5-473e-853b-b3c8424d21dc");
INSERT INTO ACT_LNK
	VALUES ("a78c7447-5333-4a69-b7b7-f036de866cc3",
	'''measurement''',
	"318fc1db-27e5-473e-853b-b3c8424d21dc",
	"ef598959-eb6f-4b6f-b66d-c43035833a57",
	"00000000-0000-0000-0000-000000000000",
	2,
	"6938f8d7-0f9f-4032-9df0-e37f086ea344",
	5,
	50,
	5,
	53,
	5,
	56);
INSERT INTO ACT_SMT
	VALUES ("f3e93462-2f22-4e06-ac48-ac18de564da7",
	"7c9fd27d-21f6-4110-9ab3-82aa08f863d1",
	"00000000-0000-0000-0000-000000000000",
	6,
	1,
	'TestSelectRelated line: 6');
INSERT INTO ACT_SEL
	VALUES ("f3e93462-2f22-4e06-ac48-ac18de564da7",
	"72e7236d-8d18-41bf-a173-2ddf7771545d",
	0,
	'many',
	"b7fa07be-ef6a-4107-8394-f9d8ceb612c4");
INSERT INTO ACT_SRW
	VALUES ("f3e93462-2f22-4e06-ac48-ac18de564da7",
	"5e202642-e5c0-4e53-9f23-0c8e14d26881");
INSERT INTO ACT_LNK
	VALUES ("9f9714e0-33e7-4e6f-9573-84307e335d65",
	'''measurement''',
	"f3e93462-2f22-4e06-ac48-ac18de564da7",
	"ef598959-eb6f-4b6f-b66d-c43035833a57",
	"00000000-0000-0000-0000-000000000000",
	2,
	"6938f8d7-0f9f-4032-9df0-e37f086ea344",
	6,
	50,
	6,
	53,
	6,
	56);
INSERT INTO V_VAL
	VALUES ("e98bd615-cefd-4ae4-b3ca-4cb4287ee6e9",
	0,
	0,
	2,
	33,
	44,
	0,
	0,
	0,
	0,
	"ba5eda7a-def5-0000-0000-000000000008",
	"7c9fd27d-21f6-4110-9ab3-82aa08f863d1");
INSERT INTO V_IRF
	VALUES ("e98bd615-cefd-4ae4-b3ca-4cb4287ee6e9",
	"40c65352-ce8d-4925-b1ba-7d7965c4e307");
INSERT INTO V_VAL
	VALUES ("983ea7ac-24f1-4efc-ab10-c79365fc2063",
	0,
	0,
	3,
	34,
	45,
	0,
	0,
	0,
	0,
	"ba5eda7a-def5-0000-0000-000000000008",
	"7c9fd27d-21f6-4110-9ab3-82aa08f863d1");
INSERT INTO V_IRF
	VALUES ("983ea7ac-24f1-4efc-ab10-c79365fc2063",
	"40c65352-ce8d-4925-b1ba-7d7965c4e307");
INSERT INTO V_VAL
	VALUES ("266af5a9-a3cd-4fac-8e5a-95ee1fc84434",
	0,
	0,
	4,
	33,
	44,
	0,
	0,
	0,
	0,
	"ba5eda7a-def5-0000-0000-000000000008",
	"7c9fd27d-21f6-4110-9ab3-82aa08f863d1");
INSERT INTO V_IRF
	VALUES ("266af5a9-a3cd-4fac-8e5a-95ee1fc84434",
	"40c65352-ce8d-4925-b1ba-7d7965c4e307");
INSERT INTO V_VAL
	VALUES ("393401b0-b79f-473e-a5b1-bf32852570a2",
	0,
	0,
	4,
	74,
	-1,
	0,
	0,
	0,
	0,
	"ba5eda7a-def5-0000-0000-000000000008",
	"7c9fd27d-21f6-4110-9ab3-82aa08f863d1");
INSERT INTO V_SLR
	VALUES ("393401b0-b79f-473e-a5b1-bf32852570a2",
	"00000000-0000-0000-0000-000000000000",
	"00000000-0000-0000-0000-000000000000",
	"00000000-0000-0000-0000-000000000000");
INSERT INTO V_VAL
	VALUES ("b372779f-13aa-4710-8087-7f0c2a673c74",
	0,
	0,
	4,
	83,
	93,
	0,
	0,
	0,
	0,
	"a4c3cc91-a5c3-4e0f-8ce3-f4a590f331a9",
	"7c9fd27d-21f6-4110-9ab3-82aa08f863d1");
INSERT INTO V_AVL
	VALUES ("b372779f-13aa-4710-8087-7f0c2a673c74",
	"393401b0-b79f-473e-a5b1-bf32852570a2",
	"6938f8d7-0f9f-4032-9df0-e37f086ea344",
	"06cd5902-dbea-43f4-a2d9-192addb54d82");
INSERT INTO V_VAL
	VALUES ("568a3825-54b1-4925-b1f9-c5da77a5cf36",
	0,
	0,
	4,
	95,
	105,
	0,
	0,
	0,
	0,
	"ba5eda7a-def5-0000-0000-000000000003",
	"7c9fd27d-21f6-4110-9ab3-82aa08f863d1");
INSERT INTO V_MVL
	VALUES ("568a3825-54b1-4925-b1f9-c5da77a5cf36",
	"b372779f-13aa-4710-8087-7f0c2a673c74",
	"dec9c6a5-b6d6-48c1-8957-1a2534090f50",
	"a4c3cc91-a5c3-4e0f-8ce3-f4a590f331a9");
INSERT INTO V_VAL
	VALUES ("25eca979-cd88-4def-b37e-4139e4a0b032",
	0,
	0,
	4,
	95,
	111,
	0,
	0,
	0,
	0,
	"ba5eda7a-def5-0000-0000-000000000001",
	"7c9fd27d-21f6-4110-9ab3-82aa08f863d1");
INSERT INTO V_BIN
	VALUES ("25eca979-cd88-4def-b37e-4139e4a0b032",
	"a4296bd2-5138-41bb-b173-363ae3958f29",
	"568a3825-54b1-4925-b1f9-c5da77a5cf36",
	'==');
INSERT INTO V_VAL
	VALUES ("a4296bd2-5138-41bb-b173-363ae3958f29",
	0,
	0,
	4,
	110,
	111,
	0,
	0,
	0,
	0,
	"ba5eda7a-def5-0000-0000-000000000002",
	"7c9fd27d-21f6-4110-9ab3-82aa08f863d1");
INSERT INTO V_LIN
	VALUES ("a4296bd2-5138-41bb-b173-363ae3958f29",
	'25');
INSERT INTO V_VAL
	VALUES ("85b1904f-7e10-4573-99e5-9b592a8a54a3",
	0,
	0,
	5,
	36,
	47,
	0,
	0,
	0,
	0,
	"ba5eda7a-def5-0000-0000-000000000008",
	"7c9fd27d-21f6-4110-9ab3-82aa08f863d1");
INSERT INTO V_IRF
	VALUES ("85b1904f-7e10-4573-99e5-9b592a8a54a3",
	"40c65352-ce8d-4925-b1ba-7d7965c4e307");
INSERT INTO V_VAL
	VALUES ("b7fa07be-ef6a-4107-8394-f9d8ceb612c4",
	0,
	0,
	6,
	36,
	47,
	0,
	0,
	0,
	0,
	"ba5eda7a-def5-0000-0000-000000000008",
	"7c9fd27d-21f6-4110-9ab3-82aa08f863d1");
INSERT INTO V_IRF
	VALUES ("b7fa07be-ef6a-4107-8394-f9d8ceb612c4",
	"40c65352-ce8d-4925-b1ba-7d7965c4e307");
INSERT INTO V_VAL
	VALUES ("e672c417-7c8f-486f-a854-8969ca673568",
	0,
	0,
	6,
	77,
	-1,
	0,
	0,
	0,
	0,
	"ba5eda7a-def5-0000-0000-000000000008",
	"7c9fd27d-21f6-4110-9ab3-82aa08f863d1");
INSERT INTO V_SLR
	VALUES ("e672c417-7c8f-486f-a854-8969ca673568",
	"00000000-0000-0000-0000-000000000000",
	"00000000-0000-0000-0000-000000000000",
	"00000000-0000-0000-0000-000000000000");
INSERT INTO V_VAL
	VALUES ("d3c3ec4f-d8d8-4f6b-8810-804cb896fa75",
	0,
	0,
	6,
	86,
	96,
	0,
	0,
	0,
	0,
	"a4c3cc91-a5c3-4e0f-8ce3-f4a590f331a9",
	"7c9fd27d-21f6-4110-9ab3-82aa08f863d1");
INSERT INTO V_AVL
	VALUES ("d3c3ec4f-d8d8-4f6b-8810-804cb896fa75",
	"e672c417-7c8f-486f-a854-8969ca673568",
	"6938f8d7-0f9f-4032-9df0-e37f086ea344",
	"06cd5902-dbea-43f4-a2d9-192addb54d82");
INSERT INTO V_VAL
	VALUES ("552c028f-08f9-4fe6-8537-f76b84e93f50",
	0,
	0,
	6,
	98,
	105,
	0,
	0,
	0,
	0,
	"ba5eda7a-def5-0000-0000-000000000003",
	"7c9fd27d-21f6-4110-9ab3-82aa08f863d1");
INSERT INTO V_MVL
	VALUES ("552c028f-08f9-4fe6-8537-f76b84e93f50",
	"d3c3ec4f-d8d8-4f6b-8810-804cb896fa75",
	"87e8006b-6256-402e-b335-a2068b3fed96",
	"a4c3cc91-a5c3-4e0f-8ce3-f4a590f331a9");
INSERT INTO V_VAL
	VALUES ("f37f23ea-7868-4cab-aff9-90f338c61b43",
	0,
	0,
	6,
	98,
	110,
	0,
	0,
	0,
	0,
	"ba5eda7a-def5-0000-0000-000000000001",
	"7c9fd27d-21f6-4110-9ab3-82aa08f863d1");
INSERT INTO V_BIN
	VALUES ("f37f23ea-7868-4cab-aff9-90f338c61b43",
	"407e25c3-f3e0-440a-85a2-2c465fd4427b",
	"552c028f-08f9-4fe6-8537-f76b84e93f50",
	'>');
INSERT INTO V_VAL
	VALUES ("407e25c3-f3e0-440a-85a2-2c465fd4427b",
	0,
	0,
	6,
	109,
	110,
	0,
	0,
	0,
	0,
	"ba5eda7a-def5-0000-0000-000000000002",
	"7c9fd27d-21f6-4110-9ab3-82aa08f863d1");
INSERT INTO V_LIN
	VALUES ("407e25c3-f3e0-440a-85a2-2c465fd4427b",
	'50');
INSERT INTO V_VAL
	VALUES ("3cf2dad9-653f-41e4-b270-139e6b7b8820",
	0,
	0,
	6,
	116,
	-1,
	0,
	0,
	0,
	0,
	"ba5eda7a-def5-0000-0000-000000000008",
	"7c9fd27d-21f6-4110-9ab3-82aa08f863d1");
INSERT INTO V_SLR
	VALUES ("3cf2dad9-653f-41e4-b270-139e6b7b8820",
	"00000000-0000-0000-0000-000000000000",
	"00000000-0000-0000-0000-000000000000",
	"00000000-0000-0000-0000-000000000000");
INSERT INTO V_VAL
	VALUES ("41df52dc-7488-4a92-9696-9445eeff2a79",
	0,
	0,
	6,
	125,
	139,
	0,
	0,
	0,
	0,
	"ba5eda7a-def5-0000-0000-000000000002",
	"7c9fd27d-21f6-4110-9ab3-82aa08f863d1");
INSERT INTO V_AVL
	VALUES ("41df52dc-7488-4a92-9696-9445eeff2a79",
	"3cf2dad9-653f-41e4-b270-139e6b7b8820",
	"6938f8d7-0f9f-4032-9df0-e37f086ea344",
	"d4c5e4fb-9cd9-4c7e-8ac1-3600b9dba6e1");
INSERT INTO V_VAL
	VALUES ("a7abbed3-441e-4ba6-8ad7-1fb1baf47d39",
	0,
	0,
	6,
	125,
	147,
	0,
	0,
	0,
	0,
	"ba5eda7a-def5-0000-0000-000000000001",
	"7c9fd27d-21f6-4110-9ab3-82aa08f863d1");
INSERT INTO V_BIN
	VALUES ("a7abbed3-441e-4ba6-8ad7-1fb1baf47d39",
	"d71e60e6-8a6b-48dd-8c8f-8dcbd5d90ff7",
	"41df52dc-7488-4a92-9696-9445eeff2a79",
	'<');
INSERT INTO V_VAL
	VALUES ("d71e60e6-8a6b-48dd-8c8f-8dcbd5d90ff7",
	0,
	0,
	6,
	143,
	147,
	0,
	0,
	0,
	0,
	"ba5eda7a-def5-0000-0000-000000000002",
	"7c9fd27d-21f6-4110-9ab3-82aa08f863d1");
INSERT INTO V_LIN
	VALUES ("d71e60e6-8a6b-48dd-8c8f-8dcbd5d90ff7",
	'10000');
INSERT INTO V_VAL
	VALUES ("5e202642-e5c0-4e53-9f23-0c8e14d26881",
	0,
	0,
	6,
	98,
	147,
	0,
	0,
	0,
	0,
	"ba5eda7a-def5-0000-0000-000000000001",
	"7c9fd27d-21f6-4110-9ab3-82aa08f863d1");
INSERT INTO V_BIN
	VALUES ("5e202642-e5c0-4e53-9f23-0c8e14d26881",
	"a7abbed3-441e-4ba6-8ad7-1fb1baf47d39",
	"f37f23ea-7868-4cab-aff9-90f338c61b43",
	'and');
INSERT INTO V_VAR
	VALUES ("40c65352-ce8d-4925-b1ba-7d7965c4e307",
	"7c9fd27d-21f6-4110-9ab3-82aa08f863d1",
	'middleEntity',
	1,
	"ba5eda7a-def5-0000-0000-000000000008");
INSERT INTO V_INT
	VALUES ("40c65352-ce8d-4925-b1ba-7d7965c4e307",
	0,
	"b9d246e2-2ced-4679-9c21-c885d2a20b6e");
INSERT INTO V_VAR
	VALUES ("627ceeda-f266-4f1d-95f2-05f2fa964e79",
	"7c9fd27d-21f6-4110-9ab3-82aa08f863d1",
	'topEntity',
	1,
	"ba5eda7a-def5-0000-0000-000000000008");
INSERT INTO V_INT
	VALUES ("627ceeda-f266-4f1d-95f2-05f2fa964e79",
	0,
	"259f4456-9ac2-41c5-add3-a05dd80d0c57");
INSERT INTO V_VAR
	VALUES ("c1e78a8a-28a0-42bd-bf5b-b1e3a81fa11d",
	"7c9fd27d-21f6-4110-9ab3-82aa08f863d1",
	'liefDevice',
	1,
	"ba5eda7a-def5-0000-0000-000000000008");
INSERT INTO V_INT
	VALUES ("c1e78a8a-28a0-42bd-bf5b-b1e3a81fa11d",
	0,
	"6938f8d7-0f9f-4032-9df0-e37f086ea344");
INSERT INTO V_VAR
	VALUES ("7584ed89-ffe5-49ff-9267-8c5a3f2f0b6c",
	"7c9fd27d-21f6-4110-9ab3-82aa08f863d1",
	'liefDeice',
	1,
	"ba5eda7a-def5-0000-0000-000000000008");
INSERT INTO V_INT
	VALUES ("7584ed89-ffe5-49ff-9267-8c5a3f2f0b6c",
	0,
	"6938f8d7-0f9f-4032-9df0-e37f086ea344");
INSERT INTO V_VAR
	VALUES ("72e7236d-8d18-41bf-a173-2ddf7771545d",
	"7c9fd27d-21f6-4110-9ab3-82aa08f863d1",
	'liefDevices',
	1,
	"ba5eda7a-def5-0000-0000-000000000009");
INSERT INTO V_INS
	VALUES ("72e7236d-8d18-41bf-a173-2ddf7771545d",
	"6938f8d7-0f9f-4032-9df0-e37f086ea344");
INSERT INTO PE_PE
	VALUES ("157d746a-02a3-4760-a631-c89ea0c6d792",
	1,
	"db4cdfa6-8291-4127-a852-8c38adeced09",
	"00000000-0000-0000-0000-000000000000",
	1);
INSERT INTO S_SYNC
	VALUES ("157d746a-02a3-4760-a631-c89ea0c6d792",
	"00000000-0000-0000-0000-000000000000",
	'TestInitialize',
	'',
	'SELECT ANY topEntity FROM INSTANCES OF TE;
IF empty topEntity
	CREATE OBJECT INSTANCE topEntity OF TE;
	topEntity.X = 10;
	topEntity.S = "hello";
	
	index = 0;
	WHILE index < 2
		CREATE OBJECT INSTANCE middleEntity OF ME;
		middleEntity.Comfortable = False;
		middleEntity.PreferredHumidity = 49 + index * 2;
		middleEntity.PreferredTemperature = 27 - index;
		RELATE middleEntity TO topEntity ACROSS R1;
		dindex = 0;
		WHILE dindex < 3
			CREATE OBJECT INSTANCE liefDevice OF LD;
			liefDevice.Number = dindex;
			liefDevice.RequestInterval = 10000;
			RELATE middleEntity TO liefDevice ACROSS R2;
			dindex = dindex + 1;
		END WHILE;
		index = index + 1;
	END WHILE;
END IF;',
	"ba5eda7a-def5-0000-0000-000000000000",
	1,
	'',
	0,
	3);
INSERT INTO ACT_FNB
	VALUES ("0f9a6607-722f-4414-a2fd-8eede401a318",
	"157d746a-02a3-4760-a631-c89ea0c6d792");
INSERT INTO ACT_ACT
	VALUES ("0f9a6607-722f-4414-a2fd-8eede401a318",
	'function',
	0,
	"a8cf1f9a-8200-42ea-b0f4-6c3f970f8e44",
	"00000000-0000-0000-0000-000000000000",
	0,
	'TestInitialize',
	"00000000-0000-0000-0000-000000000000");
INSERT INTO ACT_BLK
	VALUES ("a8cf1f9a-8200-42ea-b0f4-6c3f970f8e44",
	1,
	0,
	0,
	'',
	'',
	'',
	2,
	1,
	1,
	40,
	0,
	0,
	0,
	0,
	0,
	0,
	0,
	0,
	0,
	"0f9a6607-722f-4414-a2fd-8eede401a318",
	"00000000-0000-0000-0000-000000000000");
INSERT INTO ACT_SMT
	VALUES ("a8b0438c-2f36-45b1-8e91-da436fa2d934",
	"a8cf1f9a-8200-42ea-b0f4-6c3f970f8e44",
	"cdb528cb-51de-47e8-b299-62d6a29094c5",
	1,
	1,
	'TestInitialize line: 1');
INSERT INTO ACT_FIO
	VALUES ("a8b0438c-2f36-45b1-8e91-da436fa2d934",
	"f6cf1d3c-2671-49d1-9210-d541baab1795",
	1,
	'any',
	"259f4456-9ac2-41c5-add3-a05dd80d0c57",
	1,
	40);
INSERT INTO ACT_SMT
	VALUES ("cdb528cb-51de-47e8-b299-62d6a29094c5",
	"a8cf1f9a-8200-42ea-b0f4-6c3f970f8e44",
	"00000000-0000-0000-0000-000000000000",
	2,
	1,
	'TestInitialize line: 2');
INSERT INTO ACT_IF
	VALUES ("cdb528cb-51de-47e8-b299-62d6a29094c5",
	"93d00d8c-92a0-47d1-8c92-fce7109f5eb1",
	"5c4bc346-dfa5-441c-97cb-11a6c15c35b4",
	"00000000-0000-0000-0000-000000000000",
	"00000000-0000-0000-0000-000000000000");
INSERT INTO V_VAL
	VALUES ("ffe83834-34ac-48d9-9ba3-3fa2090ee791",
	0,
	0,
	2,
	10,
	18,
	0,
	0,
	0,
	0,
	"ba5eda7a-def5-0000-0000-000000000008",
	"a8cf1f9a-8200-42ea-b0f4-6c3f970f8e44");
INSERT INTO V_IRF
	VALUES ("ffe83834-34ac-48d9-9ba3-3fa2090ee791",
	"f6cf1d3c-2671-49d1-9210-d541baab1795");
INSERT INTO V_VAL
	VALUES ("5c4bc346-dfa5-441c-97cb-11a6c15c35b4",
	0,
	0,
	-1,
	-1,
	-1,
	0,
	0,
	0,
	0,
	"ba5eda7a-def5-0000-0000-000000000001",
	"a8cf1f9a-8200-42ea-b0f4-6c3f970f8e44");
INSERT INTO V_UNY
	VALUES ("5c4bc346-dfa5-441c-97cb-11a6c15c35b4",
	"ffe83834-34ac-48d9-9ba3-3fa2090ee791",
	'empty');
INSERT INTO V_VAR
	VALUES ("f6cf1d3c-2671-49d1-9210-d541baab1795",
	"a8cf1f9a-8200-42ea-b0f4-6c3f970f8e44",
	'topEntity',
	1,
	"ba5eda7a-def5-0000-0000-000000000008");
INSERT INTO V_INT
	VALUES ("f6cf1d3c-2671-49d1-9210-d541baab1795",
	0,
	"259f4456-9ac2-41c5-add3-a05dd80d0c57");
INSERT INTO ACT_BLK
	VALUES ("93d00d8c-92a0-47d1-8c92-fce7109f5eb1",
	0,
	0,
	0,
	'',
	'',
	'',
	8,
	2,
	3,
	38,
	0,
	0,
	0,
	0,
	0,
	0,
	0,
	0,
	0,
	"0f9a6607-722f-4414-a2fd-8eede401a318",
	"00000000-0000-0000-0000-000000000000");
INSERT INTO ACT_SMT
	VALUES ("46e59026-ab13-4532-941f-ebf13c2c51c0",
	"93d00d8c-92a0-47d1-8c92-fce7109f5eb1",
	"5b45ae4d-c69e-4f3d-858c-fc3c8a4d072a",
	3,
	2,
	'TestInitialize line: 3');
INSERT INTO ACT_CR
	VALUES ("46e59026-ab13-4532-941f-ebf13c2c51c0",
	"f6cf1d3c-2671-49d1-9210-d541baab1795",
	0,
	"259f4456-9ac2-41c5-add3-a05dd80d0c57",
	3,
	38);
INSERT INTO ACT_SMT
	VALUES ("5b45ae4d-c69e-4f3d-858c-fc3c8a4d072a",
	"93d00d8c-92a0-47d1-8c92-fce7109f5eb1",
	"b8819765-842a-4b0b-a955-4ba3c16a5f55",
	4,
	2,
	'TestInitialize line: 4');
INSERT INTO ACT_AI
	VALUES ("5b45ae4d-c69e-4f3d-858c-fc3c8a4d072a",
	"08102278-4db5-4120-80b3-cc8c12ea0985",
	"2fcd7598-adc3-43ce-921c-b83892ff0f33",
	0,
	0);
INSERT INTO ACT_SMT
	VALUES ("b8819765-842a-4b0b-a955-4ba3c16a5f55",
	"93d00d8c-92a0-47d1-8c92-fce7109f5eb1",
	"2b973dfa-d3c0-43a3-af9f-f2c2677d5bc0",
	5,
	2,
	'TestInitialize line: 5');
INSERT INTO ACT_AI
	VALUES ("b8819765-842a-4b0b-a955-4ba3c16a5f55",
	"9cb41604-1d3f-4dd6-826e-4019a7736c5c",
	"5328c186-a482-4996-9296-315ca5f2014b",
	0,
	0);
INSERT INTO ACT_SMT
	VALUES ("2b973dfa-d3c0-43a3-af9f-f2c2677d5bc0",
	"93d00d8c-92a0-47d1-8c92-fce7109f5eb1",
	"0dca26d0-60b7-440b-a83d-9a019a7d60ec",
	7,
	2,
	'TestInitialize line: 7');
INSERT INTO ACT_AI
	VALUES ("2b973dfa-d3c0-43a3-af9f-f2c2677d5bc0",
	"2d1c498c-029a-40e6-bb8e-951f4aacf00a",
	"1c704311-ec10-40fd-8476-48ab84e7d623",
	0,
	0);
INSERT INTO ACT_SMT
	VALUES ("0dca26d0-60b7-440b-a83d-9a019a7d60ec",
	"93d00d8c-92a0-47d1-8c92-fce7109f5eb1",
	"00000000-0000-0000-0000-000000000000",
	8,
	2,
	'TestInitialize line: 8');
INSERT INTO ACT_WHL
	VALUES ("0dca26d0-60b7-440b-a83d-9a019a7d60ec",
	"82139fe6-207e-47ca-8b53-cc63ae219a0d",
	"50c47dea-1a66-4ca4-8332-78bd4b48e6c4");
INSERT INTO V_VAL
	VALUES ("583fe418-c2d4-46b6-b213-a8a375bd3abe",
	1,
	0,
	4,
	2,
	10,
	0,
	0,
	0,
	0,
	"ba5eda7a-def5-0000-0000-000000000008",
	"93d00d8c-92a0-47d1-8c92-fce7109f5eb1");
INSERT INTO V_IRF
	VALUES ("583fe418-c2d4-46b6-b213-a8a375bd3abe",
	"f6cf1d3c-2671-49d1-9210-d541baab1795");
INSERT INTO V_VAL
	VALUES ("2fcd7598-adc3-43ce-921c-b83892ff0f33",
	1,
	0,
	4,
	12,
	12,
	0,
	0,
	0,
	0,
	"ba5eda7a-def5-0000-0000-000000000002",
	"93d00d8c-92a0-47d1-8c92-fce7109f5eb1");
INSERT INTO V_AVL
	VALUES ("2fcd7598-adc3-43ce-921c-b83892ff0f33",
	"583fe418-c2d4-46b6-b213-a8a375bd3abe",
	"259f4456-9ac2-41c5-add3-a05dd80d0c57",
	"1c471b3a-b15a-4151-9899-0888aa0f5395");
INSERT INTO V_VAL
	VALUES ("08102278-4db5-4120-80b3-cc8c12ea0985",
	0,
	0,
	4,
	16,
	17,
	0,
	0,
	0,
	0,
	"ba5eda7a-def5-0000-0000-000000000002",
	"93d00d8c-92a0-47d1-8c92-fce7109f5eb1");
INSERT INTO V_LIN
	VALUES ("08102278-4db5-4120-80b3-cc8c12ea0985",
	'10');
INSERT INTO V_VAL
	VALUES ("dadcedcb-08eb-4b6b-b682-c88dfab93871",
	1,
	0,
	5,
	2,
	10,
	0,
	0,
	0,
	0,
	"ba5eda7a-def5-0000-0000-000000000008",
	"93d00d8c-92a0-47d1-8c92-fce7109f5eb1");
INSERT INTO V_IRF
	VALUES ("dadcedcb-08eb-4b6b-b682-c88dfab93871",
	"f6cf1d3c-2671-49d1-9210-d541baab1795");
INSERT INTO V_VAL
	VALUES ("5328c186-a482-4996-9296-315ca5f2014b",
	1,
	0,
	5,
	12,
	12,
	0,
	0,
	0,
	0,
	"ba5eda7a-def5-0000-0000-000000000004",
	"93d00d8c-92a0-47d1-8c92-fce7109f5eb1");
INSERT INTO V_AVL
	VALUES ("5328c186-a482-4996-9296-315ca5f2014b",
	"dadcedcb-08eb-4b6b-b682-c88dfab93871",
	"259f4456-9ac2-41c5-add3-a05dd80d0c57",
	"b5f6fdbe-98e5-4d30-b40b-0447a4f42ec1");
INSERT INTO V_VAL
	VALUES ("9cb41604-1d3f-4dd6-826e-4019a7736c5c",
	0,
	0,
	5,
	16,
	21,
	0,
	0,
	0,
	0,
	"ba5eda7a-def5-0000-0000-000000000004",
	"93d00d8c-92a0-47d1-8c92-fce7109f5eb1");
INSERT INTO V_LST
	VALUES ("9cb41604-1d3f-4dd6-826e-4019a7736c5c",
	'hello');
INSERT INTO V_VAL
	VALUES ("1c704311-ec10-40fd-8476-48ab84e7d623",
	1,
	1,
	7,
	2,
	6,
	0,
	0,
	0,
	0,
	"ba5eda7a-def5-0000-0000-000000000002",
	"93d00d8c-92a0-47d1-8c92-fce7109f5eb1");
INSERT INTO V_TVL
	VALUES ("1c704311-ec10-40fd-8476-48ab84e7d623",
	"edf646b2-963c-4416-8cea-1f040f5c9faa");
INSERT INTO V_VAL
	VALUES ("2d1c498c-029a-40e6-bb8e-951f4aacf00a",
	0,
	0,
	7,
	10,
	10,
	0,
	0,
	0,
	0,
	"ba5eda7a-def5-0000-0000-000000000002",
	"93d00d8c-92a0-47d1-8c92-fce7109f5eb1");
INSERT INTO V_LIN
	VALUES ("2d1c498c-029a-40e6-bb8e-951f4aacf00a",
	'0');
INSERT INTO V_VAL
	VALUES ("7d9fae36-12b1-4189-8f07-7e8f126689b7",
	0,
	0,
	8,
	8,
	12,
	0,
	0,
	0,
	0,
	"ba5eda7a-def5-0000-0000-000000000002",
	"93d00d8c-92a0-47d1-8c92-fce7109f5eb1");
INSERT INTO V_TVL
	VALUES ("7d9fae36-12b1-4189-8f07-7e8f126689b7",
	"edf646b2-963c-4416-8cea-1f040f5c9faa");
INSERT INTO V_VAL
	VALUES ("82139fe6-207e-47ca-8b53-cc63ae219a0d",
	0,
	0,
	8,
	8,
	16,
	0,
	0,
	0,
	0,
	"ba5eda7a-def5-0000-0000-000000000001",
	"93d00d8c-92a0-47d1-8c92-fce7109f5eb1");
INSERT INTO V_BIN
	VALUES ("82139fe6-207e-47ca-8b53-cc63ae219a0d",
	"a4351fab-ccb8-494a-81d7-0963bc13a6e7",
	"7d9fae36-12b1-4189-8f07-7e8f126689b7",
	'<');
INSERT INTO V_VAL
	VALUES ("a4351fab-ccb8-494a-81d7-0963bc13a6e7",
	0,
	0,
	8,
	16,
	16,
	0,
	0,
	0,
	0,
	"ba5eda7a-def5-0000-0000-000000000002",
	"93d00d8c-92a0-47d1-8c92-fce7109f5eb1");
INSERT INTO V_LIN
	VALUES ("a4351fab-ccb8-494a-81d7-0963bc13a6e7",
	'2');
INSERT INTO V_VAR
	VALUES ("edf646b2-963c-4416-8cea-1f040f5c9faa",
	"93d00d8c-92a0-47d1-8c92-fce7109f5eb1",
	'index',
	1,
	"ba5eda7a-def5-0000-0000-000000000002");
INSERT INTO V_TRN
	VALUES ("edf646b2-963c-4416-8cea-1f040f5c9faa",
	"00000000-0000-0000-0000-000000000000",
	'');
INSERT INTO ACT_BLK
	VALUES ("50c47dea-1a66-4ca4-8332-78bd4b48e6c4",
	0,
	0,
	0,
	'',
	'',
	'',
	22,
	3,
	9,
	42,
	0,
	0,
	13,
	43,
	0,
	0,
	0,
	0,
	0,
	"0f9a6607-722f-4414-a2fd-8eede401a318",
	"00000000-0000-0000-0000-000000000000");
INSERT INTO ACT_SMT
	VALUES ("4c1e1bf2-8274-4c4a-b849-0efe7cf5756e",
	"50c47dea-1a66-4ca4-8332-78bd4b48e6c4",
	"350f9359-0799-47c8-9fe9-abe013f1db06",
	9,
	3,
	'TestInitialize line: 9');
INSERT INTO ACT_CR
	VALUES ("4c1e1bf2-8274-4c4a-b849-0efe7cf5756e",
	"c9948b3a-5202-491f-8685-2d9a1598e2ef",
	1,
	"b9d246e2-2ced-4679-9c21-c885d2a20b6e",
	9,
	42);
INSERT INTO ACT_SMT
	VALUES ("350f9359-0799-47c8-9fe9-abe013f1db06",
	"50c47dea-1a66-4ca4-8332-78bd4b48e6c4",
	"f4bb3cf6-28e6-468f-99b8-bd929e36e892",
	10,
	3,
	'TestInitialize line: 10');
INSERT INTO ACT_AI
	VALUES ("350f9359-0799-47c8-9fe9-abe013f1db06",
	"5d845e28-5470-4cfa-8957-09a69c025b0f",
	"330328ca-a15d-415d-9b79-b6f071cc38a5",
	0,
	0);
INSERT INTO ACT_SMT
	VALUES ("f4bb3cf6-28e6-468f-99b8-bd929e36e892",
	"50c47dea-1a66-4ca4-8332-78bd4b48e6c4",
	"842eef9b-015d-4238-b5e7-ab7ac685b5fa",
	11,
	3,
	'TestInitialize line: 11');
INSERT INTO ACT_AI
	VALUES ("f4bb3cf6-28e6-468f-99b8-bd929e36e892",
	"1c7764c0-d398-4e60-82dc-ef0fefe04b15",
	"7a3ce33b-c575-4f93-8c18-ebcd2dedc095",
	0,
	0);
INSERT INTO ACT_SMT
	VALUES ("842eef9b-015d-4238-b5e7-ab7ac685b5fa",
	"50c47dea-1a66-4ca4-8332-78bd4b48e6c4",
	"4649752e-8fbf-4074-9161-b61fe88c3338",
	12,
	3,
	'TestInitialize line: 12');
INSERT INTO ACT_AI
	VALUES ("842eef9b-015d-4238-b5e7-ab7ac685b5fa",
	"30d242f6-f497-4d03-8a92-b71346707663",
	"69c6e308-c6c6-4eec-8722-a7aa467a8a54",
	0,
	0);
INSERT INTO ACT_SMT
	VALUES ("4649752e-8fbf-4074-9161-b61fe88c3338",
	"50c47dea-1a66-4ca4-8332-78bd4b48e6c4",
	"4bf84c5b-4e23-4e4e-9e2c-296a0de079ce",
	13,
	3,
	'TestInitialize line: 13');
INSERT INTO ACT_REL
	VALUES ("4649752e-8fbf-4074-9161-b61fe88c3338",
	"c9948b3a-5202-491f-8685-2d9a1598e2ef",
	"f6cf1d3c-2671-49d1-9210-d541baab1795",
	'',
	"8e1cea38-b096-4259-8672-caf261f34182",
	13,
	43,
	0,
	0);
INSERT INTO ACT_SMT
	VALUES ("4bf84c5b-4e23-4e4e-9e2c-296a0de079ce",
	"50c47dea-1a66-4ca4-8332-78bd4b48e6c4",
	"4bc040be-6d6d-47ab-91aa-f3dfe6020608",
	14,
	3,
	'TestInitialize line: 14');
INSERT INTO ACT_AI
	VALUES ("4bf84c5b-4e23-4e4e-9e2c-296a0de079ce",
	"871093ea-e783-43fa-8179-490143066ffd",
	"321589c6-6af4-48ac-9799-7a940ebc88f9",
	0,
	0);
INSERT INTO ACT_SMT
	VALUES ("4bc040be-6d6d-47ab-91aa-f3dfe6020608",
	"50c47dea-1a66-4ca4-8332-78bd4b48e6c4",
	"57e4b9f5-23a0-49b3-b948-cb555c2c978e",
	15,
	3,
	'TestInitialize line: 15');
INSERT INTO ACT_WHL
	VALUES ("4bc040be-6d6d-47ab-91aa-f3dfe6020608",
	"e09b8cc6-a86b-472d-98df-70f72d38bfe0",
	"f08d8000-3056-4b89-b173-8f6a2a6b3339");
INSERT INTO ACT_SMT
	VALUES ("57e4b9f5-23a0-49b3-b948-cb555c2c978e",
	"50c47dea-1a66-4ca4-8332-78bd4b48e6c4",
	"00000000-0000-0000-0000-000000000000",
	22,
	3,
	'TestInitialize line: 22');
INSERT INTO ACT_AI
	VALUES ("57e4b9f5-23a0-49b3-b948-cb555c2c978e",
	"808b4a49-c2ce-4d26-a6fd-1cb7297ba74c",
	"4824288d-428c-4384-bc54-5af346b94965",
	0,
	0);
INSERT INTO V_VAL
	VALUES ("f701ad34-4614-4b7e-ab04-e52aa0988697",
	1,
	0,
	10,
	3,
	14,
	0,
	0,
	0,
	0,
	"ba5eda7a-def5-0000-0000-000000000008",
	"50c47dea-1a66-4ca4-8332-78bd4b48e6c4");
INSERT INTO V_IRF
	VALUES ("f701ad34-4614-4b7e-ab04-e52aa0988697",
	"c9948b3a-5202-491f-8685-2d9a1598e2ef");
INSERT INTO V_VAL
	VALUES ("330328ca-a15d-415d-9b79-b6f071cc38a5",
	1,
	0,
	10,
	16,
	26,
	0,
	0,
	0,
	0,
	"ba5eda7a-def5-0000-0000-000000000001",
	"50c47dea-1a66-4ca4-8332-78bd4b48e6c4");
INSERT INTO V_AVL
	VALUES ("330328ca-a15d-415d-9b79-b6f071cc38a5",
	"f701ad34-4614-4b7e-ab04-e52aa0988697",
	"b9d246e2-2ced-4679-9c21-c885d2a20b6e",
	"46b4074c-e5cf-47cf-8ff1-01a471344712");
INSERT INTO V_VAL
	VALUES ("5d845e28-5470-4cfa-8957-09a69c025b0f",
	0,
	0,
	-1,
	-1,
	-1,
	0,
	0,
	0,
	0,
	"ba5eda7a-def5-0000-0000-000000000001",
	"50c47dea-1a66-4ca4-8332-78bd4b48e6c4");
INSERT INTO V_LBO
	VALUES ("5d845e28-5470-4cfa-8957-09a69c025b0f",
	'FALSE');
INSERT INTO V_VAL
	VALUES ("6c6a6f7a-a0db-4b36-88f7-1982fb1b4d1b",
	1,
	0,
	11,
	3,
	14,
	0,
	0,
	0,
	0,
	"ba5eda7a-def5-0000-0000-000000000008",
	"50c47dea-1a66-4ca4-8332-78bd4b48e6c4");
INSERT INTO V_IRF
	VALUES ("6c6a6f7a-a0db-4b36-88f7-1982fb1b4d1b",
	"c9948b3a-5202-491f-8685-2d9a1598e2ef");
INSERT INTO V_VAL
	VALUES ("7a3ce33b-c575-4f93-8c18-ebcd2dedc095",
	1,
	0,
	11,
	16,
	32,
	0,
	0,
	0,
	0,
	"ba5eda7a-def5-0000-0000-000000000002",
	"50c47dea-1a66-4ca4-8332-78bd4b48e6c4");
INSERT INTO V_AVL
	VALUES ("7a3ce33b-c575-4f93-8c18-ebcd2dedc095",
	"6c6a6f7a-a0db-4b36-88f7-1982fb1b4d1b",
	"b9d246e2-2ced-4679-9c21-c885d2a20b6e",
	"da0c95ab-21e7-4a60-b213-1581fef2059b");
INSERT INTO V_VAL
	VALUES ("fda50e6c-b754-48b4-95ae-dee9400e088a",
	0,
	0,
	11,
	36,
	37,
	0,
	0,
	0,
	0,
	"ba5eda7a-def5-0000-0000-000000000002",
	"50c47dea-1a66-4ca4-8332-78bd4b48e6c4");
INSERT INTO V_LIN
	VALUES ("fda50e6c-b754-48b4-95ae-dee9400e088a",
	'49');
INSERT INTO V_VAL
	VALUES ("1c7764c0-d398-4e60-82dc-ef0fefe04b15",
	0,
	0,
	11,
	36,
	49,
	0,
	0,
	0,
	0,
	"ba5eda7a-def5-0000-0000-000000000002",
	"50c47dea-1a66-4ca4-8332-78bd4b48e6c4");
INSERT INTO V_BIN
	VALUES ("1c7764c0-d398-4e60-82dc-ef0fefe04b15",
	"db777251-5caa-4d8f-9484-c07b0ee629c7",
	"fda50e6c-b754-48b4-95ae-dee9400e088a",
	'+');
INSERT INTO V_VAL
	VALUES ("ca765980-2163-4740-8332-9d16d315886d",
	0,
	0,
	11,
	41,
	45,
	0,
	0,
	0,
	0,
	"ba5eda7a-def5-0000-0000-000000000002",
	"50c47dea-1a66-4ca4-8332-78bd4b48e6c4");
INSERT INTO V_TVL
	VALUES ("ca765980-2163-4740-8332-9d16d315886d",
	"edf646b2-963c-4416-8cea-1f040f5c9faa");
INSERT INTO V_VAL
	VALUES ("db777251-5caa-4d8f-9484-c07b0ee629c7",
	0,
	0,
	11,
	41,
	49,
	0,
	0,
	0,
	0,
	"ba5eda7a-def5-0000-0000-000000000002",
	"50c47dea-1a66-4ca4-8332-78bd4b48e6c4");
INSERT INTO V_BIN
	VALUES ("db777251-5caa-4d8f-9484-c07b0ee629c7",
	"d0f5b5e4-82ea-4e41-bc3b-e795ea66c7bd",
	"ca765980-2163-4740-8332-9d16d315886d",
	'*');
INSERT INTO V_VAL
	VALUES ("d0f5b5e4-82ea-4e41-bc3b-e795ea66c7bd",
	0,
	0,
	11,
	49,
	49,
	0,
	0,
	0,
	0,
	"ba5eda7a-def5-0000-0000-000000000002",
	"50c47dea-1a66-4ca4-8332-78bd4b48e6c4");
INSERT INTO V_LIN
	VALUES ("d0f5b5e4-82ea-4e41-bc3b-e795ea66c7bd",
	'2');
INSERT INTO V_VAL
	VALUES ("a7efe2b1-4386-4d4d-8170-4ff71b1a84c5",
	1,
	0,
	12,
	3,
	14,
	0,
	0,
	0,
	0,
	"ba5eda7a-def5-0000-0000-000000000008",
	"50c47dea-1a66-4ca4-8332-78bd4b48e6c4");
INSERT INTO V_IRF
	VALUES ("a7efe2b1-4386-4d4d-8170-4ff71b1a84c5",
	"c9948b3a-5202-491f-8685-2d9a1598e2ef");
INSERT INTO V_VAL
	VALUES ("69c6e308-c6c6-4eec-8722-a7aa467a8a54",
	1,
	0,
	12,
	16,
	35,
	0,
	0,
	0,
	0,
	"ba5eda7a-def5-0000-0000-000000000002",
	"50c47dea-1a66-4ca4-8332-78bd4b48e6c4");
INSERT INTO V_AVL
	VALUES ("69c6e308-c6c6-4eec-8722-a7aa467a8a54",
	"a7efe2b1-4386-4d4d-8170-4ff71b1a84c5",
	"b9d246e2-2ced-4679-9c21-c885d2a20b6e",
	"65814a00-0a91-4b1c-8947-90e6f0877a56");
INSERT INTO V_VAL
	VALUES ("1651f72a-eecd-4dd0-9a9f-b2a1835c68ee",
	0,
	0,
	12,
	39,
	40,
	0,
	0,
	0,
	0,
	"ba5eda7a-def5-0000-0000-000000000002",
	"50c47dea-1a66-4ca4-8332-78bd4b48e6c4");
INSERT INTO V_LIN
	VALUES ("1651f72a-eecd-4dd0-9a9f-b2a1835c68ee",
	'27');
INSERT INTO V_VAL
	VALUES ("30d242f6-f497-4d03-8a92-b71346707663",
	0,
	0,
	12,
	39,
	48,
	0,
	0,
	0,
	0,
	"ba5eda7a-def5-0000-0000-000000000002",
	"50c47dea-1a66-4ca4-8332-78bd4b48e6c4");
INSERT INTO V_BIN
	VALUES ("30d242f6-f497-4d03-8a92-b71346707663",
	"03eb2b79-dafb-4ba7-be85-2120ccdcc601",
	"1651f72a-eecd-4dd0-9a9f-b2a1835c68ee",
	'-');
INSERT INTO V_VAL
	VALUES ("03eb2b79-dafb-4ba7-be85-2120ccdcc601",
	0,
	0,
	12,
	44,
	48,
	0,
	0,
	0,
	0,
	"ba5eda7a-def5-0000-0000-000000000002",
	"50c47dea-1a66-4ca4-8332-78bd4b48e6c4");
INSERT INTO V_TVL
	VALUES ("03eb2b79-dafb-4ba7-be85-2120ccdcc601",
	"edf646b2-963c-4416-8cea-1f040f5c9faa");
INSERT INTO V_VAL
	VALUES ("321589c6-6af4-48ac-9799-7a940ebc88f9",
	1,
	1,
	14,
	3,
	8,
	0,
	0,
	0,
	0,
	"ba5eda7a-def5-0000-0000-000000000002",
	"50c47dea-1a66-4ca4-8332-78bd4b48e6c4");
INSERT INTO V_TVL
	VALUES ("321589c6-6af4-48ac-9799-7a940ebc88f9",
	"1a5f8a76-18b3-4802-affe-46f00ca79865");
INSERT INTO V_VAL
	VALUES ("871093ea-e783-43fa-8179-490143066ffd",
	0,
	0,
	14,
	12,
	12,
	0,
	0,
	0,
	0,
	"ba5eda7a-def5-0000-0000-000000000002",
	"50c47dea-1a66-4ca4-8332-78bd4b48e6c4");
INSERT INTO V_LIN
	VALUES ("871093ea-e783-43fa-8179-490143066ffd",
	'0');
INSERT INTO V_VAL
	VALUES ("27d3acc4-35e4-481d-b0c9-3d365926e383",
	0,
	0,
	15,
	9,
	14,
	0,
	0,
	0,
	0,
	"ba5eda7a-def5-0000-0000-000000000002",
	"50c47dea-1a66-4ca4-8332-78bd4b48e6c4");
INSERT INTO V_TVL
	VALUES ("27d3acc4-35e4-481d-b0c9-3d365926e383",
	"1a5f8a76-18b3-4802-affe-46f00ca79865");
INSERT INTO V_VAL
	VALUES ("e09b8cc6-a86b-472d-98df-70f72d38bfe0",
	0,
	0,
	15,
	9,
	18,
	0,
	0,
	0,
	0,
	"ba5eda7a-def5-0000-0000-000000000001",
	"50c47dea-1a66-4ca4-8332-78bd4b48e6c4");
INSERT INTO V_BIN
	VALUES ("e09b8cc6-a86b-472d-98df-70f72d38bfe0",
	"42ba405c-9c68-4b12-8eed-129cfe883c8e",
	"27d3acc4-35e4-481d-b0c9-3d365926e383",
	'<');
INSERT INTO V_VAL
	VALUES ("42ba405c-9c68-4b12-8eed-129cfe883c8e",
	0,
	0,
	15,
	18,
	18,
	0,
	0,
	0,
	0,
	"ba5eda7a-def5-0000-0000-000000000002",
	"50c47dea-1a66-4ca4-8332-78bd4b48e6c4");
INSERT INTO V_LIN
	VALUES ("42ba405c-9c68-4b12-8eed-129cfe883c8e",
	'3');
INSERT INTO V_VAL
	VALUES ("4824288d-428c-4384-bc54-5af346b94965",
	1,
	0,
	22,
	3,
	7,
	0,
	0,
	0,
	0,
	"ba5eda7a-def5-0000-0000-000000000002",
	"50c47dea-1a66-4ca4-8332-78bd4b48e6c4");
INSERT INTO V_TVL
	VALUES ("4824288d-428c-4384-bc54-5af346b94965",
	"edf646b2-963c-4416-8cea-1f040f5c9faa");
INSERT INTO V_VAL
	VALUES ("7648fabe-b3e2-4c2f-b6c6-dffa992f4c3a",
	0,
	0,
	22,
	11,
	15,
	0,
	0,
	0,
	0,
	"ba5eda7a-def5-0000-0000-000000000002",
	"50c47dea-1a66-4ca4-8332-78bd4b48e6c4");
INSERT INTO V_TVL
	VALUES ("7648fabe-b3e2-4c2f-b6c6-dffa992f4c3a",
	"edf646b2-963c-4416-8cea-1f040f5c9faa");
INSERT INTO V_VAL
	VALUES ("808b4a49-c2ce-4d26-a6fd-1cb7297ba74c",
	0,
	0,
	22,
	11,
	19,
	0,
	0,
	0,
	0,
	"ba5eda7a-def5-0000-0000-000000000002",
	"50c47dea-1a66-4ca4-8332-78bd4b48e6c4");
INSERT INTO V_BIN
	VALUES ("808b4a49-c2ce-4d26-a6fd-1cb7297ba74c",
	"d52cf8bf-b5fe-4cbe-be24-5341a1d59457",
	"7648fabe-b3e2-4c2f-b6c6-dffa992f4c3a",
	'+');
INSERT INTO V_VAL
	VALUES ("d52cf8bf-b5fe-4cbe-be24-5341a1d59457",
	0,
	0,
	22,
	19,
	19,
	0,
	0,
	0,
	0,
	"ba5eda7a-def5-0000-0000-000000000002",
	"50c47dea-1a66-4ca4-8332-78bd4b48e6c4");
INSERT INTO V_LIN
	VALUES ("d52cf8bf-b5fe-4cbe-be24-5341a1d59457",
	'1');
INSERT INTO V_VAR
	VALUES ("c9948b3a-5202-491f-8685-2d9a1598e2ef",
	"50c47dea-1a66-4ca4-8332-78bd4b48e6c4",
	'middleEntity',
	1,
	"ba5eda7a-def5-0000-0000-000000000008");
INSERT INTO V_INT
	VALUES ("c9948b3a-5202-491f-8685-2d9a1598e2ef",
	0,
	"b9d246e2-2ced-4679-9c21-c885d2a20b6e");
INSERT INTO V_VAR
	VALUES ("1a5f8a76-18b3-4802-affe-46f00ca79865",
	"50c47dea-1a66-4ca4-8332-78bd4b48e6c4",
	'dindex',
	1,
	"ba5eda7a-def5-0000-0000-000000000002");
INSERT INTO V_TRN
	VALUES ("1a5f8a76-18b3-4802-affe-46f00ca79865",
	"00000000-0000-0000-0000-000000000000",
	'');
INSERT INTO ACT_BLK
	VALUES ("f08d8000-3056-4b89-b173-8f6a2a6b3339",
	0,
	0,
	0,
	'',
	'',
	'',
	20,
	4,
	16,
	41,
	0,
	0,
	19,
	45,
	0,
	0,
	0,
	0,
	0,
	"0f9a6607-722f-4414-a2fd-8eede401a318",
	"00000000-0000-0000-0000-000000000000");
INSERT INTO ACT_SMT
	VALUES ("1ce48743-e48f-4913-9604-367e5c7e43f6",
	"f08d8000-3056-4b89-b173-8f6a2a6b3339",
	"b446e98b-b4e6-400f-9d94-3f5844bb2da5",
	16,
	4,
	'TestInitialize line: 16');
INSERT INTO ACT_CR
	VALUES ("1ce48743-e48f-4913-9604-367e5c7e43f6",
	"cd1576e7-e49d-44d6-bf57-439800514d60",
	1,
	"6938f8d7-0f9f-4032-9df0-e37f086ea344",
	16,
	41);
INSERT INTO ACT_SMT
	VALUES ("b446e98b-b4e6-400f-9d94-3f5844bb2da5",
	"f08d8000-3056-4b89-b173-8f6a2a6b3339",
	"8701e3a1-6976-4057-ac0c-f067eafbedd9",
	17,
	4,
	'TestInitialize line: 17');
INSERT INTO ACT_AI
	VALUES ("b446e98b-b4e6-400f-9d94-3f5844bb2da5",
	"0df749c1-1449-4923-b234-ce8db9d4d632",
	"9d0a5113-3407-4d5d-8863-d4c7eeaf6070",
	0,
	0);
INSERT INTO ACT_SMT
	VALUES ("8701e3a1-6976-4057-ac0c-f067eafbedd9",
	"f08d8000-3056-4b89-b173-8f6a2a6b3339",
	"905caab3-3f0f-4912-be83-d1f4d0be930e",
	18,
	4,
	'TestInitialize line: 18');
INSERT INTO ACT_AI
	VALUES ("8701e3a1-6976-4057-ac0c-f067eafbedd9",
	"505a48f6-6c2d-46dc-87f6-babf01014cf5",
	"9205ebf2-5f1d-4d6d-8188-39600e8ad4ab",
	0,
	0);
INSERT INTO ACT_SMT
	VALUES ("905caab3-3f0f-4912-be83-d1f4d0be930e",
	"f08d8000-3056-4b89-b173-8f6a2a6b3339",
	"018c00c3-c77b-4658-bd5d-c5dd7b0fe083",
	19,
	4,
	'TestInitialize line: 19');
INSERT INTO ACT_REL
	VALUES ("905caab3-3f0f-4912-be83-d1f4d0be930e",
	"c9948b3a-5202-491f-8685-2d9a1598e2ef",
	"cd1576e7-e49d-44d6-bf57-439800514d60",
	'',
	"ef598959-eb6f-4b6f-b66d-c43035833a57",
	19,
	45,
	0,
	0);
INSERT INTO ACT_SMT
	VALUES ("018c00c3-c77b-4658-bd5d-c5dd7b0fe083",
	"f08d8000-3056-4b89-b173-8f6a2a6b3339",
	"00000000-0000-0000-0000-000000000000",
	20,
	4,
	'TestInitialize line: 20');
INSERT INTO ACT_AI
	VALUES ("018c00c3-c77b-4658-bd5d-c5dd7b0fe083",
	"c0c65969-c1de-4824-89c9-6a7afa2b069b",
	"e64bc2d4-4167-4671-9ebe-33d482b93358",
	0,
	0);
INSERT INTO V_VAL
	VALUES ("faaacee1-e974-4c2c-a6c2-5de1398eeb23",
	1,
	0,
	17,
	4,
	13,
	0,
	0,
	0,
	0,
	"ba5eda7a-def5-0000-0000-000000000008",
	"f08d8000-3056-4b89-b173-8f6a2a6b3339");
INSERT INTO V_IRF
	VALUES ("faaacee1-e974-4c2c-a6c2-5de1398eeb23",
	"cd1576e7-e49d-44d6-bf57-439800514d60");
INSERT INTO V_VAL
	VALUES ("9d0a5113-3407-4d5d-8863-d4c7eeaf6070",
	1,
	0,
	17,
	15,
	20,
	0,
	0,
	0,
	0,
	"ba5eda7a-def5-0000-0000-000000000002",
	"f08d8000-3056-4b89-b173-8f6a2a6b3339");
INSERT INTO V_AVL
	VALUES ("9d0a5113-3407-4d5d-8863-d4c7eeaf6070",
	"faaacee1-e974-4c2c-a6c2-5de1398eeb23",
	"6938f8d7-0f9f-4032-9df0-e37f086ea344",
	"48b872fa-3a47-4568-91e1-5d87fca8a3b2");
INSERT INTO V_VAL
	VALUES ("0df749c1-1449-4923-b234-ce8db9d4d632",
	0,
	0,
	17,
	24,
	29,
	0,
	0,
	0,
	0,
	"ba5eda7a-def5-0000-0000-000000000002",
	"f08d8000-3056-4b89-b173-8f6a2a6b3339");
INSERT INTO V_TVL
	VALUES ("0df749c1-1449-4923-b234-ce8db9d4d632",
	"1a5f8a76-18b3-4802-affe-46f00ca79865");
INSERT INTO V_VAL
	VALUES ("d30d2e92-7b3c-44a0-9bf4-8147550cbbd5",
	1,
	0,
	18,
	4,
	13,
	0,
	0,
	0,
	0,
	"ba5eda7a-def5-0000-0000-000000000008",
	"f08d8000-3056-4b89-b173-8f6a2a6b3339");
INSERT INTO V_IRF
	VALUES ("d30d2e92-7b3c-44a0-9bf4-8147550cbbd5",
	"cd1576e7-e49d-44d6-bf57-439800514d60");
INSERT INTO V_VAL
	VALUES ("9205ebf2-5f1d-4d6d-8188-39600e8ad4ab",
	1,
	0,
	18,
	15,
	29,
	0,
	0,
	0,
	0,
	"ba5eda7a-def5-0000-0000-000000000002",
	"f08d8000-3056-4b89-b173-8f6a2a6b3339");
INSERT INTO V_AVL
	VALUES ("9205ebf2-5f1d-4d6d-8188-39600e8ad4ab",
	"d30d2e92-7b3c-44a0-9bf4-8147550cbbd5",
	"6938f8d7-0f9f-4032-9df0-e37f086ea344",
	"1a3bf181-cddc-4aa2-89b3-485e900062c9");
INSERT INTO V_VAL
	VALUES ("505a48f6-6c2d-46dc-87f6-babf01014cf5",
	0,
	0,
	18,
	33,
	37,
	0,
	0,
	0,
	0,
	"ba5eda7a-def5-0000-0000-000000000002",
	"f08d8000-3056-4b89-b173-8f6a2a6b3339");
INSERT INTO V_LIN
	VALUES ("505a48f6-6c2d-46dc-87f6-babf01014cf5",
	'10000');
INSERT INTO V_VAL
	VALUES ("e64bc2d4-4167-4671-9ebe-33d482b93358",
	1,
	0,
	20,
	4,
	9,
	0,
	0,
	0,
	0,
	"ba5eda7a-def5-0000-0000-000000000002",
	"f08d8000-3056-4b89-b173-8f6a2a6b3339");
INSERT INTO V_TVL
	VALUES ("e64bc2d4-4167-4671-9ebe-33d482b93358",
	"1a5f8a76-18b3-4802-affe-46f00ca79865");
INSERT INTO V_VAL
	VALUES ("bd507c83-1ed5-4bf0-84af-69fc5207575a",
	0,
	0,
	20,
	13,
	18,
	0,
	0,
	0,
	0,
	"ba5eda7a-def5-0000-0000-000000000002",
	"f08d8000-3056-4b89-b173-8f6a2a6b3339");
INSERT INTO V_TVL
	VALUES ("bd507c83-1ed5-4bf0-84af-69fc5207575a",
	"1a5f8a76-18b3-4802-affe-46f00ca79865");
INSERT INTO V_VAL
	VALUES ("c0c65969-c1de-4824-89c9-6a7afa2b069b",
	0,
	0,
	20,
	13,
	22,
	0,
	0,
	0,
	0,
	"ba5eda7a-def5-0000-0000-000000000002",
	"f08d8000-3056-4b89-b173-8f6a2a6b3339");
INSERT INTO V_BIN
	VALUES ("c0c65969-c1de-4824-89c9-6a7afa2b069b",
	"fc11613e-db75-44ba-b1e1-65ce4e7b77cf",
	"bd507c83-1ed5-4bf0-84af-69fc5207575a",
	'+');
INSERT INTO V_VAL
	VALUES ("fc11613e-db75-44ba-b1e1-65ce4e7b77cf",
	0,
	0,
	20,
	22,
	22,
	0,
	0,
	0,
	0,
	"ba5eda7a-def5-0000-0000-000000000002",
	"f08d8000-3056-4b89-b173-8f6a2a6b3339");
INSERT INTO V_LIN
	VALUES ("fc11613e-db75-44ba-b1e1-65ce4e7b77cf",
	'1');
INSERT INTO V_VAR
	VALUES ("cd1576e7-e49d-44d6-bf57-439800514d60",
	"f08d8000-3056-4b89-b173-8f6a2a6b3339",
	'liefDevice',
	1,
	"ba5eda7a-def5-0000-0000-000000000008");
INSERT INTO V_INT
	VALUES ("cd1576e7-e49d-44d6-bf57-439800514d60",
	0,
	"6938f8d7-0f9f-4032-9df0-e37f086ea344");
INSERT INTO PE_PE
	VALUES ("ecb0afbe-03cc-434e-8afe-8a0a7a881907",
	1,
	"db4cdfa6-8291-4127-a852-8c38adeced09",
	"00000000-0000-0000-0000-000000000000",
	1);
INSERT INTO S_SYNC
	VALUES ("ecb0afbe-03cc-434e-8afe-8a0a7a881907",
	"00000000-0000-0000-0000-000000000000",
	'ClearInstances',
	'',
	'SELECT MANY teSet FROM INSTANCES OF TE;
FOR EACH te IN teSet
	SELECT MANY meSet RELATED BY te->ME[R1.''child''];
	FOR EACH me IN meSet
		SELECT MANY ldSet RELATED BY me->LD[R2.''measurement''];
		FOR EACH ld IN ldSet
			UNRELATE ld FROM me ACROSS R2;
			DELETE OBJECT INSTANCE ld;
		END FOR;
		UNRELATE te FROM me ACROSS R1;
		DELETE OBJECT INSTANCE me;
	END FOR;
	DELETE OBJECT INSTANCE te;
END FOR;
',
	"ba5eda7a-def5-0000-0000-000000000000",
	1,
	'',
	0,
	4);
INSERT INTO ACT_FNB
	VALUES ("ba31bffc-3c83-478f-aa67-9395ee5b0673",
	"ecb0afbe-03cc-434e-8afe-8a0a7a881907");
INSERT INTO ACT_ACT
	VALUES ("ba31bffc-3c83-478f-aa67-9395ee5b0673",
	'function',
	0,
	"47c04bba-bf63-4c77-b06e-13dc46ca4311",
	"00000000-0000-0000-0000-000000000000",
	0,
	'ClearInstances',
	"00000000-0000-0000-0000-000000000000");
INSERT INTO ACT_BLK
	VALUES ("47c04bba-bf63-4c77-b06e-13dc46ca4311",
	1,
	0,
	0,
	'',
	'',
	'',
	2,
	1,
	1,
	37,
	0,
	0,
	0,
	0,
	0,
	0,
	0,
	0,
	0,
	"ba31bffc-3c83-478f-aa67-9395ee5b0673",
	"00000000-0000-0000-0000-000000000000");
INSERT INTO ACT_SMT
	VALUES ("1acfeec8-5aa4-4c8b-96b5-d44ee7420bac",
	"47c04bba-bf63-4c77-b06e-13dc46ca4311",
	"f1f130eb-f8bc-456c-84f4-bbbd30fd0751",
	1,
	1,
	'ClearInstances line: 1');
INSERT INTO ACT_FIO
	VALUES ("1acfeec8-5aa4-4c8b-96b5-d44ee7420bac",
	"2f0e1851-f436-4ce3-8e60-8fcea3fa45c0",
	1,
	'many',
	"259f4456-9ac2-41c5-add3-a05dd80d0c57",
	1,
	37);
INSERT INTO ACT_SMT
	VALUES ("f1f130eb-f8bc-456c-84f4-bbbd30fd0751",
	"47c04bba-bf63-4c77-b06e-13dc46ca4311",
	"00000000-0000-0000-0000-000000000000",
	2,
	1,
	'ClearInstances line: 2');
INSERT INTO ACT_FOR
	VALUES ("f1f130eb-f8bc-456c-84f4-bbbd30fd0751",
	"624fa77d-618f-441a-abd8-d82a46b11741",
	1,
	"9c21a27c-2f7e-4fb1-afb7-f55b07f67141",
	"2f0e1851-f436-4ce3-8e60-8fcea3fa45c0",
	"259f4456-9ac2-41c5-add3-a05dd80d0c57");
INSERT INTO V_VAR
	VALUES ("2f0e1851-f436-4ce3-8e60-8fcea3fa45c0",
	"47c04bba-bf63-4c77-b06e-13dc46ca4311",
	'teSet',
	1,
	"ba5eda7a-def5-0000-0000-000000000009");
INSERT INTO V_INS
	VALUES ("2f0e1851-f436-4ce3-8e60-8fcea3fa45c0",
	"259f4456-9ac2-41c5-add3-a05dd80d0c57");
INSERT INTO V_VAR
	VALUES ("9c21a27c-2f7e-4fb1-afb7-f55b07f67141",
	"47c04bba-bf63-4c77-b06e-13dc46ca4311",
	'te',
	1,
	"ba5eda7a-def5-0000-0000-000000000008");
INSERT INTO V_INT
	VALUES ("9c21a27c-2f7e-4fb1-afb7-f55b07f67141",
	1,
	"259f4456-9ac2-41c5-add3-a05dd80d0c57");
INSERT INTO ACT_BLK
	VALUES ("624fa77d-618f-441a-abd8-d82a46b11741",
	1,
	0,
	0,
	'',
	'',
	'',
	13,
	2,
	3,
	35,
	0,
	0,
	3,
	38,
	3,
	41,
	0,
	0,
	0,
	"ba31bffc-3c83-478f-aa67-9395ee5b0673",
	"00000000-0000-0000-0000-000000000000");
INSERT INTO ACT_SMT
	VALUES ("2afab4ec-8d0c-4c76-a6df-2d45ae3897bc",
	"624fa77d-618f-441a-abd8-d82a46b11741",
	"003c5cdf-298e-4289-851b-d86f9a6a109d",
	3,
	2,
	'ClearInstances line: 3');
INSERT INTO ACT_SEL
	VALUES ("2afab4ec-8d0c-4c76-a6df-2d45ae3897bc",
	"2c3a9c08-e195-4ab9-87f9-794068ad3b19",
	1,
	'many',
	"47eaee80-85ba-491c-a5d6-88e581e0e4d1");
INSERT INTO ACT_SR
	VALUES ("2afab4ec-8d0c-4c76-a6df-2d45ae3897bc");
INSERT INTO ACT_LNK
	VALUES ("a8beb2a6-f1fb-4c44-abfb-5da1da6b663d",
	'''child''',
	"2afab4ec-8d0c-4c76-a6df-2d45ae3897bc",
	"8e1cea38-b096-4259-8672-caf261f34182",
	"00000000-0000-0000-0000-000000000000",
	2,
	"b9d246e2-2ced-4679-9c21-c885d2a20b6e",
	3,
	35,
	3,
	38,
	3,
	41);
INSERT INTO ACT_SMT
	VALUES ("003c5cdf-298e-4289-851b-d86f9a6a109d",
	"624fa77d-618f-441a-abd8-d82a46b11741",
	"2ca4b985-b382-4463-af26-13cb68771e32",
	4,
	2,
	'ClearInstances line: 4');
INSERT INTO ACT_FOR
	VALUES ("003c5cdf-298e-4289-851b-d86f9a6a109d",
	"02e2efb7-9419-4a1d-bc30-d81c5b9866e0",
	1,
	"b9540f5d-2771-4a34-b42a-ec63244e4a8f",
	"2c3a9c08-e195-4ab9-87f9-794068ad3b19",
	"b9d246e2-2ced-4679-9c21-c885d2a20b6e");
INSERT INTO ACT_SMT
	VALUES ("2ca4b985-b382-4463-af26-13cb68771e32",
	"624fa77d-618f-441a-abd8-d82a46b11741",
	"00000000-0000-0000-0000-000000000000",
	13,
	2,
	'ClearInstances line: 13');
INSERT INTO ACT_DEL
	VALUES ("2ca4b985-b382-4463-af26-13cb68771e32",
	"9c21a27c-2f7e-4fb1-afb7-f55b07f67141");
INSERT INTO V_VAL
	VALUES ("47eaee80-85ba-491c-a5d6-88e581e0e4d1",
	0,
	0,
	3,
	31,
	32,
	0,
	0,
	0,
	0,
	"ba5eda7a-def5-0000-0000-000000000008",
	"624fa77d-618f-441a-abd8-d82a46b11741");
INSERT INTO V_IRF
	VALUES ("47eaee80-85ba-491c-a5d6-88e581e0e4d1",
	"9c21a27c-2f7e-4fb1-afb7-f55b07f67141");
INSERT INTO V_VAR
	VALUES ("2c3a9c08-e195-4ab9-87f9-794068ad3b19",
	"624fa77d-618f-441a-abd8-d82a46b11741",
	'meSet',
	1,
	"ba5eda7a-def5-0000-0000-000000000009");
INSERT INTO V_INS
	VALUES ("2c3a9c08-e195-4ab9-87f9-794068ad3b19",
	"b9d246e2-2ced-4679-9c21-c885d2a20b6e");
INSERT INTO V_VAR
	VALUES ("b9540f5d-2771-4a34-b42a-ec63244e4a8f",
	"624fa77d-618f-441a-abd8-d82a46b11741",
	'me',
	1,
	"ba5eda7a-def5-0000-0000-000000000008");
INSERT INTO V_INT
	VALUES ("b9540f5d-2771-4a34-b42a-ec63244e4a8f",
	1,
	"b9d246e2-2ced-4679-9c21-c885d2a20b6e");
INSERT INTO ACT_BLK
	VALUES ("02e2efb7-9419-4a1d-bc30-d81c5b9866e0",
	1,
	0,
	0,
	'',
	'',
	'',
	11,
	3,
	5,
	36,
	0,
	0,
	10,
	30,
	5,
	42,
	0,
	0,
	0,
	"ba31bffc-3c83-478f-aa67-9395ee5b0673",
	"00000000-0000-0000-0000-000000000000");
INSERT INTO ACT_SMT
	VALUES ("9d966d65-299b-4a1a-b7cb-13fe66f24a5d",
	"02e2efb7-9419-4a1d-bc30-d81c5b9866e0",
	"354ff1b2-2380-4150-824a-c81f91004484",
	5,
	3,
	'ClearInstances line: 5');
INSERT INTO ACT_SEL
	VALUES ("9d966d65-299b-4a1a-b7cb-13fe66f24a5d",
	"a08996cf-aae8-4db4-b355-1e4a8eca729a",
	1,
	'many',
	"eae12615-16e1-4fdc-8c03-71eacc63b43a");
INSERT INTO ACT_SR
	VALUES ("9d966d65-299b-4a1a-b7cb-13fe66f24a5d");
INSERT INTO ACT_LNK
	VALUES ("154763b1-96d4-49c2-a30a-aa45e1641e75",
	'''measurement''',
	"9d966d65-299b-4a1a-b7cb-13fe66f24a5d",
	"ef598959-eb6f-4b6f-b66d-c43035833a57",
	"00000000-0000-0000-0000-000000000000",
	2,
	"6938f8d7-0f9f-4032-9df0-e37f086ea344",
	5,
	36,
	5,
	39,
	5,
	42);
INSERT INTO ACT_SMT
	VALUES ("354ff1b2-2380-4150-824a-c81f91004484",
	"02e2efb7-9419-4a1d-bc30-d81c5b9866e0",
	"30bba066-ef7f-4b63-8b08-e14ed47fefce",
	6,
	3,
	'ClearInstances line: 6');
INSERT INTO ACT_FOR
	VALUES ("354ff1b2-2380-4150-824a-c81f91004484",
	"67548aee-932b-475d-bcc5-3f15d3b9e3b7",
	1,
	"d1fb979f-1b08-409d-88ee-0a8cb8ce269b",
	"a08996cf-aae8-4db4-b355-1e4a8eca729a",
	"6938f8d7-0f9f-4032-9df0-e37f086ea344");
INSERT INTO ACT_SMT
	VALUES ("30bba066-ef7f-4b63-8b08-e14ed47fefce",
	"02e2efb7-9419-4a1d-bc30-d81c5b9866e0",
	"2c30e37a-6358-4f2a-8f0c-bd7b27af9344",
	10,
	3,
	'ClearInstances line: 10');
INSERT INTO ACT_UNR
	VALUES ("30bba066-ef7f-4b63-8b08-e14ed47fefce",
	"9c21a27c-2f7e-4fb1-afb7-f55b07f67141",
	"b9540f5d-2771-4a34-b42a-ec63244e4a8f",
	'',
	"8e1cea38-b096-4259-8672-caf261f34182",
	10,
	30,
	0,
	0);
INSERT INTO ACT_SMT
	VALUES ("2c30e37a-6358-4f2a-8f0c-bd7b27af9344",
	"02e2efb7-9419-4a1d-bc30-d81c5b9866e0",
	"00000000-0000-0000-0000-000000000000",
	11,
	3,
	'ClearInstances line: 11');
INSERT INTO ACT_DEL
	VALUES ("2c30e37a-6358-4f2a-8f0c-bd7b27af9344",
	"b9540f5d-2771-4a34-b42a-ec63244e4a8f");
INSERT INTO V_VAL
	VALUES ("eae12615-16e1-4fdc-8c03-71eacc63b43a",
	0,
	0,
	5,
	32,
	33,
	0,
	0,
	0,
	0,
	"ba5eda7a-def5-0000-0000-000000000008",
	"02e2efb7-9419-4a1d-bc30-d81c5b9866e0");
INSERT INTO V_IRF
	VALUES ("eae12615-16e1-4fdc-8c03-71eacc63b43a",
	"b9540f5d-2771-4a34-b42a-ec63244e4a8f");
INSERT INTO V_VAR
	VALUES ("a08996cf-aae8-4db4-b355-1e4a8eca729a",
	"02e2efb7-9419-4a1d-bc30-d81c5b9866e0",
	'ldSet',
	1,
	"ba5eda7a-def5-0000-0000-000000000009");
INSERT INTO V_INS
	VALUES ("a08996cf-aae8-4db4-b355-1e4a8eca729a",
	"6938f8d7-0f9f-4032-9df0-e37f086ea344");
INSERT INTO V_VAR
	VALUES ("d1fb979f-1b08-409d-88ee-0a8cb8ce269b",
	"02e2efb7-9419-4a1d-bc30-d81c5b9866e0",
	'ld',
	1,
	"ba5eda7a-def5-0000-0000-000000000008");
INSERT INTO V_INT
	VALUES ("d1fb979f-1b08-409d-88ee-0a8cb8ce269b",
	1,
	"6938f8d7-0f9f-4032-9df0-e37f086ea344");
INSERT INTO ACT_BLK
	VALUES ("67548aee-932b-475d-bcc5-3f15d3b9e3b7",
	0,
	0,
	0,
	'',
	'',
	'',
	8,
	4,
	0,
	0,
	0,
	0,
	7,
	31,
	0,
	0,
	0,
	0,
	0,
	"ba31bffc-3c83-478f-aa67-9395ee5b0673",
	"00000000-0000-0000-0000-000000000000");
INSERT INTO ACT_SMT
	VALUES ("c11aecc6-699d-4b7a-af2e-d676701ee8b0",
	"67548aee-932b-475d-bcc5-3f15d3b9e3b7",
	"352cdd9b-f3ad-4076-b3f3-7be117a5d6a0",
	7,
	4,
	'ClearInstances line: 7');
INSERT INTO ACT_UNR
	VALUES ("c11aecc6-699d-4b7a-af2e-d676701ee8b0",
	"d1fb979f-1b08-409d-88ee-0a8cb8ce269b",
	"b9540f5d-2771-4a34-b42a-ec63244e4a8f",
	'',
	"ef598959-eb6f-4b6f-b66d-c43035833a57",
	7,
	31,
	0,
	0);
INSERT INTO ACT_SMT
	VALUES ("352cdd9b-f3ad-4076-b3f3-7be117a5d6a0",
	"67548aee-932b-475d-bcc5-3f15d3b9e3b7",
	"00000000-0000-0000-0000-000000000000",
	8,
	4,
	'ClearInstances line: 8');
INSERT INTO ACT_DEL
	VALUES ("352cdd9b-f3ad-4076-b3f3-7be117a5d6a0",
	"d1fb979f-1b08-409d-88ee-0a8cb8ce269b");
INSERT INTO PE_PE
	VALUES ("6f76f12b-4f86-43e7-9687-a3868207fda8",
	1,
	"db4cdfa6-8291-4127-a852-8c38adeced09",
	"00000000-0000-0000-0000-000000000000",
	1);
INSERT INTO S_SYNC
	VALUES ("6f76f12b-4f86-43e7-9687-a3868207fda8",
	"00000000-0000-0000-0000-000000000000",
	'TestExternalEntity',
	'',
	'text = "abc";
text_length = STR::len( expression:text );
',
	"ba5eda7a-def5-0000-0000-000000000000",
	1,
	'',
	0,
	5);
INSERT INTO ACT_FNB
	VALUES ("165ce780-3401-4fc6-976f-66c46fa6d39c",
	"6f76f12b-4f86-43e7-9687-a3868207fda8");
INSERT INTO ACT_ACT
	VALUES ("165ce780-3401-4fc6-976f-66c46fa6d39c",
	'function',
	0,
	"94201a5f-7051-494b-a7f1-fe538ae68578",
	"00000000-0000-0000-0000-000000000000",
	0,
	'TestExternalEntity',
	"00000000-0000-0000-0000-000000000000");
INSERT INTO ACT_BLK
	VALUES ("94201a5f-7051-494b-a7f1-fe538ae68578",
	0,
	0,
	0,
	'STR',
	'',
	'',
	2,
	1,
	2,
	15,
	0,
	0,
	0,
	0,
	0,
	0,
	0,
	0,
	0,
	"165ce780-3401-4fc6-976f-66c46fa6d39c",
	"00000000-0000-0000-0000-000000000000");
INSERT INTO ACT_SMT
	VALUES ("a8200f41-62b4-4236-8f4a-d30bcdd33039",
	"94201a5f-7051-494b-a7f1-fe538ae68578",
	"881915cf-0583-4ebd-80d2-10d283dbe8dc",
	1,
	1,
	'TestExternalEntity line: 1');
INSERT INTO ACT_AI
	VALUES ("a8200f41-62b4-4236-8f4a-d30bcdd33039",
	"36fdfd20-f902-4e6e-a314-124c73ff6bb7",
	"6f280647-9f07-420c-8efd-629e8d083c96",
	0,
	0);
INSERT INTO ACT_SMT
	VALUES ("881915cf-0583-4ebd-80d2-10d283dbe8dc",
	"94201a5f-7051-494b-a7f1-fe538ae68578",
	"00000000-0000-0000-0000-000000000000",
	2,
	1,
	'TestExternalEntity line: 2');
INSERT INTO ACT_AI
	VALUES ("881915cf-0583-4ebd-80d2-10d283dbe8dc",
	"72570aec-8901-4ccf-a770-2a9aaa7be716",
	"24a0b3da-1242-4cbc-b6a1-20918539fabe",
	0,
	0);
INSERT INTO V_VAL
	VALUES ("6f280647-9f07-420c-8efd-629e8d083c96",
	1,
	1,
	1,
	1,
	4,
	0,
	0,
	0,
	0,
	"ba5eda7a-def5-0000-0000-000000000004",
	"94201a5f-7051-494b-a7f1-fe538ae68578");
INSERT INTO V_TVL
	VALUES ("6f280647-9f07-420c-8efd-629e8d083c96",
	"41c16178-1366-4191-b867-d7edaec0dd52");
INSERT INTO V_VAL
	VALUES ("36fdfd20-f902-4e6e-a314-124c73ff6bb7",
	0,
	0,
	1,
	8,
	11,
	0,
	0,
	0,
	0,
	"ba5eda7a-def5-0000-0000-000000000004",
	"94201a5f-7051-494b-a7f1-fe538ae68578");
INSERT INTO V_LST
	VALUES ("36fdfd20-f902-4e6e-a314-124c73ff6bb7",
	'abc');
INSERT INTO V_VAL
	VALUES ("24a0b3da-1242-4cbc-b6a1-20918539fabe",
	1,
	1,
	2,
	1,
	11,
	0,
	0,
	0,
	0,
	"ba5eda7a-def5-0000-0000-000000000002",
	"94201a5f-7051-494b-a7f1-fe538ae68578");
INSERT INTO V_TVL
	VALUES ("24a0b3da-1242-4cbc-b6a1-20918539fabe",
	"a604c26d-e816-48f5-8eb7-6cb6ced591bc");
INSERT INTO V_VAL
	VALUES ("72570aec-8901-4ccf-a770-2a9aaa7be716",
	0,
	0,
	2,
	20,
	-1,
	2,
	25,
	0,
	0,
	"ba5eda7a-def5-0000-0000-000000000002",
	"94201a5f-7051-494b-a7f1-fe538ae68578");
INSERT INTO V_BRV
	VALUES ("72570aec-8901-4ccf-a770-2a9aaa7be716",
	"6d12732d-52ac-44be-8d79-9f4fc6f9f3e3",
	1,
	2,
	15);
INSERT INTO V_VAL
	VALUES ("da826097-63d6-4ef5-9538-77ff7185ea6d",
	0,
	0,
	2,
	36,
	39,
	0,
	0,
	0,
	0,
	"ba5eda7a-def5-0000-0000-000000000004",
	"94201a5f-7051-494b-a7f1-fe538ae68578");
INSERT INTO V_TVL
	VALUES ("da826097-63d6-4ef5-9538-77ff7185ea6d",
	"41c16178-1366-4191-b867-d7edaec0dd52");
INSERT INTO V_PAR
	VALUES ("da826097-63d6-4ef5-9538-77ff7185ea6d",
	"00000000-0000-0000-0000-000000000000",
	"72570aec-8901-4ccf-a770-2a9aaa7be716",
	'expression',
	"00000000-0000-0000-0000-000000000000",
	2,
	25);
INSERT INTO V_VAR
	VALUES ("41c16178-1366-4191-b867-d7edaec0dd52",
	"94201a5f-7051-494b-a7f1-fe538ae68578",
	'text',
	1,
	"ba5eda7a-def5-0000-0000-000000000004");
INSERT INTO V_TRN
	VALUES ("41c16178-1366-4191-b867-d7edaec0dd52",
	"00000000-0000-0000-0000-000000000000",
	'');
INSERT INTO V_VAR
	VALUES ("a604c26d-e816-48f5-8eb7-6cb6ced591bc",
	"94201a5f-7051-494b-a7f1-fe538ae68578",
	'text_length',
	1,
	"ba5eda7a-def5-0000-0000-000000000002");
INSERT INTO V_TRN
	VALUES ("a604c26d-e816-48f5-8eb7-6cb6ced591bc",
	"00000000-0000-0000-0000-000000000000",
	'');
INSERT INTO PE_PE
	VALUES ("ba5eda7a-def5-0000-0000-000000000000",
	1,
	"00000000-0000-0000-0000-000000000000",
	"00000000-0000-0000-0000-000000000000",
	3);
INSERT INTO S_DT
	VALUES ("ba5eda7a-def5-0000-0000-000000000000",
	"00000000-0000-0000-0000-000000000000",
	'void',
	'',
	'');
INSERT INTO S_CDT
	VALUES ("ba5eda7a-def5-0000-0000-000000000000",
	0);
INSERT INTO PE_PE
	VALUES ("ba5eda7a-def5-0000-0000-000000000001",
	1,
	"00000000-0000-0000-0000-000000000000",
	"00000000-0000-0000-0000-000000000000",
	3);
INSERT INTO S_DT
	VALUES ("ba5eda7a-def5-0000-0000-000000000001",
	"00000000-0000-0000-0000-000000000000",
	'boolean',
	'',
	'');
INSERT INTO S_CDT
	VALUES ("ba5eda7a-def5-0000-0000-000000000001",
	1);
INSERT INTO PE_PE
	VALUES ("ba5eda7a-def5-0000-0000-000000000002",
	1,
	"00000000-0000-0000-0000-000000000000",
	"00000000-0000-0000-0000-000000000000",
	3);
INSERT INTO S_DT
	VALUES ("ba5eda7a-def5-0000-0000-000000000002",
	"00000000-0000-0000-0000-000000000000",
	'integer',
	'',
	'');
INSERT INTO S_CDT
	VALUES ("ba5eda7a-def5-0000-0000-000000000002",
	2);
INSERT INTO PE_PE
	VALUES ("ba5eda7a-def5-0000-0000-000000000003",
	1,
	"00000000-0000-0000-0000-000000000000",
	"00000000-0000-0000-0000-000000000000",
	3);
INSERT INTO S_DT
	VALUES ("ba5eda7a-def5-0000-0000-000000000003",
	"00000000-0000-0000-0000-000000000000",
	'real',
	'',
	'');
INSERT INTO S_CDT
	VALUES ("ba5eda7a-def5-0000-0000-000000000003",
	3);
INSERT INTO PE_PE
	VALUES ("ba5eda7a-def5-0000-0000-000000000004",
	1,
	"00000000-0000-0000-0000-000000000000",
	"00000000-0000-0000-0000-000000000000",
	3);
INSERT INTO S_DT
	VALUES ("ba5eda7a-def5-0000-0000-000000000004",
	"00000000-0000-0000-0000-000000000000",
	'string',
	'',
	'');
INSERT INTO S_CDT
	VALUES ("ba5eda7a-def5-0000-0000-000000000004",
	4);
INSERT INTO PE_PE
	VALUES ("ba5eda7a-def5-0000-0000-000000000005",
	1,
	"00000000-0000-0000-0000-000000000000",
	"00000000-0000-0000-0000-000000000000",
	3);
INSERT INTO S_DT
	VALUES ("ba5eda7a-def5-0000-0000-000000000005",
	"00000000-0000-0000-0000-000000000000",
	'unique_id',
	'',
	'');
INSERT INTO S_CDT
	VALUES ("ba5eda7a-def5-0000-0000-000000000005",
	5);
INSERT INTO PE_PE
	VALUES ("ba5eda7a-def5-0000-0000-000000000006",
	1,
	"00000000-0000-0000-0000-000000000000",
	"00000000-0000-0000-0000-000000000000",
	3);
INSERT INTO S_DT
	VALUES ("ba5eda7a-def5-0000-0000-000000000006",
	"00000000-0000-0000-0000-000000000000",
	'state<State_Model>',
	'',
	'');
INSERT INTO S_CDT
	VALUES ("ba5eda7a-def5-0000-0000-000000000006",
	6);
INSERT INTO PE_PE
	VALUES ("ba5eda7a-def5-0000-0000-000000000007",
	1,
	"00000000-0000-0000-0000-000000000000",
	"00000000-0000-0000-0000-000000000000",
	3);
INSERT INTO S_DT
	VALUES ("ba5eda7a-def5-0000-0000-000000000007",
	"00000000-0000-0000-0000-000000000000",
	'same_as<Base_Attribute>',
	'',
	'');
INSERT INTO S_CDT
	VALUES ("ba5eda7a-def5-0000-0000-000000000007",
	7);
INSERT INTO PE_PE
	VALUES ("ba5eda7a-def5-0000-0000-000000000008",
	1,
	"00000000-0000-0000-0000-000000000000",
	"00000000-0000-0000-0000-000000000000",
	3);
INSERT INTO S_DT
	VALUES ("ba5eda7a-def5-0000-0000-000000000008",
	"00000000-0000-0000-0000-000000000000",
	'inst_ref<Object>',
	'',
	'');
INSERT INTO S_CDT
	VALUES ("ba5eda7a-def5-0000-0000-000000000008",
	8);
INSERT INTO PE_PE
	VALUES ("ba5eda7a-def5-0000-0000-000000000009",
	1,
	"00000000-0000-0000-0000-000000000000",
	"00000000-0000-0000-0000-000000000000",
	3);
INSERT INTO S_DT
	VALUES ("ba5eda7a-def5-0000-0000-000000000009",
	"00000000-0000-0000-0000-000000000000",
	'inst_ref_set<Object>',
	'',
	'');
INSERT INTO S_CDT
	VALUES ("ba5eda7a-def5-0000-0000-000000000009",
	9);
INSERT INTO PE_PE
	VALUES ("ba5eda7a-def5-0000-0000-00000000000a",
	1,
	"00000000-0000-0000-0000-000000000000",
	"00000000-0000-0000-0000-000000000000",
	3);
INSERT INTO S_DT
	VALUES ("ba5eda7a-def5-0000-0000-00000000000a",
	"00000000-0000-0000-0000-000000000000",
	'inst<Event>',
	'',
	'');
INSERT INTO S_CDT
	VALUES ("ba5eda7a-def5-0000-0000-00000000000a",
	10);
INSERT INTO PE_PE
	VALUES ("ba5eda7a-def5-0000-0000-00000000000b",
	1,
	"00000000-0000-0000-0000-000000000000",
	"00000000-0000-0000-0000-000000000000",
	3);
INSERT INTO S_DT
	VALUES ("ba5eda7a-def5-0000-0000-00000000000b",
	"00000000-0000-0000-0000-000000000000",
	'inst<Mapping>',
	'',
	'');
INSERT INTO S_CDT
	VALUES ("ba5eda7a-def5-0000-0000-00000000000b",
	11);
INSERT INTO PE_PE
	VALUES ("ba5eda7a-def5-0000-0000-00000000000c",
	1,
	"00000000-0000-0000-0000-000000000000",
	"00000000-0000-0000-0000-000000000000",
	3);
INSERT INTO S_DT
	VALUES ("ba5eda7a-def5-0000-0000-00000000000c",
	"00000000-0000-0000-0000-000000000000",
	'inst_ref<Mapping>',
	'',
	'');
INSERT INTO S_CDT
	VALUES ("ba5eda7a-def5-0000-0000-00000000000c",
	12);
INSERT INTO PE_PE
	VALUES ("ba5eda7a-def5-0000-0000-00000000000d",
	1,
	"00000000-0000-0000-0000-000000000000",
	"00000000-0000-0000-0000-000000000000",
	3);
INSERT INTO S_DT
	VALUES ("ba5eda7a-def5-0000-0000-00000000000d",
	"00000000-0000-0000-0000-000000000000",
	'component_ref',
	'',
	'');
INSERT INTO S_CDT
	VALUES ("ba5eda7a-def5-0000-0000-00000000000d",
	13);
INSERT INTO PE_PE
	VALUES ("ba5eda7a-def5-0000-0000-00000000000e",
	1,
	"00000000-0000-0000-0000-000000000000",
	"00000000-0000-0000-0000-000000000000",
	3);
INSERT INTO S_DT
	VALUES ("ba5eda7a-def5-0000-0000-00000000000e",
	"00000000-0000-0000-0000-000000000000",
	'date',
	'',
	'');
INSERT INTO S_UDT
	VALUES ("ba5eda7a-def5-0000-0000-00000000000e",
	"ba5eda7a-def5-0000-0000-00000000000b",
	1,
	'');
INSERT INTO PE_PE
	VALUES ("ba5eda7a-def5-0000-0000-00000000000f",
	1,
	"00000000-0000-0000-0000-000000000000",
	"00000000-0000-0000-0000-000000000000",
	3);
INSERT INTO S_DT
	VALUES ("ba5eda7a-def5-0000-0000-00000000000f",
	"00000000-0000-0000-0000-000000000000",
	'inst_ref<Timer>',
	'',
	'');
INSERT INTO S_UDT
	VALUES ("ba5eda7a-def5-0000-0000-00000000000f",
	"ba5eda7a-def5-0000-0000-00000000000c",
	3,
	'');
INSERT INTO PE_PE
	VALUES ("ba5eda7a-def5-0000-0000-000000000010",
	1,
	"00000000-0000-0000-0000-000000000000",
	"00000000-0000-0000-0000-000000000000",
	3);
INSERT INTO S_DT
	VALUES ("ba5eda7a-def5-0000-0000-000000000010",
	"00000000-0000-0000-0000-000000000000",
	'timestamp',
	'',
	'');
INSERT INTO S_UDT
	VALUES ("ba5eda7a-def5-0000-0000-000000000010",
	"ba5eda7a-def5-0000-0000-000000000002",
	2,
	'');
